Category,name,mrp,discountPercent,availableQuantity,discountedSellingPrice,weightInGms,outOfStock,quantity,weight,total inventory weight
Cooking Essentials,Borges Extra Light Olive Oil Bottle ,26,46,6,13.99,2000,FALSE,2,medium,12000
Munchies,Borges Extra Light Olive Oil Bottle ,26,46,6,13.99,2000,FALSE,2,medium,12000
Personal Care,Pampers Pants - Large,15.49,45,3,8.49,82,FALSE,82,low,246
Paan Corner,Pampers Pants - Large,15.49,45,3,8.49,82,FALSE,82,low,246
Cooking Essentials,Praakritik Natural Desi Gir Cow A2 Ghee,14.5,10,6,13.05,540,FALSE,540,low,3240
Munchies,Praakritik Natural Desi Gir Cow A2 Ghee,14.5,10,6,13.05,540,FALSE,540,low,3240
Cooking Essentials,Dhara Kachi Ghani Mustard Oil Jar,12.5,8,6,11.43,5000,FALSE,5,bulk,30000
Munchies,Dhara Kachi Ghani Mustard Oil Jar,12.5,8,6,11.43,5000,FALSE,5,bulk,30000
Cooking Essentials,Saffola Gold (Jar),12.4,0,6,12.4,5000,FALSE,5,bulk,30000
Munchies,Saffola Gold (Jar),12.4,0,6,12.4,5000,FALSE,5,bulk,30000
Cooking Essentials,Dhara Health Refined Sun Flower Oil Jar,12,18,6,9.84,5000,FALSE,5,bulk,30000
Munchies,Dhara Health Refined Sun Flower Oil Jar,12,18,6,9.84,5000,FALSE,5,bulk,30000
Personal Care,Pampers Active Baby Diapers New Born Extra Small ,10.99,22,3,8.49,72,FALSE,72,low,216
Paan Corner,Pampers Active Baby Diapers New Born Extra Small ,10.99,22,3,8.49,72,FALSE,72,low,216
Personal Care,Pampers Premium Care Pants - Large,10.99,18,2,8.99,44,FALSE,44,low,88
Paan Corner,Pampers Premium Care Pants - Large,10.99,18,2,8.99,44,FALSE,44,low,88
Personal Care,Pampers Premium Care Pants - Medium,10.99,18,6,8.99,54,FALSE,54,low,324
Paan Corner,Pampers Premium Care Pants - Medium,10.99,18,6,8.99,54,FALSE,54,low,324
Cooking Essentials,Dhara Filtered Groundnut Oil (Jar),10.5,1,6,10.35,5000,FALSE,5,bulk,30000
Cooking Essentials,Dhara Filtered Groundnut Oil (Jar),10.5,0,2,10.5,5000,FALSE,5,bulk,10000
Munchies,Dhara Filtered Groundnut Oil (Jar),10.5,1,6,10.35,5000,FALSE,5,bulk,30000
Munchies,Dhara Filtered Groundnut Oil (Jar),10.5,0,2,10.5,5000,FALSE,5,bulk,10000
Cooking Essentials,Fortune Rice Bran Health Oil (Jar),10.5,1,6,10.39,5000,FALSE,5,bulk,30000
Munchies,Fortune Rice Bran Health Oil (Jar),10.5,1,6,10.39,5000,FALSE,5,bulk,30000
Cooking Essentials,Fortune Soyabean Oil,10.05,0,6,9.99,5000,FALSE,5,bulk,30000
Munchies,Fortune Soyabean Oil,10.05,0,6,9.99,5000,FALSE,5,bulk,30000
Cooking Essentials,Fortune Sunlite Refined Sunflower (Jar),9.25,0,6,9.25,5000,FALSE,5,bulk,30000
Munchies,Fortune Sunlite Refined Sunflower (Jar),9.25,0,6,9.25,5000,FALSE,5,bulk,30000
Home & Cleaning,Surf Excel Matic Powder Front Load ,8.1,7,2,7.5,4000,FALSE,4,medium,8000
Home & Cleaning,Ariel Matic Front Load Detergent Washing Powder,8,15,6,6.8,3000,FALSE,3,medium,18000
Home & Cleaning,Surf Excel Matic Top Load,7.2,9,4,6.49,4000,FALSE,4,medium,16000
Home & Cleaning,Scotch Brite Multi-Purpose Sponge Wipes,7,17,6,5.81,580,FALSE,10,low,3480
Cooking Essentials,Super Saver Kolam Rice Sortex Clean ,7,10,3,6.3,5000,FALSE,5,bulk,15000
Munchies,Super Saver Kolam Rice Sortex Clean ,7,10,3,6.3,5000,FALSE,5,bulk,15000
Personal Care,Pampers All Round Protection Pants - Medium,6.99,17,6,5.75,50,FALSE,50,low,300
Paan Corner,Pampers All Round Protection Pants - Medium,6.99,17,6,5.75,50,FALSE,50,low,300
Personal Care,Pampers Pants - Medium,6.99,21,1,5.49,50,FALSE,50,low,50
Paan Corner,Pampers Pants - Medium,6.99,21,1,5.49,50,FALSE,50,low,50
Cooking Essentials,Popular Essentials Californian Almond,6.95,32,6,4.7,500,FALSE,500,low,3000
Munchies,Popular Essentials Californian Almond,6.95,32,6,4.7,500,FALSE,500,low,3000
Packaged Food,Pedigree Puppy Dry Dog Food Food Chicken & Milk,6.9,6,2,6.48,3000,FALSE,3,medium,6000
Ice Cream & Desserts,Pedigree Puppy Dry Dog Food Food Chicken & Milk,6.9,6,2,6.48,3000,FALSE,3,medium,6000
Chocolates & Candies,Pedigree Puppy Dry Dog Food Food Chicken & Milk,6.9,6,2,6.48,3000,FALSE,3,medium,6000
Packaged Food,Kelloggs Chocos - Moons & Stars,6.6,40,4,3.96,1200,FALSE,1,medium,4800
Ice Cream & Desserts,Kelloggs Chocos - Moons & Stars,6.6,40,4,3.96,1200,FALSE,1,medium,4800
Chocolates & Candies,Kelloggs Chocos - Moons & Stars,6.6,40,4,3.96,1200,FALSE,1,medium,4800
Packaged Food,Pedigree Dog Food Adult Chicken & Veg,6.6,10,1,5.94,3000,FALSE,3,medium,3000
Ice Cream & Desserts,Pedigree Dog Food Adult Chicken & Veg,6.6,10,1,5.94,3000,FALSE,3,medium,3000
Chocolates & Candies,Pedigree Dog Food Adult Chicken & Veg,6.6,10,1,5.94,3000,FALSE,3,medium,3000
Packaged Food,Pedigree Dog Food Adult Meat & Rice,6.6,7,2,6.08,3000,FALSE,3,medium,6000
Ice Cream & Desserts,Pedigree Dog Food Adult Meat & Rice,6.6,7,2,6.08,3000,FALSE,3,medium,6000
Chocolates & Candies,Pedigree Dog Food Adult Meat & Rice,6.6,7,2,6.08,3000,FALSE,3,medium,6000
Home & Cleaning,Lizol Double Concentrate Disinfectant Floor Cleaner Citrus,6.5,8,6,5.98,1900,FALSE,1,medium,11400
Packaged Food,Nestle Nestle Nan Pro Follow-Up Formula,6.5,0,6,6.5,400,FALSE,400,low,2400
Ice Cream & Desserts,Nestle Nestle Nan Pro Follow-Up Formula,6.5,0,6,6.5,400,FALSE,400,low,2400
Chocolates & Candies,Nestle Nestle Nan Pro Follow-Up Formula,6.5,0,6,6.5,400,FALSE,400,low,2400
Personal Care,Gillette Mach 3 Turbo Cartridges,6.49,10,6,5.78,232,FALSE,4,low,1392
Paan Corner,Gillette Mach 3 Turbo Cartridges,6.49,10,6,5.78,232,FALSE,4,low,1392
Personal Care,Dove Daily Shine Shampoo,6.45,5,3,6.12,650,FALSE,650,low,1950
Paan Corner,Dove Daily Shine Shampoo,6.45,5,3,6.12,650,FALSE,650,low,1950
Personal Care,"L'Oreal Paris Excellence Creme Hair Color, 1 Black",6.2,0,1,6.2,172,FALSE,172,low,172
Paan Corner,"L'Oreal Paris Excellence Creme Hair Color, 1 Black",6.2,0,1,6.2,172,FALSE,172,low,172
Personal Care,"L'Oreal Paris Excellence Creme Hair Color, 3 Dark Brown/Natural Darkest Brown",6.2,0,6,6.2,172,FALSE,172,low,1032
Paan Corner,"L'Oreal Paris Excellence Creme Hair Color, 3 Dark Brown/Natural Darkest Brown",6.2,0,6,6.2,172,FALSE,172,low,1032
Personal Care,"L'Oreal Paris Excellence Creme Hair Color, 4 Natural Brown/Natural Dark Brown",6.2,0,1,6.2,172,FALSE,172,low,172
Paan Corner,"L'Oreal Paris Excellence Creme Hair Color, 4 Natural Brown/Natural Dark Brown",6.2,0,1,6.2,172,FALSE,172,low,172
Personal Care,"L'Oreal Paris Excellence Creme Hair Color, 4.25 Aishwarya's Brown",6.2,0,6,6.2,172,FALSE,172,low,1032
Paan Corner,"L'Oreal Paris Excellence Creme Hair Color, 4.25 Aishwarya's Brown",6.2,0,6,6.2,172,FALSE,172,low,1032
Packaged Food,Nestle Nan Pro 4 Follow Up Formula Powder For Older Infants ,6.2,0,1,6.2,400,FALSE,400,low,400
Ice Cream & Desserts,Nestle Nan Pro 4 Follow Up Formula Powder For Older Infants ,6.2,0,1,6.2,400,FALSE,400,low,400
Chocolates & Candies,Nestle Nan Pro 4 Follow Up Formula Powder For Older Infants ,6.2,0,1,6.2,400,FALSE,400,low,400
Packaged Food,Pediasure Premium Chocolate Powdered Health Drink,6.1,0,2,6.1,400,FALSE,400,low,800
Ice Cream & Desserts,Pediasure Premium Chocolate Powdered Health Drink,6.1,0,2,6.1,400,FALSE,400,low,800
Chocolates & Candies,Pediasure Premium Chocolate Powdered Health Drink,6.1,0,2,6.1,400,FALSE,400,low,800
Personal Care,Sebamed Anti - Dandruff Shampoo,6,10,2,5.4,200,FALSE,200,low,400
Paan Corner,Sebamed Anti - Dandruff Shampoo,6,10,2,5.4,200,FALSE,200,low,400
Home & Cleaning,Surf Excel Quick Wash,6,8,1,5.49,4000,FALSE,4,medium,4000
Personal Care,Mamaearth Skin Correct Face Serum,5.99,15,1,5.09,30,FALSE,30,low,30
Paan Corner,Mamaearth Skin Correct Face Serum,5.99,15,1,5.09,30,FALSE,30,low,30
Cooking Essentials,Gowardhan Ghee Jar,5.98,3,6,5.79,1000,FALSE,1,low,6000
Munchies,Gowardhan Ghee Jar,5.98,3,6,5.79,1000,FALSE,1,low,6000
Packaged Food,Bagrry's Fruit Fibre Muesli Mixed Fruit ,5.95,0,5,5.95,1000,FALSE,1,low,5000
Ice Cream & Desserts,Bagrry's Fruit Fibre Muesli Mixed Fruit ,5.95,0,5,5.95,1000,FALSE,1,low,5000
Chocolates & Candies,Bagrry's Fruit Fibre Muesli Mixed Fruit ,5.95,0,5,5.95,1000,FALSE,1,low,5000
Packaged Food,Bagrrys Fruit N Fibre Muesli - Strawberry,5.95,0,1,5.95,1000,FALSE,1,low,1000
Ice Cream & Desserts,Bagrrys Fruit N Fibre Muesli - Strawberry,5.95,0,1,5.95,1000,FALSE,1,low,1000
Chocolates & Candies,Bagrrys Fruit N Fibre Muesli - Strawberry,5.95,0,1,5.95,1000,FALSE,1,low,1000
Packaged Food,Organic India Apple Cider Vinegar,5.95,9,2,5.36,500,FALSE,500,low,1000
Ice Cream & Desserts,Organic India Apple Cider Vinegar,5.95,9,2,5.36,500,FALSE,500,low,1000
Chocolates & Candies,Organic India Apple Cider Vinegar,5.95,9,2,5.36,500,FALSE,500,low,1000
Cooking Essentials,Fortune Rozana Basmati Rice,5.85,21,6,4.62,5000,FALSE,5,bulk,30000
Munchies,Fortune Rozana Basmati Rice,5.85,21,6,4.62,5000,FALSE,5,bulk,30000
Cooking Essentials,Gowardhan Cow Ghee Pouch,5.79,10,6,5.21,1000,FALSE,1,low,6000
Munchies,Gowardhan Cow Ghee Pouch,5.79,10,6,5.21,1000,FALSE,1,low,6000
Cooking Essentials,Patanjali Cow's Ghee,5.65,0,0,5.65,1000,TRUE,1,low,0
Munchies,Patanjali Cow's Ghee,5.65,0,0,5.65,1000,TRUE,1,low,0
Personal Care,Sunsilk Lusciously Thick & Long Shampoo,5.55,6,6,5.21,650,FALSE,650,low,3900
Paan Corner,Sunsilk Lusciously Thick & Long Shampoo,5.55,6,6,5.21,650,FALSE,650,low,3900
Personal Care,Sunsilk Stunning Black Shine Shampoo,5.55,6,6,5.21,650,FALSE,650,low,3900
Paan Corner,Sunsilk Stunning Black Shine Shampoo,5.55,6,6,5.21,650,FALSE,650,low,3900
Personal Care,Whisper Ultra Soft XL+ Sanitary Pads,5.55,0,1,5.55,60,FALSE,60,low,60
Paan Corner,Whisper Ultra Soft XL+ Sanitary Pads,5.55,0,1,5.55,60,FALSE,60,low,60
Health & Hygiene,Whisper Ultra Soft XL+ Sanitary Pads,5.55,0,1,5.55,60,FALSE,60,low,60
Packaged Food,Kellogg's Real Almond & Honey Corn Flakes,5.5,5,3,5.2,1000,FALSE,1,low,3000
Ice Cream & Desserts,Kellogg's Real Almond & Honey Corn Flakes,5.5,5,3,5.2,1000,FALSE,1,low,3000
Chocolates & Candies,Kellogg's Real Almond & Honey Corn Flakes,5.5,5,3,5.2,1000,FALSE,1,low,3000
Personal Care,L'Oreal Casting Creme Ebony Black Hair Color,5.5,0,6,5.5,159,FALSE,87,low,954
Paan Corner,L'Oreal Casting Creme Ebony Black Hair Color,5.5,0,6,5.5,159,FALSE,87,low,954
Personal Care,L'Oreal Paris Casting Creme Gloss Hair Color (Dark Brown 400),5.5,0,4,5.5,159,FALSE,159,low,636
Paan Corner,L'Oreal Paris Casting Creme Gloss Hair Color (Dark Brown 400),5.5,0,4,5.5,159,FALSE,159,low,636
Personal Care,"L'Oreal Paris Casting Creme Gloss Hair Color, Medium Brown 500",5.5,0,4,5.5,160,FALSE,159,low,640
Paan Corner,"L'Oreal Paris Casting Creme Gloss Hair Color, Medium Brown 500",5.5,0,4,5.5,160,FALSE,159,low,640
Personal Care,"L'Oreal Paris Excellence Creme Hair Color, 3.16 Burgundy",5.5,0,3,5.5,159,FALSE,172,low,477
Paan Corner,"L'Oreal Paris Excellence Creme Hair Color, 3.16 Burgundy",5.5,0,3,5.5,159,FALSE,172,low,477
Personal Care,L'Oreal Paris Shine Masque Royal Jelly Hair Colour,5.5,0,3,5.5,88,FALSE,87,low,264
Paan Corner,L'Oreal Paris Shine Masque Royal Jelly Hair Colour,5.5,0,3,5.5,88,FALSE,87,low,264
Cooking Essentials,Delight Nuts Dried Blueberries ,5.4,20,6,4.32,150,FALSE,150,low,900
Munchies,Delight Nuts Dried Blueberries ,5.4,20,6,4.32,150,FALSE,150,low,900
Home & Cleaning,Surf Excel Matic Front Load Detergent Powder,5.3,4,6,5.07,2000,FALSE,2,medium,12000
Cooking Essentials,Amul Ghee (Tin),5.2,2,6,5.09,1000,FALSE,1,low,6000
Munchies,Amul Ghee (Tin),5.2,2,6,5.09,1000,FALSE,1,low,6000
"Meats, Fish & Eggs",Fresh Mutton Mince - Kheema (Halal),5.15,3,1,4.95,500,FALSE,500,low,500
Cooking Essentials,Amul Pure Ghee (Pouch),5.05,1,2,4.99,1000,FALSE,1,low,2000
Munchies,Amul Pure Ghee (Pouch),5.05,1,2,4.99,1000,FALSE,1,low,2000
Home & Cleaning,Ariel Matic Top Load Detergent Washing Powder,4.99,0,1,4.99,2000,FALSE,2,medium,2000
Packaged Food,Bagrrys Fruit and Nut Muesli with Cranberries,4.99,0,5,4.99,750,FALSE,750,low,3750
Ice Cream & Desserts,Bagrrys Fruit and Nut Muesli with Cranberries,4.99,0,5,4.99,750,FALSE,750,low,3750
Chocolates & Candies,Bagrrys Fruit and Nut Muesli with Cranberries,4.99,0,5,4.99,750,FALSE,750,low,3750
Personal Care,Clinic Plus Strong & Long Health Shampoo,4.99,10,3,4.49,650,FALSE,650,low,1950
Paan Corner,Clinic Plus Strong & Long Health Shampoo,4.99,10,3,4.49,650,FALSE,650,low,1950
Personal Care,Gillette Mach 3 Mens Razor Blades,4.99,7,4,4.6,232,FALSE,4,low,928
Paan Corner,Gillette Mach 3 Mens Razor Blades,4.99,7,4,4.6,232,FALSE,4,low,928
Packaged Food,Kellogg’s Chocos Protein And Fibre Of 1 Roti,4.99,11,6,4.44,1200,FALSE,1,medium,7200
Ice Cream & Desserts,Kellogg’s Chocos Protein And Fibre Of 1 Roti,4.99,11,6,4.44,1200,FALSE,1,medium,7200
Chocolates & Candies,Kellogg’s Chocos Protein And Fibre Of 1 Roti,4.99,11,6,4.44,1200,FALSE,1,medium,7200
Health & Hygiene,Organic India Organic Chyawanprash,4.95,20,6,3.96,500,FALSE,500,low,3000
Personal Care,Himalaya Anti Hair Fall Shampoo,4.9,25,4,3.67,700,FALSE,700,low,2800
Paan Corner,Himalaya Anti Hair Fall Shampoo,4.9,25,4,3.67,700,FALSE,700,low,2800
Cooking Essentials,RRO Primio Refined Groundnut (Jar),4.9,11,6,4.36,2000,FALSE,2,medium,12000
Munchies,RRO Primio Refined Groundnut (Jar),4.9,11,6,4.36,2000,FALSE,2,medium,12000
Cooking Essentials,Saffola Gold Refined Cooking Oil (Jar),4.85,7,6,4.49,2000,FALSE,2,medium,12000
Munchies,Saffola Gold Refined Cooking Oil (Jar),4.85,7,6,4.49,2000,FALSE,2,medium,12000
Cooking Essentials,24 Mantra Sona Masuri Brown Rice,4.75,10,6,4.23,5000,FALSE,5,bulk,30000
Munchies,24 Mantra Sona Masuri Brown Rice,4.75,10,6,4.23,5000,FALSE,5,bulk,30000
Cooking Essentials,Saffola 100% Pure Honey,4.75,8,2,4.37,1000,FALSE,750,low,2000
Munchies,Saffola 100% Pure Honey,4.75,8,2,4.37,1000,FALSE,750,low,2000
Cooking Essentials,Popular Essentials Pista Salted (With Shell),4.7,21,5,3.71,250,FALSE,250,low,1250
Munchies,Popular Essentials Pista Salted (With Shell),4.7,21,5,3.71,250,FALSE,250,low,1250
"Meats, Fish & Eggs",Fresh Mutton Curry Cut Cubes (Halal),4.65,4,1,4.42,500,FALSE,500,low,500
Cooking Essentials,Aashirvaad Atta,4.6,13,6,3.99,10000,FALSE,10,bulk,60000
Munchies,Aashirvaad Atta,4.6,13,6,3.99,10000,FALSE,10,bulk,60000
Cooking Essentials,Pillsbury Chakki Fresh Atta,4.5,16,6,3.75,10000,FALSE,10,bulk,60000
Munchies,Pillsbury Chakki Fresh Atta,4.5,16,6,3.75,10000,FALSE,10,bulk,60000
Personal Care,Whisper Ultra Clean Wings XL+  Pouch,4.49,7,6,4.15,44,FALSE,44,low,264
Paan Corner,Whisper Ultra Clean Wings XL+  Pouch,4.49,7,6,4.15,44,FALSE,44,low,264
Health & Hygiene,Whisper Ultra Clean Wings XL+  Pouch,4.49,7,6,4.15,44,FALSE,44,low,264
Packaged Food,Kellogg's Crunchy Fruit & Nut Breakfast Cereals Muesli,4.45,9,6,4.01,750,FALSE,750,low,4500
Ice Cream & Desserts,Kellogg's Crunchy Fruit & Nut Breakfast Cereals Muesli,4.45,9,6,4.01,750,FALSE,750,low,4500
Chocolates & Candies,Kellogg's Crunchy Fruit & Nut Breakfast Cereals Muesli,4.45,9,6,4.01,750,FALSE,750,low,4500
Personal Care,Indulekha Bhringa Hair Oil,4.32,15,6,3.67,100,FALSE,100,low,600
Paan Corner,Indulekha Bhringa Hair Oil,4.32,15,6,3.67,100,FALSE,100,low,600
Cooking Essentials,Dabur 100% Pure Honey - Worlds No.1,4.3,10,6,3.87,1000,FALSE,1,low,6000
Munchies,Dabur 100% Pure Honey - Worlds No.1,4.3,10,6,3.87,1000,FALSE,1,low,6000
Cooking Essentials,Popular Essentials Classic Sona Masuri Rice,4.3,10,6,3.87,5000,FALSE,5,bulk,30000
Munchies,Popular Essentials Classic Sona Masuri Rice,4.3,10,6,3.87,5000,FALSE,5,bulk,30000
Packaged Food,"Whiskas Adult (+1 Year) Dry Cat Food, Ocean Fish Flavour",4.3,10,6,3.87,1200,FALSE,1,medium,7200
Ice Cream & Desserts,"Whiskas Adult (+1 Year) Dry Cat Food, Ocean Fish Flavour",4.3,10,6,3.87,1200,FALSE,1,medium,7200
Chocolates & Candies,"Whiskas Adult (+1 Year) Dry Cat Food, Ocean Fish Flavour",4.3,10,6,3.87,1200,FALSE,1,medium,7200
Personal Care,Comfy Baby Pants XL 12-17 kg,4.29,15,1,3.64,24,FALSE,24,low,24
Paan Corner,Comfy Baby Pants XL 12-17 kg,4.29,15,1,3.64,24,FALSE,24,low,24
Cooking Essentials,Delight Nuts Cashew Roasted & Salted,4.25,20,6,3.4,200,FALSE,200,low,1200
Munchies,Delight Nuts Cashew Roasted & Salted,4.25,20,6,3.4,200,FALSE,200,low,1200
Cooking Essentials,Delight Nuts Pista Roasted & Salted,4.25,20,6,3.4,200,FALSE,200,low,1200
Munchies,Delight Nuts Pista Roasted & Salted,4.25,20,6,3.4,200,FALSE,200,low,1200
Packaged Food,Kellogg's Corn Flakes,4.25,9,1,3.83,1000,FALSE,1,low,1000
Ice Cream & Desserts,Kellogg's Corn Flakes,4.25,9,1,3.83,1000,FALSE,1,low,1000
Chocolates & Candies,Kellogg's Corn Flakes,4.25,9,1,3.83,1000,FALSE,1,low,1000
Packaged Food,Kellogg's Muesli Nuts Delight,4.25,9,3,3.83,750,FALSE,750,low,2250
Ice Cream & Desserts,Kellogg's Muesli Nuts Delight,4.25,9,3,3.83,750,FALSE,750,low,2250
Chocolates & Candies,Kellogg's Muesli Nuts Delight,4.25,9,3,3.83,750,FALSE,750,low,2250
Personal Care,Nivea Body Shea Smooth with Shea Butter for Dry Skin,4.25,20,5,3.4,400,FALSE,9,low,2000
Paan Corner,Nivea Body Shea Smooth with Shea Butter for Dry Skin,4.25,20,5,3.4,400,FALSE,9,low,2000
Health & Hygiene,Dabur Chyawanprakash - Sugar Free,4.15,7,6,3.85,900,FALSE,900,low,5400
Cooking Essentials,24 Mantra Groundnut Oil (Cold Pressed) Pet Bottle,4.1,10,6,3.69,1000,FALSE,1,low,6000
Munchies,24 Mantra Groundnut Oil (Cold Pressed) Pet Bottle,4.1,10,6,3.69,1000,FALSE,1,low,6000
Packaged Food,Whiskas Adult Pocket Tuna Cat Food,4.1,0,1,4.1,1200,FALSE,1,medium,1200
Ice Cream & Desserts,Whiskas Adult Pocket Tuna Cat Food,4.1,0,1,4.1,1200,FALSE,1,medium,1200
Chocolates & Candies,Whiskas Adult Pocket Tuna Cat Food,4.1,0,1,4.1,1200,FALSE,1,medium,1200
Cooking Essentials,Borges Extra Virgin Olive Oil,4,25,1,2.99,250,FALSE,250,low,250
Munchies,Borges Extra Virgin Olive Oil,4,25,1,2.99,250,FALSE,250,low,250
Health & Hygiene,Kapiva Wild Tulsi Giloy Juice |,4,15,1,3.4,1000,FALSE,1,low,1000
Cooking Essentials,Borges Canola Oil Pet Bottle,3.99,0,6,3.99,1000,FALSE,1,low,6000
Munchies,Borges Canola Oil Pet Bottle,3.99,0,6,3.99,1000,FALSE,1,low,6000
Cooking Essentials,Delight Nuts Berries Mix ,3.99,20,6,3.19,200,FALSE,200,low,1200
Munchies,Delight Nuts Berries Mix ,3.99,20,6,3.19,200,FALSE,200,low,1200
Cooking Essentials,Delight Nuts Trail Mix ,3.99,25,6,2.99,200,FALSE,200,low,1200
Munchies,Delight Nuts Trail Mix ,3.99,25,6,2.99,200,FALSE,200,low,1200
Packaged Food,Kellogg's Special K Original Corn Flakes,3.99,11,6,3.55,900,FALSE,900,low,5400
Ice Cream & Desserts,Kellogg's Special K Original Corn Flakes,3.99,11,6,3.55,900,FALSE,900,low,5400
Chocolates & Candies,Kellogg's Special K Original Corn Flakes,3.99,11,6,3.55,900,FALSE,900,low,5400
Personal Care,Mamaearth Onion Hair Oil,3.99,10,6,3.59,150,FALSE,150,low,900
Paan Corner,Mamaearth Onion Hair Oil,3.99,10,6,3.59,150,FALSE,150,low,900
Personal Care,Mamaearth Ubtan Body Lotion,3.99,15,4,3.39,400,FALSE,400,low,1600
Paan Corner,Mamaearth Ubtan Body Lotion,3.99,15,4,3.39,400,FALSE,400,low,1600
Personal Care,Mamaearth Vitamin C Face Toner,3.99,0,1,3.99,200,FALSE,200,low,200
Paan Corner,Mamaearth Vitamin C Face Toner,3.99,0,1,3.99,200,FALSE,200,low,200
Personal Care,"MamyPoko Pants Standard Diapers, Extra Large (12 - 17 kg)",3.99,7,0,3.69,26,TRUE,26,low,0
Paan Corner,"MamyPoko Pants Standard Diapers, Extra Large (12 - 17 kg)",3.99,7,0,3.69,26,TRUE,26,low,0
Personal Care,Nivea Body Milk Lotion for Very Dry Skin,3.99,20,6,3.19,400,FALSE,400,low,2400
Paan Corner,Nivea Body Milk Lotion for Very Dry Skin,3.99,20,6,3.19,400,FALSE,400,low,2400
Personal Care,Nivea Soft Light Moisturizer for Face Hand & Body Non-Sticky Cream with Vitamin E & Jojoba Oil,3.99,20,3,3.19,300,FALSE,300,low,900
Paan Corner,Nivea Soft Light Moisturizer for Face Hand & Body Non-Sticky Cream with Vitamin E & Jojoba Oil,3.99,20,3,3.19,300,FALSE,300,low,900
Health & Hygiene,Organic India Wheat Grass,3.95,20,4,3.16,100,FALSE,100,low,400
Cooking Essentials,24 Mantra Sunflower Oil (Cold Pressed) Pet Bottle,3.9,11,5,3.47,1000,FALSE,1,low,5000
Munchies,24 Mantra Sunflower Oil (Cold Pressed) Pet Bottle,3.9,11,5,3.47,1000,FALSE,1,low,5000
Home & Cleaning,Origami So Soft Tissue Roll 3 Ply,3.9,11,6,3.47,696,FALSE,12,low,4176
Home & Cleaning,Philips Stellar Bright 16W Light Bulb,3.9,16,6,3.24,58,FALSE,1,low,348
Packaged Food,Whiskas Kitten (2-12 months) Dry Cat Food Food Ocean Fish,3.85,9,5,3.47,1100,FALSE,1100,medium,5500
Ice Cream & Desserts,Whiskas Kitten (2-12 months) Dry Cat Food Food Ocean Fish,3.85,9,5,3.47,1100,FALSE,1100,medium,5500
Chocolates & Candies,Whiskas Kitten (2-12 months) Dry Cat Food Food Ocean Fish,3.85,9,5,3.47,1100,FALSE,1100,medium,5500
Cooking Essentials,Amulya Dairy Whitener ,3.8,2,4,3.72,1000,FALSE,1,low,4000
Munchies,Amulya Dairy Whitener ,3.8,2,4,3.72,1000,FALSE,1,low,4000
"Dairy, Bread & Batter",Amulya Dairy Whitener ,3.8,2,4,3.72,1000,FALSE,1,low,4000
Beverages,Amulya Dairy Whitener ,3.8,2,4,3.72,1000,FALSE,1,low,4000
Packaged Food,Ferrero Nutella Hazeulnut Spread,3.8,6,5,3.57,350,FALSE,350,low,1750
Ice Cream & Desserts,Ferrero Nutella Hazeulnut Spread,3.8,6,5,3.57,350,FALSE,350,low,1750
Chocolates & Candies,Ferrero Nutella Hazeulnut Spread,3.8,6,5,3.57,350,FALSE,350,low,1750
Personal Care,Tresemme Keratin Smooth Conditioner,3.8,0,3,3.8,340,FALSE,340,low,1020
Paan Corner,Tresemme Keratin Smooth Conditioner,3.8,0,3,3.8,340,FALSE,340,low,1020
Personal Care,Bombay Shaving Company Sensitive Cartridges,3.75,0,2,3.75,116,FALSE,2,low,232
Paan Corner,Bombay Shaving Company Sensitive Cartridges,3.75,0,2,3.75,116,FALSE,2,low,232
Health & Hygiene,Bombay Shaving Company Sensitive Cartridges,3.75,0,2,3.75,116,FALSE,2,low,232
Personal Care,Head & Shoulders 2 In 1 Anti Dandruff Smooth & Silky Shampoo+Conditioner,3.75,10,6,3.34,340,FALSE,340,low,2040
Paan Corner,Head & Shoulders 2 In 1 Anti Dandruff Smooth & Silky Shampoo+Conditioner,3.75,10,6,3.34,340,FALSE,340,low,2040
Personal Care,Head & Shoulders 2-in-1 Active Protect Shampoo,3.75,9,6,3.38,340,FALSE,340,low,2040
Paan Corner,Head & Shoulders 2-in-1 Active Protect Shampoo,3.75,9,6,3.38,340,FALSE,340,low,2040
Personal Care,Head & Shoulders 2-in-1 Cool Menthol Anti Dandruff Shampoo + Conditioner,3.75,0,1,3.75,340,FALSE,180,low,340
Paan Corner,Head & Shoulders 2-in-1 Cool Menthol Anti Dandruff Shampoo + Conditioner,3.75,0,1,3.75,340,FALSE,180,low,340
Packaged Food,Kellogg's Real Almond & Honey Corn Flakes,3.7,12,3,3.24,650,FALSE,650,low,1950
Ice Cream & Desserts,Kellogg's Real Almond & Honey Corn Flakes,3.7,12,3,3.24,650,FALSE,650,low,1950
Chocolates & Candies,Kellogg's Real Almond & Honey Corn Flakes,3.7,12,3,3.24,650,FALSE,650,low,1950
Cooking Essentials,Popular Essentials HMT Kolam Steam,3.7,10,6,3.33,5000,FALSE,5,bulk,30000
Munchies,Popular Essentials HMT Kolam Steam,3.7,10,6,3.33,5000,FALSE,5,bulk,30000
Cooking Essentials,Happilo Premium Afghani Anjeer,3.65,29,2,2.56,200,FALSE,200,low,400
Munchies,Happilo Premium Afghani Anjeer,3.65,29,2,2.56,200,FALSE,200,low,400
Personal Care,"Head & Shoulders Shampoo + Conditioner - 2-In-1, Cool Menthol",3.65,0,1,3.65,340,FALSE,340,low,340
Paan Corner,"Head & Shoulders Shampoo + Conditioner - 2-In-1, Cool Menthol",3.65,0,1,3.65,340,FALSE,340,low,340
"Dairy, Bread & Batter",Amul Cheese Slices,3.6,0,1,3.59,750,FALSE,750,low,750
Beverages,Amul Cheese Slices,3.6,0,1,3.59,750,FALSE,750,low,750
Health & Hygiene,Durex Mutual Climax Condoms,3.6,15,6,3.06,580,FALSE,10,low,3480
Personal Care,Pampers Active Baby Diapers New Born Extra Small,3.6,10,6,3.24,24,FALSE,24,low,144
Paan Corner,Pampers Active Baby Diapers New Born Extra Small,3.6,10,6,3.24,24,FALSE,24,low,144
"Dairy, Bread & Batter",RRO Mascarpone Cheese,3.55,50,6,1.77,200,FALSE,200,low,1200
Beverages,RRO Mascarpone Cheese,3.55,50,6,1.77,200,FALSE,200,low,1200
Cooking Essentials,24 Mantra Mustard Oil (Cold Pressed) ,3.5,10,6,3.12,1000,FALSE,1,low,6000
Munchies,24 Mantra Mustard Oil (Cold Pressed) ,3.5,10,6,3.12,1000,FALSE,1,low,6000
Packaged Food,Bagrrys Corn Flakes,3.5,0,6,3.5,880,FALSE,800,low,5280
Ice Cream & Desserts,Bagrrys Corn Flakes,3.5,0,6,3.5,880,FALSE,800,low,5280
Chocolates & Candies,Bagrrys Corn Flakes,3.5,0,6,3.5,880,FALSE,800,low,5280
Biscuits,Danish Butter Cookies,3.5,0,1,3.5,400,FALSE,400,low,400
Cooking Essentials,Popular Essentials Californian Almond,3.5,28,6,2.51,250,FALSE,250,low,1500
Munchies,Popular Essentials Californian Almond,3.5,28,6,2.51,250,FALSE,250,low,1500
Cooking Essentials,Popular Essentials Rozana Sona Masuri Raw Rice,3.5,10,5,3.12,5000,FALSE,5,bulk,25000
Munchies,Popular Essentials Rozana Sona Masuri Raw Rice,3.5,10,5,3.12,5000,FALSE,5,bulk,25000
Health & Hygiene,Dabur Chyawanprash,3.49,3,6,3.38,950,FALSE,1,low,5700
Cooking Essentials,Delight Nuts Almond Natural ,3.49,20,6,2.79,200,FALSE,200,low,1200
Munchies,Delight Nuts Almond Natural ,3.49,20,6,2.79,200,FALSE,200,low,1200
Personal Care,Gillette Mach 3 Turbo Razor,3.49,6,5,3.25,58,FALSE,1,low,290
Paan Corner,Gillette Mach 3 Turbo Razor,3.49,6,5,3.25,58,FALSE,1,low,290
Personal Care,Mamaearth Ubtan Face Scrub Turmeric & Walnut,3.49,10,1,3.14,100,FALSE,100,low,100
Paan Corner,Mamaearth Ubtan Face Scrub Turmeric & Walnut,3.49,10,1,3.14,100,FALSE,100,low,100
Personal Care,Bombay Shaving Company Defender Razor,3.45,0,6,3.45,58,FALSE,1,low,348
Paan Corner,Bombay Shaving Company Defender Razor,3.45,0,6,3.45,58,FALSE,1,low,348
"Dairy, Bread & Batter",RRO Goat Milk Fetta Cheee,3.45,31,6,2.37,100,FALSE,100,low,600
Beverages,RRO Goat Milk Fetta Cheee,3.45,31,6,2.37,100,FALSE,100,low,600
Cooking Essentials,Delight Nuts Dried Cranberries ,3.4,20,6,2.72,200,FALSE,200,low,1200
Munchies,Delight Nuts Dried Cranberries ,3.4,20,6,2.72,200,FALSE,200,low,1200
Packaged Food,Nestle Lactogen Stage 2 Follow-up Formula Powder,3.4,0,2,3.4,400,FALSE,400,low,800
Ice Cream & Desserts,Nestle Lactogen Stage 2 Follow-up Formula Powder,3.4,0,2,3.4,400,FALSE,400,low,800
Chocolates & Candies,Nestle Lactogen Stage 2 Follow-up Formula Powder,3.4,0,2,3.4,400,FALSE,400,low,800
Personal Care,Stayfree Dry Max All Night XL Dry Cover Sanitary Pads,3.4,12,6,2.98,28,FALSE,28,low,168
Paan Corner,Stayfree Dry Max All Night XL Dry Cover Sanitary Pads,3.4,12,6,2.98,28,FALSE,28,low,168
Health & Hygiene,Stayfree Dry Max All Night XL Dry Cover Sanitary Pads,3.4,12,6,2.98,28,FALSE,28,low,168
Cooking Essentials,Happilo Premium 100% Natural Whole Cashews,3.35,29,6,2.35,200,FALSE,200,low,1200
Munchies,Happilo Premium 100% Natural Whole Cashews,3.35,29,6,2.35,200,FALSE,200,low,1200
Packaged Food,Kellogg's No Added Sugar Muesli,3.35,11,6,2.98,500,FALSE,500,low,3000
Ice Cream & Desserts,Kellogg's No Added Sugar Muesli,3.35,11,6,2.98,500,FALSE,500,low,3000
Chocolates & Candies,Kellogg's No Added Sugar Muesli,3.35,11,6,2.98,500,FALSE,500,low,3000
Packaged Food,Bagrrys Fruit N Fibre Muesli Mixed Fruit,3.3,0,6,3.3,500,FALSE,500,low,3000
Ice Cream & Desserts,Bagrrys Fruit N Fibre Muesli Mixed Fruit,3.3,0,6,3.3,500,FALSE,500,low,3000
Chocolates & Candies,Bagrrys Fruit N Fibre Muesli Mixed Fruit,3.3,0,6,3.3,500,FALSE,500,low,3000
Packaged Food,Bagrrys Muesli Crunchy Fruit & Nut With Cranberries,3.3,10,6,2.97,400,FALSE,400,low,2400
Ice Cream & Desserts,Bagrrys Muesli Crunchy Fruit & Nut With Cranberries,3.3,10,6,2.97,400,FALSE,400,low,2400
Chocolates & Candies,Bagrrys Muesli Crunchy Fruit & Nut With Cranberries,3.3,10,6,2.97,400,FALSE,400,low,2400
Cooking Essentials,Dabur 100% Pure Honey,3.3,10,1,2.97,400,FALSE,400,low,400
Munchies,Dabur 100% Pure Honey,3.3,10,1,2.97,400,FALSE,400,low,400
Packaged Food,Kellogg's Almonds And Cranberries Granola,3.3,6,6,3.1,460,FALSE,460,low,2760
Ice Cream & Desserts,Kellogg's Almonds And Cranberries Granola,3.3,6,6,3.1,460,FALSE,460,low,2760
Chocolates & Candies,Kellogg's Almonds And Cranberries Granola,3.3,6,6,3.1,460,FALSE,460,low,2760
Packaged Food,Kelloggs Chocos Moon & Stars,3.3,10,6,2.94,680,FALSE,680,low,4080
Ice Cream & Desserts,Kelloggs Chocos Moon & Stars,3.3,10,6,2.94,680,FALSE,680,low,4080
Chocolates & Candies,Kelloggs Chocos Moon & Stars,3.3,10,6,2.94,680,FALSE,680,low,4080
Packaged Food,Kellogg's Crunchy Granola Chocolate & Almonds,3.3,10,3,2.94,450,FALSE,450,low,1350
Ice Cream & Desserts,Kellogg's Crunchy Granola Chocolate & Almonds,3.3,10,3,2.94,450,FALSE,450,low,1350
Chocolates & Candies,Kellogg's Crunchy Granola Chocolate & Almonds,3.3,10,3,2.94,450,FALSE,450,low,1350
Packaged Food,"Kellogg's Crunchy Granola Honey, Almonds, Strawberries & Pumpkin Seeds",3.3,10,1,2.94,450,FALSE,450,low,450
Ice Cream & Desserts,"Kellogg's Crunchy Granola Honey, Almonds, Strawberries & Pumpkin Seeds",3.3,10,1,2.94,450,FALSE,450,low,450
Chocolates & Candies,"Kellogg's Crunchy Granola Honey, Almonds, Strawberries & Pumpkin Seeds",3.3,10,1,2.94,450,FALSE,450,low,450
Cooking Essentials,RRO Til Dil Premium Til Oil Bottle,3.3,10,5,2.94,1000,FALSE,1,low,5000
Munchies,RRO Til Dil Premium Til Oil Bottle,3.3,10,5,2.94,1000,FALSE,1,low,5000
Home & Cleaning,Scotch Brite Sponge Wipe,3.3,10,6,2.97,290,FALSE,5,low,1740
Personal Care,Whisper Ultra Soft XL+ Sanitary Pads,3.3,2,6,3.23,30,FALSE,30,low,180
Paan Corner,Whisper Ultra Soft XL+ Sanitary Pads,3.3,2,6,3.23,30,FALSE,30,low,180
Health & Hygiene,Whisper Ultra Soft XL+ Sanitary Pads,3.3,2,6,3.23,30,FALSE,30,low,180
"Meats, Fish & Eggs",TGFC Basa Fillets,3.29,24,1,2.47,500,FALSE,500,low,500
Cooking Essentials,Figaro Pure Olive Oil,3.25,8,1,2.99,200,FALSE,200,low,200
Munchies,Figaro Pure Olive Oil,3.25,8,1,2.99,200,FALSE,200,low,200
Cooking Essentials,Godrej Yummiez Chicken Nuggets,3.25,9,1,2.93,500,FALSE,500,low,500
Munchies,Godrej Yummiez Chicken Nuggets,3.25,9,1,2.93,500,FALSE,500,low,500
Packaged Food,Godrej Yummiez Chicken Nuggets,3.25,9,1,2.93,500,FALSE,500,low,500
Ice Cream & Desserts,Godrej Yummiez Chicken Nuggets,3.25,9,1,2.93,500,FALSE,500,low,500
Chocolates & Candies,Godrej Yummiez Chicken Nuggets,3.25,9,1,2.93,500,FALSE,500,low,500
"Meats, Fish & Eggs",Godrej Yummiez Chicken Nuggets,3.25,9,1,2.93,500,FALSE,500,low,500
Packaged Food,ITC Master Chef Chicken Seekh Kabab,3.25,0,6,3.25,500,FALSE,500,low,3000
Ice Cream & Desserts,ITC Master Chef Chicken Seekh Kabab,3.25,0,6,3.25,500,FALSE,500,low,3000
Chocolates & Candies,ITC Master Chef Chicken Seekh Kabab,3.25,0,6,3.25,500,FALSE,500,low,3000
Home & Cleaning,Lizol Double Concentrate Disinfectant Floor Cleaner Citrus,3.25,5,6,3.08,900,FALSE,900,low,5400
Home & Cleaning,Lizol Double Concentrate Disinfectant Floor Cleaner Lavender,3.25,10,6,2.92,900,FALSE,900,low,5400
Packaged Food,"New Kellogg's Muesli with 21% Fruit, Nut & Seeds",3.25,6,6,3.05,500,FALSE,500,low,3000
Ice Cream & Desserts,"New Kellogg's Muesli with 21% Fruit, Nut & Seeds",3.25,6,6,3.05,500,FALSE,500,low,3000
Chocolates & Candies,"New Kellogg's Muesli with 21% Fruit, Nut & Seeds",3.25,6,6,3.05,500,FALSE,500,low,3000
Packaged Food,Pantai Pad Thai Sauce (Non-Veg),3.25,9,5,2.93,200,FALSE,200,low,1000
Ice Cream & Desserts,Pantai Pad Thai Sauce (Non-Veg),3.25,9,5,2.93,200,FALSE,200,low,1000
Chocolates & Candies,Pantai Pad Thai Sauce (Non-Veg),3.25,9,5,2.93,200,FALSE,200,low,1000
Packaged Food,Pantai Teriyaki Sauce with Garlic,3.25,15,6,2.76,200,FALSE,200,low,1200
Ice Cream & Desserts,Pantai Teriyaki Sauce with Garlic,3.25,15,6,2.76,200,FALSE,200,low,1200
Chocolates & Candies,Pantai Teriyaki Sauce with Garlic,3.25,15,6,2.76,200,FALSE,200,low,1200
Cooking Essentials,Popular Essentials Cashew Split,3.25,12,6,2.83,250,FALSE,250,low,1500
Munchies,Popular Essentials Cashew Split,3.25,12,6,2.83,250,FALSE,250,low,1500
Packaged Food,The Whole Truth - 5 Grain Muesli No Added Sugar,3.25,20,6,2.6,350,FALSE,350,low,2100
Ice Cream & Desserts,The Whole Truth - 5 Grain Muesli No Added Sugar,3.25,20,6,2.6,350,FALSE,350,low,2100
Chocolates & Candies,The Whole Truth - 5 Grain Muesli No Added Sugar,3.25,20,6,2.6,350,FALSE,350,low,2100
Packaged Food,"The Whole Truth - Nuts, Fruits & Seeds Muesli",3.25,20,6,2.6,350,FALSE,350,low,2100
Ice Cream & Desserts,"The Whole Truth - Nuts, Fruits & Seeds Muesli",3.25,20,6,2.6,350,FALSE,350,low,2100
Chocolates & Candies,"The Whole Truth - Nuts, Fruits & Seeds Muesli",3.25,20,6,2.6,350,FALSE,350,low,2100
Personal Care,Vaseline Intensive Care Deep Moisture Body Lotion,3.25,0,4,3.25,400,FALSE,400,low,1600
Paan Corner,Vaseline Intensive Care Deep Moisture Body Lotion,3.25,0,4,3.25,400,FALSE,400,low,1600
Packaged Food,Yoga Bar Breakfast Muesli - Almond Caramel (No Added Sugar),3.25,4,6,3.09,400,FALSE,400,low,2400
Ice Cream & Desserts,Yoga Bar Breakfast Muesli - Almond Caramel (No Added Sugar),3.25,4,6,3.09,400,FALSE,400,low,2400
Chocolates & Candies,Yoga Bar Breakfast Muesli - Almond Caramel (No Added Sugar),3.25,4,6,3.09,400,FALSE,400,low,2400
Packaged Food,Yoga Bar Breakfast Muesli - Chocolate & Cranberry ,3.25,4,6,3.09,400,FALSE,400,low,2400
Ice Cream & Desserts,Yoga Bar Breakfast Muesli - Chocolate & Cranberry ,3.25,4,6,3.09,400,FALSE,400,low,2400
Chocolates & Candies,Yoga Bar Breakfast Muesli - Chocolate & Cranberry ,3.25,4,6,3.09,400,FALSE,400,low,2400
Home & Cleaning,Genteel Liquid Detegrent,3.2,0,6,3.2,2000,FALSE,2,medium,12000
Personal Care,Himalaya Gentle Baby Shampoo,3.2,17,6,2.65,400,FALSE,400,low,2400
Paan Corner,Himalaya Gentle Baby Shampoo,3.2,17,6,2.65,400,FALSE,400,low,2400
Packaged Food,Kelloggs Muesli - With 22% Fruit Magic,3.2,10,5,2.88,500,FALSE,500,low,2500
Ice Cream & Desserts,Kelloggs Muesli - With 22% Fruit Magic,3.2,10,5,2.88,500,FALSE,500,low,2500
Chocolates & Candies,Kelloggs Muesli - With 22% Fruit Magic,3.2,10,5,2.88,500,FALSE,500,low,2500
Packaged Food,Kellogg's Muesli 20% Nuts Delight,3.2,0,6,3.2,500,FALSE,500,low,3000
Ice Cream & Desserts,Kellogg's Muesli 20% Nuts Delight,3.2,0,6,3.2,500,FALSE,500,low,3000
Chocolates & Candies,Kellogg's Muesli 20% Nuts Delight,3.2,0,6,3.2,500,FALSE,500,low,3000
Home & Cleaning,Origami Luxuria Kitchen Towel 300 Pulls Single,3.2,0,2,3.2,58,FALSE,1,low,116
Personal Care,Pampers Premium Care New Baby Pants,3.2,0,4,3.2,24,FALSE,24,low,96
Paan Corner,Pampers Premium Care New Baby Pants,3.2,0,4,3.2,24,FALSE,24,low,96
"Meats, Fish & Eggs",TGFC Bombay Duck Whole Cleaned,3.19,14,1,2.74,500,FALSE,500,low,500
Cooking Essentials,Aashirvaad Atta With Mutigrains,3.15,8,0,2.87,5000,TRUE,5,bulk,0
Munchies,Aashirvaad Atta With Mutigrains,3.15,8,0,2.87,5000,TRUE,5,bulk,0
Cooking Essentials,Aashirvaad Select Sharbati Atta,3.15,10,6,2.83,5000,FALSE,5,bulk,30000
Munchies,Aashirvaad Select Sharbati Atta,3.15,10,6,2.83,5000,FALSE,5,bulk,30000
Cooking Essentials,Gowardhan Ghee/Tuppa Jar,3.15,1,6,3.09,500,FALSE,500,low,3000
Munchies,Gowardhan Ghee/Tuppa Jar,3.15,1,6,3.09,500,FALSE,500,low,3000
Personal Care,Whisper Ultra Soft Air Fresh Sanitary Pads (XL) with Wings,3.15,0,4,3.15,30,FALSE,30,low,120
Paan Corner,Whisper Ultra Soft Air Fresh Sanitary Pads (XL) with Wings,3.15,0,4,3.15,30,FALSE,30,low,120
Health & Hygiene,Whisper Ultra Soft Air Fresh Sanitary Pads (XL) with Wings,3.15,0,4,3.15,30,FALSE,30,low,120
Cooking Essentials,Betty Crocker French Vanilla Cake Mix,3.1,10,6,2.76,520,FALSE,520,low,3120
Munchies,Betty Crocker French Vanilla Cake Mix,3.1,10,6,2.76,520,FALSE,520,low,3120
Cooking Essentials,Everest Kashmiri Lal Chilli Powder,3.1,10,0,2.79,500,TRUE,500,low,0
Munchies,Everest Kashmiri Lal Chilli Powder,3.1,10,0,2.79,500,TRUE,500,low,0
Packaged Food,Kellogg's Original Corn Flakes,3.1,6,6,2.9,875,FALSE,875,low,5250
Ice Cream & Desserts,Kellogg's Original Corn Flakes,3.1,6,6,2.9,875,FALSE,875,low,5250
Chocolates & Candies,Kellogg's Original Corn Flakes,3.1,6,6,2.9,875,FALSE,875,low,5250
Personal Care,Nivea Soft Light Moisturizer for Face Hand & Body Non-Sticky Cream with Vitamin E & Jojoba Oil,3.1,15,6,2.63,200,FALSE,200,low,1200
Paan Corner,Nivea Soft Light Moisturizer for Face Hand & Body Non-Sticky Cream with Vitamin E & Jojoba Oil,3.1,15,6,2.63,200,FALSE,200,low,1200
Personal Care,Nivea Soft Moisturizing Cream,3.1,12,1,2.72,200,FALSE,200,low,200
Paan Corner,Nivea Soft Moisturizing Cream,3.1,12,1,2.72,200,FALSE,200,low,200
Personal Care,Pond's Light Moisturiser,3.09,10,6,2.78,250,FALSE,250,low,1500
Paan Corner,Pond's Light Moisturiser,3.09,10,6,2.78,250,FALSE,250,low,1500
"Dairy, Bread & Batter",Epigamia Almond Milk Unsweetened Dairy Free,3,33,4,1.99,1000,FALSE,1,low,4000
Beverages,Epigamia Almond Milk Unsweetened Dairy Free,3,33,4,1.99,1000,FALSE,1,low,4000
"Meats, Fish & Eggs",Godrej Real Good Chicken Whole Pre-Cut,3,10,4,2.7,1000,FALSE,1,low,4000
Personal Care,Himalaya Baby Lotion,3,12,1,2.64,400,FALSE,400,low,400
Paan Corner,Himalaya Baby Lotion,3,12,1,2.64,400,FALSE,400,low,400
Personal Care,Maybelline New York Colossal Kajal Super Black,3,8,3,2.75,0,FALSE,0,low,0
Paan Corner,Maybelline New York Colossal Kajal Super Black,3,8,3,2.75,0,FALSE,0,low,0
Cooking Essentials,Sugarfree Natura Low Calorie Sweetner ,3,10,3,2.7,42,FALSE,42,low,126
Munchies,Sugarfree Natura Low Calorie Sweetner ,3,10,3,2.7,42,FALSE,42,low,126
Home & Cleaning,Ambi Pur Car Freshener Gel - Relaxing Lavender,2.99,10,2,2.69,75,FALSE,75,low,150
Cooking Essentials,Delight Nuts Cranberries Sliced ,2.99,20,6,2.39,200,FALSE,200,low,1200
Munchies,Delight Nuts Cranberries Sliced ,2.99,20,6,2.39,200,FALSE,200,low,1200
Health & Hygiene,Kapiva Thar Aloe Vera Juice,2.99,15,6,2.54,1000,FALSE,1,low,6000
Packaged Food,Kellogg's Chocos,2.99,10,4,2.69,700,FALSE,700,low,2800
Ice Cream & Desserts,Kellogg's Chocos,2.99,10,4,2.69,700,FALSE,700,low,2800
Chocolates & Candies,Kellogg's Chocos,2.99,10,4,2.69,700,FALSE,700,low,2800
Personal Care,"MamyPoko Pants Extra Absorb Diapers, New Born",2.99,6,5,2.79,28,FALSE,28,low,140
Paan Corner,"MamyPoko Pants Extra Absorb Diapers, New Born",2.99,6,5,2.79,28,FALSE,28,low,140
Personal Care,Nivea Cocoa Nourish Body Lotion With Coconut Oil & Cocoa Butter For Very Dry Skin ,2.99,17,5,2.47,200,FALSE,200,low,1000
Paan Corner,Nivea Cocoa Nourish Body Lotion With Coconut Oil & Cocoa Butter For Very Dry Skin ,2.99,17,5,2.47,200,FALSE,200,low,1000
Packaged Food,Soulfull Millet Muesli Fruit & Nut Almonds & Real Fruits,2.99,10,6,2.69,400,FALSE,400,low,2400
Ice Cream & Desserts,Soulfull Millet Muesli Fruit & Nut Almonds & Real Fruits,2.99,10,6,2.69,400,FALSE,400,low,2400
Chocolates & Candies,Soulfull Millet Muesli Fruit & Nut Almonds & Real Fruits,2.99,10,6,2.69,400,FALSE,400,low,2400
Cooking Essentials,Aashirvaad Svasti Cow Ghee Tetra Pack,2.95,0,6,2.95,500,FALSE,500,low,3000
Munchies,Aashirvaad Svasti Cow Ghee Tetra Pack,2.95,0,6,2.95,500,FALSE,500,low,3000
Cooking Essentials,Betty Crocker Chocolate Fudge Cake Mix,2.95,0,6,2.95,475,FALSE,475,low,2850
Munchies,Betty Crocker Chocolate Fudge Cake Mix,2.95,0,6,2.95,475,FALSE,475,low,2850
Cooking Essentials,Epicurea Sushi Rice,2.95,0,6,2.95,500,FALSE,500,low,3000
Munchies,Epicurea Sushi Rice,2.95,0,6,2.95,500,FALSE,500,low,3000
Cooking Essentials,Epicurea Thai Jasmine Rice,2.95,0,4,2.95,500,FALSE,500,low,2000
Munchies,Epicurea Thai Jasmine Rice,2.95,0,4,2.95,500,FALSE,500,low,2000
Cooking Essentials,Godrej Yummiez Chicken Punjabi Tikka ,2.95,9,6,2.66,360,FALSE,360,low,2160
Munchies,Godrej Yummiez Chicken Punjabi Tikka ,2.95,9,6,2.66,360,FALSE,360,low,2160
Packaged Food,Godrej Yummiez Chicken Punjabi Tikka ,2.95,9,6,2.66,360,FALSE,360,low,2160
Ice Cream & Desserts,Godrej Yummiez Chicken Punjabi Tikka ,2.95,9,6,2.66,360,FALSE,360,low,2160
Chocolates & Candies,Godrej Yummiez Chicken Punjabi Tikka ,2.95,9,6,2.66,360,FALSE,360,low,2160
"Meats, Fish & Eggs",Godrej Yummiez Chicken Punjabi Tikka ,2.95,9,6,2.66,360,FALSE,360,low,2160
Cooking Essentials,Gowardhan Pure Ghee Pouch,2.95,4,6,2.81,500,FALSE,500,low,3000
Munchies,Gowardhan Pure Ghee Pouch,2.95,4,6,2.81,500,FALSE,500,low,3000
Personal Care,Head & Shoulders Anti Dandruff Shampoo Cool Menthol,2.95,9,6,2.66,340,FALSE,340,low,2040
Paan Corner,Head & Shoulders Anti Dandruff Shampoo Cool Menthol,2.95,9,6,2.66,340,FALSE,340,low,2040
Packaged Food,Hershey's Cocoa + Almond Spread,2.95,9,0,2.66,350,TRUE,350,low,0
Ice Cream & Desserts,Hershey's Cocoa + Almond Spread,2.95,9,0,2.66,350,TRUE,350,low,0
Chocolates & Candies,Hershey's Cocoa + Almond Spread,2.95,9,0,2.66,350,TRUE,350,low,0
Packaged Food,Hershey's Cocoa Spread,2.95,0,3,2.95,350,FALSE,350,low,1050
Ice Cream & Desserts,Hershey's Cocoa Spread,2.95,0,3,2.95,350,FALSE,350,low,1050
Chocolates & Candies,Hershey's Cocoa Spread,2.95,0,3,2.95,350,FALSE,350,low,1050
Cooking Essentials,Japanese Choice Udon Noodles,2.95,9,6,2.66,250,FALSE,250,low,1500
Munchies,Japanese Choice Udon Noodles,2.95,9,6,2.66,250,FALSE,250,low,1500
Packaged Food,Japanese Choice Udon Noodles,2.95,9,6,2.66,250,FALSE,250,low,1500
Ice Cream & Desserts,Japanese Choice Udon Noodles,2.95,9,6,2.66,250,FALSE,250,low,1500
Chocolates & Candies,Japanese Choice Udon Noodles,2.95,9,6,2.66,250,FALSE,250,low,1500
Cooking Essentials,Madhur Pure And Hygienic Sugar,2.95,9,0,2.66,5000,TRUE,5,bulk,0
Munchies,Madhur Pure And Hygienic Sugar,2.95,9,0,2.66,5000,TRUE,5,bulk,0
Cooking Essentials,Pillsbury Atta With Multigrains Wheat Grains,2.95,16,6,2.45,5000,FALSE,5,bulk,30000
Munchies,Pillsbury Atta With Multigrains Wheat Grains,2.95,16,6,2.45,5000,FALSE,5,bulk,30000
Cooking Essentials,Popular Essentials Refined Sugar,2.95,10,6,2.65,5000,FALSE,5,bulk,30000
Munchies,Popular Essentials Refined Sugar,2.95,10,6,2.65,5000,FALSE,5,bulk,30000
Packaged Food,Prasuma Momos -  Cheesy Spicy Veg,2.95,0,6,2.95,24,FALSE,24,low,144
Ice Cream & Desserts,Prasuma Momos -  Cheesy Spicy Veg,2.95,0,6,2.95,24,FALSE,24,low,144
Chocolates & Candies,Prasuma Momos -  Cheesy Spicy Veg,2.95,0,6,2.95,24,FALSE,24,low,144
"Dairy, Bread & Batter",RRO Cheddar Block Cheese,2.95,50,6,1.47,200,FALSE,200,low,1200
Beverages,RRO Cheddar Block Cheese,2.95,50,6,1.47,200,FALSE,200,low,1200
"Dairy, Bread & Batter",RRO Mozzarella Block Cheese,2.95,50,0,1.47,200,TRUE,200,low,0
Beverages,RRO Mozzarella Block Cheese,2.95,50,0,1.47,200,TRUE,200,low,0
Cooking Essentials,Tong Garden Salted Cocktail Nuts,2.95,9,5,2.66,160,FALSE,160,low,800
Munchies,Tong Garden Salted Cocktail Nuts,2.95,9,5,2.66,160,FALSE,160,low,800
Packaged Food,Nestle Ceregrow Multigrain Cereal with Milk and Fruits - 3 to 6 years,2.92,0,6,2.92,300,FALSE,300,low,1800
Ice Cream & Desserts,Nestle Ceregrow Multigrain Cereal with Milk and Fruits - 3 to 6 years,2.92,0,6,2.92,300,FALSE,300,low,1800
Chocolates & Candies,Nestle Ceregrow Multigrain Cereal with Milk and Fruits - 3 to 6 years,2.92,0,6,2.92,300,FALSE,300,low,1800
Personal Care,Fiama Gel Bar Celebration Pack Buy 4 Get 1 Free,2.9,10,6,2.61,625,FALSE,625,low,3750
Paan Corner,Fiama Gel Bar Celebration Pack Buy 4 Get 1 Free,2.9,10,6,2.61,625,FALSE,625,low,3750
Packaged Food,Kellogg's Real Honey Corn Flakes,2.9,7,5,2.67,630,FALSE,630,low,3150
Ice Cream & Desserts,Kellogg's Real Honey Corn Flakes,2.9,7,5,2.67,630,FALSE,630,low,3150
Chocolates & Candies,Kellogg's Real Honey Corn Flakes,2.9,7,5,2.67,630,FALSE,630,low,3150
Health & Hygiene,Moov Pain Releiver Spray,2.9,15,6,2.46,80,FALSE,80,low,480
Packaged Food,Pedigree Puppy Dry Dog Food Food Chicken & Milk,2.9,20,6,2.32,1200,FALSE,1200,medium,7200
Ice Cream & Desserts,Pedigree Puppy Dry Dog Food Food Chicken & Milk,2.9,20,6,2.32,1200,FALSE,1200,medium,7200
Chocolates & Candies,Pedigree Puppy Dry Dog Food Food Chicken & Milk,2.9,20,6,2.32,1200,FALSE,1200,medium,7200
"Meats, Fish & Eggs",TGFC Catla Bengali Cut,2.9,29,1,2.04,500,FALSE,500,low,500
Packaged Food,Nestle Cerelac 5 Grains & Fruits Cereal,2.88,0,6,2.88,300,FALSE,300,low,1800
Ice Cream & Desserts,Nestle Cerelac 5 Grains & Fruits Cereal,2.88,0,6,2.88,300,FALSE,300,low,1800
Chocolates & Candies,Nestle Cerelac 5 Grains & Fruits Cereal,2.88,0,6,2.88,300,FALSE,300,low,1800
Personal Care,Head & Shoulders Anti Dandruff Anti Hairfall Shampoo,2.85,0,5,2.85,340,FALSE,240,low,1700
Paan Corner,Head & Shoulders Anti Dandruff Anti Hairfall Shampoo,2.85,0,5,2.85,340,FALSE,240,low,1700
Personal Care,Head & Shoulders Anti-Dandruff Smooth & Silky Shampoo,2.85,6,6,2.66,340,FALSE,340,low,2040
Paan Corner,Head & Shoulders Anti-Dandruff Smooth & Silky Shampoo,2.85,6,6,2.66,340,FALSE,340,low,2040
Personal Care,Listerine Fresh Burst Mouthwash,2.85,7,6,2.63,500,FALSE,500,low,3000
Paan Corner,Listerine Fresh Burst Mouthwash,2.85,7,6,2.63,500,FALSE,500,low,3000
Personal Care,L'Oreal Paris Color Protect Shampoo,2.82,0,3,2.82,360,FALSE,360,low,1080
Paan Corner,L'Oreal Paris Color Protect Shampoo,2.82,0,3,2.82,360,FALSE,360,low,1080
Home & Cleaning,Ariel Complete Detergent Washing Powder 1 kg + 500 g Free,2.8,6,6,2.63,1500,FALSE,1,medium,9000
Personal Care,Dove Hair Fall Rescue Shampoo,2.8,15,6,2.36,340,FALSE,340,low,2040
Paan Corner,Dove Hair Fall Rescue Shampoo,2.8,15,6,2.36,340,FALSE,340,low,2040
Home & Cleaning,Mangalam Camphor Tablet Jar,2.8,10,6,2.52,100,FALSE,100,low,600
Packaged Food,Moi Soi  Black Bean Sauce - Dip Spread Stir Fry & Marinade,2.8,50,5,1.4,175,FALSE,175,low,875
Ice Cream & Desserts,Moi Soi  Black Bean Sauce - Dip Spread Stir Fry & Marinade,2.8,50,5,1.4,175,FALSE,175,low,875
Chocolates & Candies,Moi Soi  Black Bean Sauce - Dip Spread Stir Fry & Marinade,2.8,50,5,1.4,175,FALSE,175,low,875
Packaged Food,Moi Soi Kung Pao Sauce - For Stir Fry Marinade Spread & Dip,2.8,50,5,1.4,175,FALSE,175,low,875
Ice Cream & Desserts,Moi Soi Kung Pao Sauce - For Stir Fry Marinade Spread & Dip,2.8,50,5,1.4,175,FALSE,175,low,875
Chocolates & Candies,Moi Soi Kung Pao Sauce - For Stir Fry Marinade Spread & Dip,2.8,50,5,1.4,175,FALSE,175,low,875
Packaged Food,Moi Soi Manchurian Sauce - For Stir Fry Marinade Spread & Dip,2.8,50,6,1.4,175,FALSE,175,low,1050
Ice Cream & Desserts,Moi Soi Manchurian Sauce - For Stir Fry Marinade Spread & Dip,2.8,50,6,1.4,175,FALSE,175,low,1050
Chocolates & Candies,Moi Soi Manchurian Sauce - For Stir Fry Marinade Spread & Dip,2.8,50,6,1.4,175,FALSE,175,low,1050
Packaged Food,Moi Soi Sichuan Chilli Oil- For Stir Fry Marinade Spread & Dip,2.8,50,5,1.4,175,FALSE,175,low,875
Ice Cream & Desserts,Moi Soi Sichuan Chilli Oil- For Stir Fry Marinade Spread & Dip,2.8,50,5,1.4,175,FALSE,175,low,875
Chocolates & Candies,Moi Soi Sichuan Chilli Oil- For Stir Fry Marinade Spread & Dip,2.8,50,5,1.4,175,FALSE,175,low,875
Home & Cleaning,Mortein Dual All Insect Killer Spray,2.8,10,6,2.52,600,FALSE,600,low,3600
Cooking Essentials,Popular Essentials Poppy Seeds (Gasagase),2.8,7,6,2.6,100,FALSE,100,low,600
Munchies,Popular Essentials Poppy Seeds (Gasagase),2.8,7,6,2.6,100,FALSE,100,low,600
Packaged Food,Nestle Cerelac Baby Cereal with Milk 5 Grains & Vegetables from 18 to 24 Month,2.79,0,5,2.79,300,FALSE,300,low,1500
Ice Cream & Desserts,Nestle Cerelac Baby Cereal with Milk 5 Grains & Vegetables from 18 to 24 Month,2.79,0,5,2.79,300,FALSE,300,low,1500
Chocolates & Candies,Nestle Cerelac Baby Cereal with Milk 5 Grains & Vegetables from 18 to 24 Month,2.79,0,5,2.79,300,FALSE,300,low,1500
Cooking Essentials,Quaker Oats Pouch,2.76,10,6,2.48,1500,FALSE,1,medium,9000
Munchies,Quaker Oats Pouch,2.76,10,6,2.48,1500,FALSE,1,medium,9000
Packaged Food,Quaker Oats Pouch,2.76,10,6,2.48,1500,FALSE,1,medium,9000
Ice Cream & Desserts,Quaker Oats Pouch,2.76,10,6,2.48,1500,FALSE,1,medium,9000
Chocolates & Candies,Quaker Oats Pouch,2.76,10,6,2.48,1500,FALSE,1,medium,9000
"Meats, Fish & Eggs",Godrej Real Good Chicken Boneless Cubes ,2.75,9,0,2.48,450,TRUE,450,low,0
"Meats, Fish & Eggs",Godrej Real Good Chicken Breast Boneless,2.75,9,6,2.48,450,FALSE,450,low,2700
"Meats, Fish & Eggs",Godrej Real Good Chicken Leg Boneless,2.75,9,3,2.48,450,FALSE,450,low,1350
Personal Care,Nivea Body Lotion Aloe Hydration For Normal Skin ,2.75,10,6,2.47,200,FALSE,200,low,1200
Paan Corner,Nivea Body Lotion Aloe Hydration For Normal Skin ,2.75,10,6,2.47,200,FALSE,200,low,1200
Home & Cleaning,Origami Good Karma Toilet Roll,2.75,14,6,2.34,232,FALSE,1,low,1392
Packaged Food,Pantai Chilli Garlic Sauce,2.75,14,6,2.34,200,FALSE,200,low,1200
Ice Cream & Desserts,Pantai Chilli Garlic Sauce,2.75,14,6,2.34,200,FALSE,200,low,1200
Chocolates & Candies,Pantai Chilli Garlic Sauce,2.75,14,6,2.34,200,FALSE,200,low,1200
Packaged Food,Pantai Dark Soy Sauce,2.75,14,6,2.34,200,FALSE,200,low,1200
Ice Cream & Desserts,Pantai Dark Soy Sauce,2.75,14,6,2.34,200,FALSE,200,low,1200
Chocolates & Candies,Pantai Dark Soy Sauce,2.75,14,6,2.34,200,FALSE,200,low,1200
Packaged Food,Pantai Fish Sauce,2.75,14,6,2.34,200,FALSE,200,low,1200
Ice Cream & Desserts,Pantai Fish Sauce,2.75,14,6,2.34,200,FALSE,200,low,1200
Chocolates & Candies,Pantai Fish Sauce,2.75,14,6,2.34,200,FALSE,200,low,1200
Packaged Food,Pantai Hot Chilli Sauce,2.75,14,6,2.34,200,FALSE,200,low,1200
Ice Cream & Desserts,Pantai Hot Chilli Sauce,2.75,14,6,2.34,200,FALSE,200,low,1200
Chocolates & Candies,Pantai Hot Chilli Sauce,2.75,14,6,2.34,200,FALSE,200,low,1200
Packaged Food,Pantai Light Soy Sauce,2.75,14,5,2.34,200,FALSE,200,low,1000
Ice Cream & Desserts,Pantai Light Soy Sauce,2.75,14,5,2.34,200,FALSE,200,low,1000
Chocolates & Candies,Pantai Light Soy Sauce,2.75,14,5,2.34,200,FALSE,200,low,1000
Packaged Food,Pantai Oyster Sauce,2.75,14,4,2.34,200,FALSE,200,low,800
Ice Cream & Desserts,Pantai Oyster Sauce,2.75,14,4,2.34,200,FALSE,200,low,800
Chocolates & Candies,Pantai Oyster Sauce,2.75,14,4,2.34,200,FALSE,200,low,800
Packaged Food,Pantai Spring Roll Sauce,2.75,10,6,2.45,200,FALSE,200,low,1200
Ice Cream & Desserts,Pantai Spring Roll Sauce,2.75,10,6,2.45,200,FALSE,200,low,1200
Chocolates & Candies,Pantai Spring Roll Sauce,2.75,10,6,2.45,200,FALSE,200,low,1200
Packaged Food,Pantai Sweet Chilli Sauce,2.75,14,6,2.34,200,FALSE,200,low,1200
Ice Cream & Desserts,Pantai Sweet Chilli Sauce,2.75,14,6,2.34,200,FALSE,200,low,1200
Chocolates & Candies,Pantai Sweet Chilli Sauce,2.75,14,6,2.34,200,FALSE,200,low,1200
Cooking Essentials,Pillsbury Atta/Godihittu - Chakki Fresh,2.75,0,6,2.75,5000,FALSE,5,bulk,30000
Munchies,Pillsbury Atta/Godihittu - Chakki Fresh,2.75,0,6,2.75,5000,FALSE,5,bulk,30000
"Dairy, Bread & Batter",RRO Fresh Ricotta,2.75,50,6,1.37,200,FALSE,200,low,1200
Beverages,RRO Fresh Ricotta,2.75,50,6,1.37,200,FALSE,200,low,1200
"Dairy, Bread & Batter",RRO Mozzarella Pizza Cheese,2.75,50,6,1.37,200,FALSE,200,low,1200
Beverages,RRO Mozzarella Pizza Cheese,2.75,50,6,1.37,200,FALSE,200,low,1200
"Dairy, Bread & Batter",RRO Sour Cream,2.75,50,4,1.37,200,FALSE,200,low,800
Beverages,RRO Sour Cream,2.75,50,4,1.37,200,FALSE,200,low,800
Packaged Food,Nestlé CERELAC Baby Cereal with Milk,2.72,0,1,2.72,300,FALSE,300,low,300
Ice Cream & Desserts,Nestlé CERELAC Baby Cereal with Milk,2.72,0,1,2.72,300,FALSE,300,low,300
Chocolates & Candies,Nestlé CERELAC Baby Cereal with Milk,2.72,0,1,2.72,300,FALSE,300,low,300
Cooking Essentials,Hershey's Cocoa - Natural Unsweetened,2.7,10,4,2.43,225,FALSE,225,low,900
Munchies,Hershey's Cocoa - Natural Unsweetened,2.7,10,4,2.43,225,FALSE,225,low,900
Personal Care,Himalaya Purifying Neem Face Wash Tube,2.7,15,6,2.29,300,FALSE,300,low,1800
Paan Corner,Himalaya Purifying Neem Face Wash Tube,2.7,15,6,2.29,300,FALSE,300,low,1800
Health & Hygiene,Horlicks Protein Plus Chocolate,2.7,0,2,2.7,200,FALSE,200,low,400
Packaged Food,Prasuma Vegetable Momos,2.7,0,5,2.7,24,FALSE,24,low,120
Ice Cream & Desserts,Prasuma Vegetable Momos,2.7,0,5,2.7,24,FALSE,24,low,120
Chocolates & Candies,Prasuma Vegetable Momos,2.7,0,5,2.7,24,FALSE,24,low,120
Cooking Essentials,Sugarfree Gold Low Calorie Sweetner ,2.7,7,6,2.51,50,FALSE,50,low,300
Munchies,Sugarfree Gold Low Calorie Sweetner ,2.7,7,6,2.51,50,FALSE,50,low,300
"Meats, Fish & Eggs",Zorabian Chicken Cubes,2.7,0,0,2.7,500,TRUE,500,low,0
Home & Cleaning,Hit Lime Fresh Flying Insect Killer,2.69,0,6,2.69,385,FALSE,385,low,2310
Personal Care,Dove Dryness Care Shampoo,2.68,5,1,2.52,340,FALSE,340,low,340
Paan Corner,Dove Dryness Care Shampoo,2.68,5,1,2.52,340,FALSE,340,low,340
"Meats, Fish & Eggs",Godrej Real Good Chicken Drumstick ,2.65,9,2,2.39,500,FALSE,500,low,1000
Packaged Food,Kelloggs Corn Flakes With Real Strawberry Pure,2.65,10,0,2.36,575,TRUE,575,low,0
Ice Cream & Desserts,Kelloggs Corn Flakes With Real Strawberry Pure,2.65,10,0,2.36,575,TRUE,575,low,0
Chocolates & Candies,Kelloggs Corn Flakes With Real Strawberry Pure,2.65,10,0,2.36,575,TRUE,575,low,0
Personal Care,L'Oreal Paris Total Repair 5 Shampoo,2.65,0,2,2.65,396,FALSE,360,low,792
Paan Corner,L'Oreal Paris Total Repair 5 Shampoo,2.65,0,2,2.65,396,FALSE,360,low,792
Cooking Essentials,Oleev Active Oil (Pouch),2.65,9,6,2.39,1000,FALSE,1,low,6000
Munchies,Oleev Active Oil (Pouch),2.65,9,6,2.39,1000,FALSE,1,low,6000
Home & Cleaning,Origami Kitchen Towels 4 in 1 60 Pulls 2 Ply,2.65,0,6,2.65,58,FALSE,1,low,348
Personal Care,Pantene Advanced Hair Fall Solution Shampoo - Total Damage Care,2.64,0,6,2.64,340,FALSE,340,low,2040
Paan Corner,Pantene Advanced Hair Fall Solution Shampoo - Total Damage Care,2.64,0,6,2.64,340,FALSE,340,low,2040
Packaged Food,Nestle Cerelac Baby Cereal With Milk Wheat-Rice Mixed Fruit,2.61,0,6,2.61,300,FALSE,300,low,1800
Ice Cream & Desserts,Nestle Cerelac Baby Cereal With Milk Wheat-Rice Mixed Fruit,2.61,0,6,2.61,300,FALSE,300,low,1800
Chocolates & Candies,Nestle Cerelac Baby Cereal With Milk Wheat-Rice Mixed Fruit,2.61,0,6,2.61,300,FALSE,300,low,1800
"Meats, Fish & Eggs",TGFC Chicken Boneless Fresh Whole,2.61,14,1,2.22,500,FALSE,500,low,500
Cooking Essentials,24 Mantra Organic Tur Dal,2.6,20,6,2.08,1000,FALSE,1,low,6000
Munchies,24 Mantra Organic Tur Dal,2.6,20,6,2.08,1000,FALSE,1,low,6000
Home & Cleaning,Ariel Matic Front Load Detergent Powder,2.6,0,6,2.6,1000,FALSE,1,low,6000
Personal Care,Dettol Intense Cool Soap (B4G1),2.6,5,6,2.47,625,FALSE,625,low,3750
Paan Corner,Dettol Intense Cool Soap (B4G1),2.6,5,6,2.47,625,FALSE,625,low,3750
Personal Care,Dettol Original Soap (B4G1),2.6,5,6,2.47,625,FALSE,625,low,3750
Paan Corner,Dettol Original Soap (B4G1),2.6,5,6,2.47,625,FALSE,625,low,3750
Personal Care,Gillete Mach3 ,2.6,10,6,2.34,116,FALSE,2,low,696
Paan Corner,Gillete Mach3 ,2.6,10,6,2.34,116,FALSE,2,low,696
Packaged Food,Godrej Yummiez Chicken Lucknowi Seekh Kebab,2.6,10,4,2.34,400,FALSE,400,low,1600
Ice Cream & Desserts,Godrej Yummiez Chicken Lucknowi Seekh Kebab,2.6,10,4,2.34,400,FALSE,400,low,1600
Chocolates & Candies,Godrej Yummiez Chicken Lucknowi Seekh Kebab,2.6,10,4,2.34,400,FALSE,400,low,1600
"Meats, Fish & Eggs",Godrej Yummiez Chicken Lucknowi Seekh Kebab,2.6,10,4,2.34,400,FALSE,400,low,1600
Personal Care,Himalaya Anti Dandruff Shampoo,2.6,18,1,2.13,400,FALSE,400,low,400
Paan Corner,Himalaya Anti Dandruff Shampoo,2.6,18,1,2.13,400,FALSE,400,low,400
"Meats, Fish & Eggs",TGFC Tilapia Curry Cut,2.59,43,1,1.47,500,FALSE,500,low,500
Cooking Essentials,Amul Pure Ghee (Pouch),2.55,2,6,2.49,500,FALSE,500,low,3000
Munchies,Amul Pure Ghee (Pouch),2.55,2,6,2.49,500,FALSE,500,low,3000
"Meats, Fish & Eggs",Godrej Real Good Chicken Kheema,2.55,9,3,2.3,450,FALSE,450,low,1350
Cooking Essentials,RRO Primio Refined Groundnut Oil Pet Bottle,2.55,6,2,2.39,1000,FALSE,1,low,2000
Munchies,RRO Primio Refined Groundnut Oil Pet Bottle,2.55,6,2,2.39,1000,FALSE,1,low,2000
Cooking Essentials,Aashirvaad Superior MP Atta,2.5,2,6,2.45,5000,FALSE,5,bulk,30000
Munchies,Aashirvaad Superior MP Atta,2.5,2,6,2.45,5000,FALSE,5,bulk,30000
Home & Cleaning,Ariel Matic Liquid Detergent Front Load,2.5,0,6,2.5,1000,FALSE,1,low,6000
Home & Cleaning,Ariel Matic Liquid Detergent Front Load,2.5,0,4,2.5,1000,FALSE,1,low,4000
Cooking Essentials,Borges Durum Wheat Fusilli Pasta ,2.5,0,3,2.5,500,FALSE,500,low,1500
Munchies,Borges Durum Wheat Fusilli Pasta ,2.5,0,3,2.5,500,FALSE,500,low,1500
Packaged Food,Borges Durum Wheat Fusilli Pasta ,2.5,0,3,2.5,500,FALSE,500,low,1500
Ice Cream & Desserts,Borges Durum Wheat Fusilli Pasta ,2.5,0,3,2.5,500,FALSE,500,low,1500
Chocolates & Candies,Borges Durum Wheat Fusilli Pasta ,2.5,0,3,2.5,500,FALSE,500,low,1500
Cooking Essentials,Borges Durum Wheat Pasta Superior Quality,2.5,40,6,1.49,500,FALSE,500,low,3000
Munchies,Borges Durum Wheat Pasta Superior Quality,2.5,40,6,1.49,500,FALSE,500,low,3000
Packaged Food,Borges Durum Wheat Pasta Superior Quality,2.5,40,6,1.49,500,FALSE,500,low,3000
Ice Cream & Desserts,Borges Durum Wheat Pasta Superior Quality,2.5,40,6,1.49,500,FALSE,500,low,3000
Chocolates & Candies,Borges Durum Wheat Pasta Superior Quality,2.5,40,6,1.49,500,FALSE,500,low,3000
Cooking Essentials,Borges Farfalle Durum Wheat Pasta ,2.5,0,5,2.5,500,FALSE,500,low,2500
Munchies,Borges Farfalle Durum Wheat Pasta ,2.5,0,5,2.5,500,FALSE,500,low,2500
Packaged Food,Borges Farfalle Durum Wheat Pasta ,2.5,0,5,2.5,500,FALSE,500,low,2500
Ice Cream & Desserts,Borges Farfalle Durum Wheat Pasta ,2.5,0,5,2.5,500,FALSE,500,low,2500
Chocolates & Candies,Borges Farfalle Durum Wheat Pasta ,2.5,0,5,2.5,500,FALSE,500,low,2500
Cooking Essentials,Cantina Beans Mexican Beans,2.5,14,6,2.13,410,FALSE,410,low,2460
Munchies,Cantina Beans Mexican Beans,2.5,14,6,2.13,410,FALSE,410,low,2460
Packaged Food,Cantina Beans Mexican Beans,2.5,14,6,2.13,410,FALSE,410,low,2460
Ice Cream & Desserts,Cantina Beans Mexican Beans,2.5,14,6,2.13,410,FALSE,410,low,2460
Chocolates & Candies,Cantina Beans Mexican Beans,2.5,14,6,2.13,410,FALSE,410,low,2460
Packaged Food,Del Monte Black Sliced Olives,2.5,0,1,2.5,450,FALSE,450,low,450
Ice Cream & Desserts,Del Monte Black Sliced Olives,2.5,0,1,2.5,450,FALSE,450,low,450
Chocolates & Candies,Del Monte Black Sliced Olives,2.5,0,1,2.5,450,FALSE,450,low,450
Packaged Food,Del Monte Pitted Green Olives,2.5,0,0,2.5,450,TRUE,450,low,0
Ice Cream & Desserts,Del Monte Pitted Green Olives,2.5,0,0,2.5,450,TRUE,450,low,0
Chocolates & Candies,Del Monte Pitted Green Olives,2.5,0,0,2.5,450,TRUE,450,low,0
Personal Care,Dettol Clinical Strength Hand Sanitizer Liquid,2.5,10,6,2.25,500,FALSE,500,low,3000
Paan Corner,Dettol Clinical Strength Hand Sanitizer Liquid,2.5,10,6,2.25,500,FALSE,500,low,3000
Health & Hygiene,Dettol Clinical Strength Hand Sanitizer Liquid,2.5,10,6,2.25,500,FALSE,500,low,3000
Personal Care,Fogg Master - Royal Intense,2.5,0,5,2.5,120,FALSE,120,low,600
Paan Corner,Fogg Master - Royal Intense,2.5,0,5,2.5,120,FALSE,120,low,600
Personal Care,Fogg Paradise Fragrant Body Spray For Women ,2.5,0,6,2.5,150,FALSE,150,low,900
Paan Corner,Fogg Paradise Fragrant Body Spray For Women ,2.5,0,6,2.5,150,FALSE,150,low,900
Personal Care,Livon Anti-Frizz Serum,2.5,10,3,2.25,100,FALSE,100,low,300
Paan Corner,Livon Anti-Frizz Serum,2.5,10,3,2.25,100,FALSE,100,low,300
Personal Care,Neutrogena Ultra Sheer Dry Touch SPF 50+ Sunblock Sunscreen Lotion,2.5,10,3,2.25,30,FALSE,30,low,90
Paan Corner,Neutrogena Ultra Sheer Dry Touch SPF 50+ Sunblock Sunscreen Lotion,2.5,10,3,2.25,30,FALSE,30,low,90
Personal Care,Old Spice Original After Shave Lotion,2.5,0,1,2.5,150,FALSE,150,low,150
Paan Corner,Old Spice Original After Shave Lotion,2.5,0,1,2.5,150,FALSE,150,low,150
Home & Cleaning,Origami Plates Plain,2.5,10,0,2.25,100,TRUE,100,low,0
Packaged Food,Remia Salad Caesar Dressing,2.5,0,6,2.5,250,FALSE,250,low,1500
Ice Cream & Desserts,Remia Salad Caesar Dressing,2.5,0,6,2.5,250,FALSE,250,low,1500
Chocolates & Candies,Remia Salad Caesar Dressing,2.5,0,6,2.5,250,FALSE,250,low,1500
"Dairy, Bread & Batter",RRO Burrata Cheese,2.5,50,4,1.25,200,FALSE,200,low,800
Beverages,RRO Burrata Cheese,2.5,50,4,1.25,200,FALSE,200,low,800
Home & Cleaning,Whiskas Adult +1 year Salmon in Gravy,2.5,10,3,2.25,85,FALSE,1,low,255
Cooking Essentials,Yummiez Chicken Garlic Fingers Pouch,2.5,0,5,2.5,400,FALSE,400,low,2000
Munchies,Yummiez Chicken Garlic Fingers Pouch,2.5,0,5,2.5,400,FALSE,400,low,2000
Packaged Food,Yummiez Chicken Garlic Fingers Pouch,2.5,0,5,2.5,400,FALSE,400,low,2000
Ice Cream & Desserts,Yummiez Chicken Garlic Fingers Pouch,2.5,0,5,2.5,400,FALSE,400,low,2000
Chocolates & Candies,Yummiez Chicken Garlic Fingers Pouch,2.5,0,5,2.5,400,FALSE,400,low,2000
"Meats, Fish & Eggs",Yummiez Chicken Garlic Fingers Pouch,2.5,0,5,2.5,400,FALSE,400,low,2000
Packaged Food,Yummiez Green Peas,2.5,0,0,2.5,1000,TRUE,1,low,0
Ice Cream & Desserts,Yummiez Green Peas,2.5,0,0,2.5,1000,TRUE,1,low,0
Chocolates & Candies,Yummiez Green Peas,2.5,0,0,2.5,1000,TRUE,1,low,0
"Meats, Fish & Eggs",Zorabian Chicken Leg Boneless ,2.5,0,0,2.5,450,TRUE,450,low,0
"Meats, Fish & Eggs",Zorabian Chicken Mince,2.5,0,0,2.5,450,TRUE,450,low,0
Personal Care,Bombay Shaving Company Charcoal Face Wash,2.49,0,4,2.49,100,FALSE,100,low,400
Paan Corner,Bombay Shaving Company Charcoal Face Wash,2.49,0,4,2.49,100,FALSE,100,low,400
Personal Care,Gillette Mach 3 Start,2.49,0,6,2.49,116,FALSE,2,low,696
Paan Corner,Gillette Mach 3 Start,2.49,0,6,2.49,116,FALSE,2,low,696
Personal Care,Gillette Venus Close & Clean Razor ,2.49,7,0,2.3,58,TRUE,1,low,0
Paan Corner,Gillette Venus Close & Clean Razor ,2.49,7,0,2.3,58,TRUE,1,low,0
Health & Hygiene,Gillette Venus Close & Clean Razor ,2.49,7,0,2.3,58,TRUE,1,low,0
"Dairy, Bread & Batter",Go Cheese Processed Block,2.49,4,6,2.37,400,FALSE,400,low,2400
Beverages,Go Cheese Processed Block,2.49,4,6,2.37,400,FALSE,400,low,2400
Health & Hygiene,Kapiva Wild Amla Juice,2.49,14,6,2.12,1000,FALSE,1,low,6000
Personal Care,Mamaearth Moisturizing Baby Bath Soap,2.49,0,4,2.49,150,FALSE,150,low,600
Paan Corner,Mamaearth Moisturizing Baby Bath Soap,2.49,0,4,2.49,150,FALSE,150,low,600
Personal Care,Palmolive Feel The Massage Shower Gel,2.49,20,6,1.99,250,FALSE,250,low,1500
Paan Corner,Palmolive Feel The Massage Shower Gel,2.49,20,6,1.99,250,FALSE,250,low,1500
Personal Care,Sunsilk Lusciously Thick & Long Shampoo,2.49,6,6,2.34,340,FALSE,340,low,2040
Paan Corner,Sunsilk Lusciously Thick & Long Shampoo,2.49,6,6,2.34,340,FALSE,340,low,2040
"Meats, Fish & Eggs",TGFC Chicken Curry Cut Fresh,2.49,25,1,1.86,500,FALSE,500,low,500
"Meats, Fish & Eggs",TGFC Rohu Bengali Cut,2.49,28,1,1.79,500,FALSE,500,low,500
"Dairy, Bread & Batter",Yoga Bar Peanut Butter Dark Chocolate Jar,2.49,0,4,2.49,400,FALSE,400,low,1600
Beverages,Yoga Bar Peanut Butter Dark Chocolate Jar,2.49,0,4,2.49,400,FALSE,400,low,1600
Packaged Food,Yoga Bar Peanut Butter Dark Chocolate Jar,2.49,0,4,2.49,400,FALSE,400,low,1600
Ice Cream & Desserts,Yoga Bar Peanut Butter Dark Chocolate Jar,2.49,0,4,2.49,400,FALSE,400,low,1600
Chocolates & Candies,Yoga Bar Peanut Butter Dark Chocolate Jar,2.49,0,4,2.49,400,FALSE,400,low,1600
"Dairy, Bread & Batter",Amul Butter - Pasteurised,2.45,2,6,2.4,500,FALSE,500,low,3000
Beverages,Amul Butter - Pasteurised,2.45,2,6,2.4,500,FALSE,500,low,3000
"Dairy, Bread & Batter",Amul Cheese - Block,2.45,2,6,2.4,500,FALSE,500,low,3000
Beverages,Amul Cheese - Block,2.45,2,6,2.4,500,FALSE,500,low,3000
"Dairy, Bread & Batter",Amul Unsalted Cooking Butter,2.45,2,6,2.38,500,FALSE,500,low,3000
Beverages,Amul Unsalted Cooking Butter,2.45,2,6,2.38,500,FALSE,500,low,3000
Personal Care,Dove Pink Rosa Beauty Bathing Bar,2.45,9,6,2.21,100,FALSE,100,low,600
Paan Corner,Dove Pink Rosa Beauty Bathing Bar,2.45,9,6,2.21,100,FALSE,100,low,600
Health & Hygiene,Durex Air Ultra Thin Condom,2.45,10,6,2.2,580,FALSE,10,low,3480
Health & Hygiene,Durex Extra Ribbed Condoms,2.45,10,2,2.2,580,FALSE,10,low,1160
Cooking Essentials,Everest Shahi Biryani Masala,2.45,0,6,2.45,200,FALSE,200,low,1200
Munchies,Everest Shahi Biryani Masala,2.45,0,6,2.45,200,FALSE,200,low,1200
"Meats, Fish & Eggs",Godrej Real Good Marinated Hot & Grill Chicken,2.45,9,2,2.21,450,FALSE,450,low,900
Cooking Essentials,Happilo Premium International Queen Kalmi Dates,2.45,29,6,1.72,200,FALSE,200,low,1200
Munchies,Happilo Premium International Queen Kalmi Dates,2.45,29,6,1.72,200,FALSE,200,low,1200
Personal Care,Johnson's Baby Skincare Wipes,2.45,9,6,2.21,72,FALSE,72,low,432
Paan Corner,Johnson's Baby Skincare Wipes,2.45,9,6,2.21,72,FALSE,72,low,432
Personal Care,Dove Daily Shine Shampoo,2.4,0,4,2.4,340,FALSE,340,low,1360
Paan Corner,Dove Daily Shine Shampoo,2.4,0,4,2.4,340,FALSE,340,low,1360
Home & Cleaning,Origami Paper Party Plates,2.4,0,6,2.4,580,FALSE,50,low,3480
Home & Cleaning,Origami Paper Plates,2.4,15,5,2.04,50,FALSE,50,low,250
Personal Care,Pantene Hair Fall Control Shampoo,2.4,7,2,2.21,340,FALSE,340,low,680
Paan Corner,Pantene Hair Fall Control Shampoo,2.4,7,2,2.21,340,FALSE,340,low,680
Cooking Essentials,Praakritik Organic Singhara Atta,2.4,6,4,2.25,500,FALSE,500,low,2000
Munchies,Praakritik Organic Singhara Atta,2.4,6,4,2.25,500,FALSE,500,low,2000
"Dairy, Bread & Batter",Amul Safed Makkhan,2.35,1,6,2.32,500,FALSE,500,low,3000
Beverages,Amul Safed Makkhan,2.35,1,6,2.32,500,FALSE,500,low,3000
Home & Cleaning,Comfort After Wash Fabric Conditioner Lily Fresh ,2.35,9,0,2.12,860,TRUE,860,low,0
Health & Hygiene,Dabur Amla Juice,2.35,15,6,1.99,1000,FALSE,1,low,6000
Health & Hygiene,Dabur Chyawanprakash Sugar Free,2.35,5,6,2.23,500,FALSE,500,low,3000
Cooking Essentials,Dlicia Whip Topping Bottle,2.35,27,5,1.71,1000,FALSE,1,low,5000
Munchies,Dlicia Whip Topping Bottle,2.35,27,5,1.71,1000,FALSE,1,low,5000
"Dairy, Bread & Batter",Dlicia Whip Topping Bottle,2.35,27,5,1.71,1000,FALSE,1,low,5000
Beverages,Dlicia Whip Topping Bottle,2.35,27,5,1.71,1000,FALSE,1,low,5000
Personal Care,Dove Cream Beauty Bathing Bar,2.35,9,6,2.12,125,FALSE,125,low,750
Paan Corner,Dove Cream Beauty Bathing Bar,2.35,9,6,2.12,125,FALSE,125,low,750
Cooking Essentials,Everest Tikhalal Chilli Powder,2.35,9,6,2.12,500,FALSE,500,low,3000
Munchies,Everest Tikhalal Chilli Powder,2.35,9,6,2.12,500,FALSE,500,low,3000
Personal Care,Himalaya Baby Powder,2.35,20,6,1.88,400,FALSE,400,low,2400
Paan Corner,Himalaya Baby Powder,2.35,20,6,1.88,400,FALSE,400,low,2400
Personal Care,Johnson's Baby Powder,2.35,0,6,2.35,400,FALSE,400,low,2400
Paan Corner,Johnson's Baby Powder,2.35,0,6,2.35,400,FALSE,400,low,2400
"Dairy, Bread & Batter",The Whole Truth Dark Chocolate Peanut Butter - Creamy,2.35,25,6,1.74,325,FALSE,325,low,1950
Beverages,The Whole Truth Dark Chocolate Peanut Butter - Creamy,2.35,25,6,1.74,325,FALSE,325,low,1950
Packaged Food,The Whole Truth Dark Chocolate Peanut Butter - Creamy,2.35,25,6,1.74,325,FALSE,325,low,1950
Ice Cream & Desserts,The Whole Truth Dark Chocolate Peanut Butter - Creamy,2.35,25,6,1.74,325,FALSE,325,low,1950
Chocolates & Candies,The Whole Truth Dark Chocolate Peanut Butter - Creamy,2.35,25,6,1.74,325,FALSE,325,low,1950
"Dairy, Bread & Batter",The Whole Truth Dark Chocolate Peanut Butter - Crunchy,2.35,20,5,1.88,325,FALSE,325,low,1625
Beverages,The Whole Truth Dark Chocolate Peanut Butter - Crunchy,2.35,20,5,1.88,325,FALSE,325,low,1625
Packaged Food,The Whole Truth Dark Chocolate Peanut Butter - Crunchy,2.35,20,5,1.88,325,FALSE,325,low,1625
Ice Cream & Desserts,The Whole Truth Dark Chocolate Peanut Butter - Crunchy,2.35,20,5,1.88,325,FALSE,325,low,1625
Chocolates & Candies,The Whole Truth Dark Chocolate Peanut Butter - Crunchy,2.35,20,5,1.88,325,FALSE,325,low,1625
Personal Care,Veet Full Body Waxing Kit,2.35,7,6,2.18,1160,FALSE,20,medium,6960
Paan Corner,Veet Full Body Waxing Kit,2.35,7,6,2.18,1160,FALSE,20,medium,6960
Personal Care,Veet Full Body Waxing Kit For Dry Skin,2.35,7,6,2.18,1160,FALSE,20,medium,6960
Paan Corner,Veet Full Body Waxing Kit For Dry Skin,2.35,7,6,2.18,1160,FALSE,20,medium,6960
Health & Hygiene,Veet Full Body Waxing Kit For Dry Skin,2.35,7,6,2.18,1160,FALSE,20,medium,6960
Biscuits,Britannia Good Day Cashew Cookies,2.3,25,0,1.72,1000,TRUE,1,low,0
Cooking Essentials,Dhara Groundnut Oil (Pouch),2.3,11,6,2.03,1000,FALSE,1,low,6000
Munchies,Dhara Groundnut Oil (Pouch),2.3,11,6,2.03,1000,FALSE,1,low,6000
Personal Care,Fogg Royal Fragrance Spray,2.3,0,4,2.3,150,FALSE,120,low,600
Paan Corner,Fogg Royal Fragrance Spray,2.3,0,4,2.3,150,FALSE,120,low,600
Cooking Essentials,Fortune Sunlite Refined Sunflower (Pouch),2.3,4,6,2.19,1000,FALSE,1,low,6000
Munchies,Fortune Sunlite Refined Sunflower (Pouch),2.3,4,6,2.19,1000,FALSE,1,low,6000
Packaged Food,Godrej Yummiez Cheese Corn Nuggets ,2.3,0,4,2.3,400,FALSE,400,low,1600
Ice Cream & Desserts,Godrej Yummiez Cheese Corn Nuggets ,2.3,0,4,2.3,400,FALSE,400,low,1600
Chocolates & Candies,Godrej Yummiez Cheese Corn Nuggets ,2.3,0,4,2.3,400,FALSE,400,low,1600
Cooking Essentials,Hershey's Caramel Syrup,2.3,0,1,2.3,623,FALSE,623,low,623
Munchies,Hershey's Caramel Syrup,2.3,0,1,2.3,623,FALSE,623,low,623
Personal Care,Himalaya Anti-Hair Fall Shampoo,2.3,18,1,1.88,400,FALSE,400,low,400
Paan Corner,Himalaya Anti-Hair Fall Shampoo,2.3,18,1,1.88,400,FALSE,400,low,400
Packaged Food,Remia Mayonnaise,2.3,0,6,2.3,241,FALSE,241,low,1446
Ice Cream & Desserts,Remia Mayonnaise,2.3,0,6,2.3,241,FALSE,241,low,1446
Chocolates & Candies,Remia Mayonnaise,2.3,0,6,2.3,241,FALSE,241,low,1446
Packaged Food,Remia Salad Italian Dressing ,2.3,0,6,2.3,250,FALSE,250,low,1500
Ice Cream & Desserts,Remia Salad Italian Dressing ,2.3,0,6,2.3,250,FALSE,250,low,1500
Chocolates & Candies,Remia Salad Italian Dressing ,2.3,0,6,2.3,250,FALSE,250,low,1500
Packaged Food,Yummiez Veg Cheese Fingers Pouch,2.3,0,4,2.3,400,FALSE,400,low,1600
Ice Cream & Desserts,Yummiez Veg Cheese Fingers Pouch,2.3,0,4,2.3,400,FALSE,400,low,1600
Chocolates & Candies,Yummiez Veg Cheese Fingers Pouch,2.3,0,4,2.3,400,FALSE,400,low,1600
"Dairy, Bread & Batter",Yogabar 100% Pure Peanut Butter Creamy & Yummy Unsweetened,2.29,10,6,2.06,400,FALSE,400,low,2400
Beverages,Yogabar 100% Pure Peanut Butter Creamy & Yummy Unsweetened,2.29,10,6,2.06,400,FALSE,400,low,2400
Packaged Food,Yogabar 100% Pure Peanut Butter Creamy & Yummy Unsweetened,2.29,10,6,2.06,400,FALSE,400,low,2400
Ice Cream & Desserts,Yogabar 100% Pure Peanut Butter Creamy & Yummy Unsweetened,2.29,10,6,2.06,400,FALSE,400,low,2400
Chocolates & Candies,Yogabar 100% Pure Peanut Butter Creamy & Yummy Unsweetened,2.29,10,6,2.06,400,FALSE,400,low,2400
Health & Hygiene,Durex Extra Dots Condoms,2.28,10,6,2.05,580,FALSE,10,low,3480
Health & Hygiene,Durex Extra Thin Condoms,2.28,10,6,2.05,580,FALSE,10,low,3480
Health & Hygiene,Durex Extra Time Condoms,2.28,10,6,2.05,580,FALSE,10,low,3480
Home & Cleaning,Ariel Matic Liquid Detergent Front Load,2.25,0,6,2.25,1000,FALSE,1,low,6000
Home & Cleaning,Ariel Matic Top Load Detergent Washing Powder,2.25,0,6,2.25,1000,FALSE,1,low,6000
Packaged Food,Cantina Tortilla Dip Sauce Sour Creamy Tex Mex,2.25,15,5,1.91,190,FALSE,190,low,950
Ice Cream & Desserts,Cantina Tortilla Dip Sauce Sour Creamy Tex Mex,2.25,15,5,1.91,190,FALSE,190,low,950
Chocolates & Candies,Cantina Tortilla Dip Sauce Sour Creamy Tex Mex,2.25,15,5,1.91,190,FALSE,190,low,950
Personal Care,Fiama Di Wills Men's Refreshing Pulse Shower Gel,2.25,4,3,2.14,250,FALSE,250,low,750
Paan Corner,Fiama Di Wills Men's Refreshing Pulse Shower Gel,2.25,4,3,2.14,250,FALSE,250,low,750
Personal Care,Fiama Lemongrass and Jojoba Shower Gel,2.25,20,6,1.8,250,FALSE,250,low,1500
Paan Corner,Fiama Lemongrass and Jojoba Shower Gel,2.25,20,6,1.8,250,FALSE,250,low,1500
Personal Care,Fiama Men's Refreshing Pulse Shower Gel,2.25,20,4,1.8,250,FALSE,250,low,1000
Paan Corner,Fiama Men's Refreshing Pulse Shower Gel,2.25,20,4,1.8,250,FALSE,250,low,1000
Cooking Essentials,Fortune Rice Bran (Pouch),2.25,11,6,1.99,1000,FALSE,1,low,6000
Munchies,Fortune Rice Bran (Pouch),2.25,11,6,1.99,1000,FALSE,1,low,6000
Personal Care,Gillette Pre Shave Foam - Classic Regular Skin,2.25,0,6,2.25,418,FALSE,418,low,2508
Paan Corner,Gillette Pre Shave Foam - Classic Regular Skin,2.25,0,6,2.25,418,FALSE,418,low,2508
Personal Care,Gillette Sensitive Shaving Foam,2.25,6,4,2.1,418,FALSE,418,low,1672
Paan Corner,Gillette Sensitive Shaving Foam,2.25,6,4,2.1,418,FALSE,418,low,1672
Personal Care,Lakme Sun Expert,2.25,0,6,2.25,60,FALSE,60,low,360
Paan Corner,Lakme Sun Expert,2.25,0,6,2.25,60,FALSE,60,low,360
Personal Care,Nivea Men Deodorant Fresh Active 48h Long lasting Freshness,2.25,24,6,1.69,150,FALSE,150,low,900
Paan Corner,Nivea Men Deodorant Fresh Active 48h Long lasting Freshness,2.25,24,6,1.69,150,FALSE,150,low,900
Home & Cleaning,Odonil Air Fresher Buy 3 Get 1 Free,2.25,5,3,2.13,300,FALSE,300,low,900
Health & Hygiene,Organic India Sugar Balance 60 Capsules Bottle,2.25,0,6,2.25,60,FALSE,60,low,360
Packaged Food,Pantai Sriracha Green Chilli Sauce,2.25,15,6,1.91,200,FALSE,200,low,1200
Ice Cream & Desserts,Pantai Sriracha Green Chilli Sauce,2.25,15,6,1.91,200,FALSE,200,low,1200
Chocolates & Candies,Pantai Sriracha Green Chilli Sauce,2.25,15,6,1.91,200,FALSE,200,low,1200
Packaged Food,Pantai Sriracha Red Chilli Sauce,2.25,15,6,1.91,200,FALSE,200,low,1200
Ice Cream & Desserts,Pantai Sriracha Red Chilli Sauce,2.25,15,6,1.91,200,FALSE,200,low,1200
Chocolates & Candies,Pantai Sriracha Red Chilli Sauce,2.25,15,6,1.91,200,FALSE,200,low,1200
Packaged Food,Pantai Sriracha Yellow Chilli Sauce,2.25,15,6,1.91,200,FALSE,200,low,1200
Ice Cream & Desserts,Pantai Sriracha Yellow Chilli Sauce,2.25,15,6,1.91,200,FALSE,200,low,1200
Chocolates & Candies,Pantai Sriracha Yellow Chilli Sauce,2.25,15,6,1.91,200,FALSE,200,low,1200
Personal Care,Pantene Silky Smooth Care Shampoo,2.25,6,3,2.1,340,FALSE,340,low,1020
Paan Corner,Pantene Silky Smooth Care Shampoo,2.25,6,3,2.1,340,FALSE,340,low,1020
Home & Cleaning,Surf Excel Matic Front Load Detergent Liquid,2.25,1,6,2.21,1000,FALSE,1,low,6000
Personal Care,Vaseline Intensive Care Aloe Fresh,2.25,9,6,2.03,200,FALSE,200,low,1200
Paan Corner,Vaseline Intensive Care Aloe Fresh,2.25,9,6,2.03,200,FALSE,200,low,1200
Cooking Essentials,Cadbury Cocoa Powder,2.23,5,6,2.11,150,FALSE,150,low,900
Munchies,Cadbury Cocoa Powder,2.23,5,6,2.11,150,FALSE,150,low,900
Home & Cleaning,Ariel Matic Front Load Liquid Detergent,2.2,0,4,2.2,1000,FALSE,1,low,4000
Cooking Essentials,Ceres Foods Fish Mustard Instant Liquid Masala,2.2,50,6,1.1,200,FALSE,200,low,1200
Munchies,Ceres Foods Fish Mustard Instant Liquid Masala,2.2,50,6,1.1,200,FALSE,200,low,1200
"Meats, Fish & Eggs",Ceres Foods Fish Mustard Instant Liquid Masala,2.2,50,6,1.1,200,FALSE,200,low,1200
Cooking Essentials,Ceres Foods Laal Maas Instant Liquid Masala,2.2,50,5,1.1,200,FALSE,200,low,1000
Munchies,Ceres Foods Laal Maas Instant Liquid Masala,2.2,50,5,1.1,200,FALSE,200,low,1000
"Meats, Fish & Eggs",Ceres Foods Laal Maas Instant Liquid Masala,2.2,50,5,1.1,200,FALSE,200,low,1000
Cooking Essentials,Ceres Foods Nalli Nihari Instant Liquid Masala,2.2,50,6,1.1,200,FALSE,200,low,1200
Munchies,Ceres Foods Nalli Nihari Instant Liquid Masala,2.2,50,6,1.1,200,FALSE,200,low,1200
"Meats, Fish & Eggs",Ceres Foods Nalli Nihari Instant Liquid Masala,2.2,50,6,1.1,200,FALSE,200,low,1200
Cooking Essentials,Dabur Honey ,2.2,7,3,2.04,500,FALSE,500,low,1500
Munchies,Dabur Honey ,2.2,7,3,2.04,500,FALSE,500,low,1500
Packaged Food,Ferrero Nutella Hazelnut Spread,2.2,5,2,2.07,180,FALSE,180,low,360
Ice Cream & Desserts,Ferrero Nutella Hazelnut Spread,2.2,5,2,2.07,180,FALSE,180,low,360
Chocolates & Candies,Ferrero Nutella Hazelnut Spread,2.2,5,2,2.07,180,FALSE,180,low,360
Cooking Essentials,Hershey's Chocolate Flavour Syrup,2.2,6,6,2.05,623,FALSE,680,low,3738
Munchies,Hershey's Chocolate Flavour Syrup,2.2,6,6,2.05,623,FALSE,680,low,3738
Packaged Food,Kellogg's All Bran Wheat Flakes,2.2,6,5,2.05,425,FALSE,425,low,2125
Ice Cream & Desserts,Kellogg's All Bran Wheat Flakes,2.2,6,5,2.05,425,FALSE,425,low,2125
Chocolates & Candies,Kellogg's All Bran Wheat Flakes,2.2,6,5,2.05,425,FALSE,425,low,2125
Packaged Food,Kitchens Of India Murgh Methi,2.2,30,5,1.54,285,FALSE,285,low,1425
Ice Cream & Desserts,Kitchens Of India Murgh Methi,2.2,30,5,1.54,285,FALSE,285,low,1425
Chocolates & Candies,Kitchens Of India Murgh Methi,2.2,30,5,1.54,285,FALSE,285,low,1425
Home & Cleaning,Philips EyePro 10.5W Light Bulb,2.2,10,6,1.98,58,FALSE,1,low,348
Personal Care,TRESemme Smooth And Shine Conditioner,2.2,0,5,2.2,190,FALSE,190,low,950
Paan Corner,TRESemme Smooth And Shine Conditioner,2.2,0,5,2.2,190,FALSE,190,low,950
Cooking Essentials,Fortune Kachi Ghani Mustard Oil Bottle,2.16,7,6,1.99,1000,FALSE,1,low,6000
Munchies,Fortune Kachi Ghani Mustard Oil Bottle,2.16,7,6,1.99,1000,FALSE,1,low,6000
"Meats, Fish & Eggs",Fresh Chicken Boneless Cubes (Halal),2.15,5,1,2.04,500,FALSE,500,low,500
"Meats, Fish & Eggs",Fresh Chicken Mince - Kheema (Halal),2.15,5,0,2.04,500,TRUE,500,low,0
Personal Care,Old Spice After Shave Lotion Musk,2.15,6,3,2,100,FALSE,100,low,300
Paan Corner,Old Spice After Shave Lotion Musk,2.15,6,3,2,100,FALSE,100,low,300
Cooking Essentials,"Oleev Smart Oil Fortified with VIT A, D, E & K (Pouch)",2.15,9,4,1.94,1000,FALSE,1,low,4000
Munchies,"Oleev Smart Oil Fortified with VIT A, D, E & K (Pouch)",2.15,9,4,1.94,1000,FALSE,1,low,4000
Personal Care,Parachute Advansed Gold Coconut Hair Oil,2.15,9,0,1.94,400,TRUE,400,low,0
Paan Corner,Parachute Advansed Gold Coconut Hair Oil,2.15,9,0,1.94,400,TRUE,400,low,0
Cooking Essentials,Saffola Gold Oil (Pouch),2.15,0,6,2.15,1000,FALSE,1,low,6000
Munchies,Saffola Gold Oil (Pouch),2.15,0,6,2.15,1000,FALSE,1,low,6000
Cooking Essentials,Sundrop Super Lite Advanced - Sunflower Oil,2.15,0,4,2.15,1000,FALSE,1,low,4000
Munchies,Sundrop Super Lite Advanced - Sunflower Oil,2.15,0,4,2.15,1000,FALSE,1,low,4000
"Dairy, Bread & Batter",The Whole Truth Peanut Butter - Sweetened & Crunchy,2.15,20,6,1.72,325,FALSE,325,low,1950
Beverages,The Whole Truth Peanut Butter - Sweetened & Crunchy,2.15,20,6,1.72,325,FALSE,325,low,1950
Packaged Food,The Whole Truth Peanut Butter - Sweetened & Crunchy,2.15,20,6,1.72,325,FALSE,325,low,1950
Ice Cream & Desserts,The Whole Truth Peanut Butter - Sweetened & Crunchy,2.15,20,6,1.72,325,FALSE,325,low,1950
Chocolates & Candies,The Whole Truth Peanut Butter - Sweetened & Crunchy,2.15,20,6,1.72,325,FALSE,325,low,1950
"Dairy, Bread & Batter",The Whole Truth Peanut Butter With Dates - Creamy No Sugar,2.15,9,6,1.94,325,FALSE,325,low,1950
Beverages,The Whole Truth Peanut Butter With Dates - Creamy No Sugar,2.15,9,6,1.94,325,FALSE,325,low,1950
Packaged Food,The Whole Truth Peanut Butter With Dates - Creamy No Sugar,2.15,9,6,1.94,325,FALSE,325,low,1950
Ice Cream & Desserts,The Whole Truth Peanut Butter With Dates - Creamy No Sugar,2.15,9,6,1.94,325,FALSE,325,low,1950
Chocolates & Candies,The Whole Truth Peanut Butter With Dates - Creamy No Sugar,2.15,9,6,1.94,325,FALSE,325,low,1950
Home & Cleaning,Tide Plus Extra Power Lemon & Mint Detergent Powder,2.15,1,6,2.11,2000,FALSE,2,medium,12000
Personal Care,Glow & Lovely Advanced Multivitamin Face Cream,2.13,10,6,1.9,110,FALSE,110,low,660
Paan Corner,Glow & Lovely Advanced Multivitamin Face Cream,2.13,10,6,1.9,110,FALSE,110,low,660
Personal Care,Axe Dark Temptation Men's Deodorant,2.1,7,5,1.94,150,FALSE,150,low,750
Paan Corner,Axe Dark Temptation Men's Deodorant,2.1,7,5,1.94,150,FALSE,150,low,750
Personal Care,Axe Pulse Men's Deodorant,2.1,0,6,2.1,150,FALSE,150,low,900
Paan Corner,Axe Pulse Men's Deodorant,2.1,0,6,2.1,150,FALSE,150,low,900
Cooking Essentials,Dhara Nourish Refined Sunflower Oil Pouch,2.1,5,6,1.99,1000,FALSE,1,low,6000
Munchies,Dhara Nourish Refined Sunflower Oil Pouch,2.1,5,6,1.99,1000,FALSE,1,low,6000
Personal Care,Engage M1 Perfume Spray for Men ,2.1,7,6,1.94,120,FALSE,120,low,720
Paan Corner,Engage M1 Perfume Spray for Men ,2.1,7,6,1.94,120,FALSE,120,low,720
Home & Cleaning,Eveready Ultima Alkaline AA Cell Battery-6 Pc Pack,2.1,10,6,1.89,348,FALSE,6,low,2088
Cooking Essentials,Fortune Soya Health Refined Soybean Oil,2.1,1,2,2.06,1000,FALSE,1,low,2000
Munchies,Fortune Soya Health Refined Soybean Oil,2.1,1,2,2.06,1000,FALSE,1,low,2000
Cooking Essentials,Fortune Soyabean Oil,2.1,13,0,1.81,1000,TRUE,1,low,0
Munchies,Fortune Soyabean Oil,2.1,13,0,1.81,1000,TRUE,1,low,0
"Meats, Fish & Eggs",Godrej Real Good Chicken Legs ,2.1,10,1,1.89,116,FALSE,2,low,116
Cooking Essentials,Hershey's Hot Chocolate Powder,2.1,0,4,2.1,250,FALSE,250,low,1000
Munchies,Hershey's Hot Chocolate Powder,2.1,0,4,2.1,250,FALSE,250,low,1000
Cooking Essentials,India Gate Basmati Rice,2.1,0,0,2.1,1000,TRUE,1,low,0
Munchies,India Gate Basmati Rice,2.1,0,0,2.1,1000,TRUE,1,low,0
Biscuits,Karachi Bakery Cashew Biscuits ,2.1,5,4,1.99,400,FALSE,400,low,1600
Packaged Food,Kelloggs Special K,2.1,8,5,1.92,435,FALSE,435,low,2175
Ice Cream & Desserts,Kelloggs Special K,2.1,8,5,1.92,435,FALSE,435,low,2175
Chocolates & Candies,Kelloggs Special K,2.1,8,5,1.92,435,FALSE,435,low,2175
Cooking Essentials,Nestle Everyday Dairy Whitener,2.1,0,4,2.1,400,FALSE,400,low,1600
Munchies,Nestle Everyday Dairy Whitener,2.1,0,4,2.1,400,FALSE,400,low,1600
"Dairy, Bread & Batter",Nestle Everyday Dairy Whitener,2.1,0,4,2.1,400,FALSE,400,low,1600
Beverages,Nestle Everyday Dairy Whitener,2.1,0,4,2.1,400,FALSE,400,low,1600
Cooking Essentials,Saffola Active Oil,2.1,0,6,2.1,1000,FALSE,1,low,6000
Munchies,Saffola Active Oil,2.1,0,6,2.1,1000,FALSE,1,low,6000
Personal Care,TRESemme Smooth And Shine Conditioner,2.1,13,1,1.82,190,FALSE,190,low,190
Paan Corner,TRESemme Smooth And Shine Conditioner,2.1,13,1,1.82,190,FALSE,190,low,190
Home & Cleaning,Vanish All in One Powder Detergent Booster,2.1,10,2,1.89,400,FALSE,400,low,800
"Meats, Fish & Eggs",Zorabian Chicken Legs Skinless,2.1,0,1,2.1,450,FALSE,450,low,450
Personal Care,L'Oreal Paris Dream Lengths Conditioner,2.09,0,3,2.09,193,FALSE,193,low,579
Paan Corner,L'Oreal Paris Dream Lengths Conditioner,2.09,0,3,2.09,193,FALSE,193,low,579
Cooking Essentials,Satyam Makhana,2.08,0,6,2.08,100,FALSE,100,low,600
Munchies,Satyam Makhana,2.08,0,6,2.08,100,FALSE,100,low,600
Home & Cleaning,Surf Excel Quick Wash,2.08,6,0,1.95,1000,TRUE,1,low,0
Cooking Essentials,Dhara Life Refined Ricebran Oil (Pouch),2.05,7,6,1.9,1000,FALSE,1,low,6000
Munchies,Dhara Life Refined Ricebran Oil (Pouch),2.05,7,6,1.9,1000,FALSE,1,low,6000
Cooking Essentials,Everest Kesari Milk Masala,2.05,0,2,2.05,50,FALSE,50,low,100
Cooking Essentials,Everest Kesari Milk Masala,2.05,0,6,2.05,50,FALSE,20,low,300
Munchies,Everest Kesari Milk Masala,2.05,0,2,2.05,50,FALSE,50,low,100
Munchies,Everest Kesari Milk Masala,2.05,0,6,2.05,50,FALSE,20,low,300
Home & Cleaning,Lizol Disinfectant Surface & Floor Cleaner Liquid Citrus,2.05,8,3,1.88,975,FALSE,975,low,2925
Home & Cleaning,Lizol Disinfectant Surface & Floor Cleaner Liquid Floral,2.05,8,6,1.88,975,FALSE,975,low,5850
Home & Cleaning,Lizol Disinfectant Surface & Floor Cleaner Liquid Pine,2.05,8,6,1.88,975,FALSE,975,low,5850
Health & Hygiene,Organic India Brahmi Bottle,2.05,20,1,1.64,60,FALSE,60,low,60
Cooking Essentials,Zorabian Chicken Smoked Ham,2.05,5,1,1.94,250,FALSE,250,low,250
Munchies,Zorabian Chicken Smoked Ham,2.05,5,1,1.94,250,FALSE,250,low,250
Packaged Food,Zorabian Chicken Smoked Ham,2.05,5,1,1.94,250,FALSE,250,low,250
Ice Cream & Desserts,Zorabian Chicken Smoked Ham,2.05,5,1,1.94,250,FALSE,250,low,250
Chocolates & Candies,Zorabian Chicken Smoked Ham,2.05,5,1,1.94,250,FALSE,250,low,250
"Meats, Fish & Eggs",Zorabian Chicken Smoked Ham,2.05,5,1,1.94,250,FALSE,250,low,250
Cooking Essentials,Betty Crocker Mug Treats - Chocolate Mix - Pack of 4,2,11,6,1.78,264,FALSE,264,low,1584
Munchies,Betty Crocker Mug Treats - Chocolate Mix - Pack of 4,2,11,6,1.78,264,FALSE,264,low,1584
Packaged Food,Ching's Secret  Noodles - Pad Thai Lemongras,2,0,5,2,130,FALSE,130,low,650
Ice Cream & Desserts,Ching's Secret  Noodles - Pad Thai Lemongras,2,0,5,2,130,FALSE,130,low,650
Chocolates & Candies,Ching's Secret  Noodles - Pad Thai Lemongras,2,0,5,2,130,FALSE,130,low,650
Packaged Food,Ching's Secret  Pad Thai Noodles Green Curry,2,0,6,2,130,FALSE,130,low,780
Ice Cream & Desserts,Ching's Secret  Pad Thai Noodles Green Curry,2,0,6,2,130,FALSE,130,low,780
Chocolates & Candies,Ching's Secret  Pad Thai Noodles Green Curry,2,0,6,2,130,FALSE,130,low,780
Packaged Food,Ching's Secret Noodles - Pad Thai Original,2,0,6,2,130,FALSE,130,low,780
Ice Cream & Desserts,Ching's Secret Noodles - Pad Thai Original,2,0,6,2,130,FALSE,130,low,780
Chocolates & Candies,Ching's Secret Noodles - Pad Thai Original,2,0,6,2,130,FALSE,130,low,780
Packaged Food,Ching's Secret Pad Thai Noodles - Extra Hot Thai Chilli,2,0,6,2,130,FALSE,130,low,780
Ice Cream & Desserts,Ching's Secret Pad Thai Noodles - Extra Hot Thai Chilli,2,0,6,2,130,FALSE,130,low,780
Chocolates & Candies,Ching's Secret Pad Thai Noodles - Extra Hot Thai Chilli,2,0,6,2,130,FALSE,130,low,780
Personal Care,Engage M2 Perfume Spray For Men,2,10,6,1.8,120,FALSE,120,low,720
Paan Corner,Engage M2 Perfume Spray For Men,2,10,6,1.8,120,FALSE,120,low,720
Personal Care,Engage M3 Perfume Spray for Men,2,10,3,1.8,120,FALSE,120,low,360
Paan Corner,Engage M3 Perfume Spray for Men,2,10,3,1.8,120,FALSE,120,low,360
Personal Care,Engage M4 Perfume Spray For Men,2,10,6,1.8,120,FALSE,120,low,720
Paan Corner,Engage M4 Perfume Spray For Men,2,10,6,1.8,120,FALSE,120,low,720
"Dairy, Bread & Batter",Epigamia Greek Yogurt - Natural,2,0,1,2,400,FALSE,400,low,400
Beverages,Epigamia Greek Yogurt - Natural,2,0,1,2,400,FALSE,400,low,400
"Meats, Fish & Eggs",Godrej Real Good Chicken Marinated Lollipop ,2,10,2,1.8,580,FALSE,10,low,1160
Cooking Essentials,Hersheys Chocolate Almond Syrup,2,0,2,2,450,FALSE,450,low,900
Munchies,Hersheys Chocolate Almond Syrup,2,0,2,2,450,FALSE,450,low,900
Cooking Essentials,Hershey's Chocolate Milk Booster,2,0,6,2,450,FALSE,450,low,2700
Munchies,Hershey's Chocolate Milk Booster,2,0,6,2,450,FALSE,450,low,2700
Personal Care,Himalaya Baby Nourishing Massage Oil,2,20,2,1.6,200,FALSE,250,low,400
Paan Corner,Himalaya Baby Nourishing Massage Oil,2,20,2,1.6,200,FALSE,250,low,400
Personal Care,HImalaya Gentle Baby Wipes,2,10,3,1.8,72,FALSE,72,low,216
Paan Corner,HImalaya Gentle Baby Wipes,2,10,3,1.8,72,FALSE,72,low,216
Personal Care,Johnson's Baby Oil,2,0,6,2,200,FALSE,200,low,1200
Paan Corner,Johnson's Baby Oil,2,0,6,2,200,FALSE,200,low,1200
Packaged Food,Kitchens Of India Chicken Chettinad,2,30,1,1.4,285,FALSE,285,low,285
Ice Cream & Desserts,Kitchens Of India Chicken Chettinad,2,30,1,1.4,285,FALSE,285,low,285
Chocolates & Candies,Kitchens Of India Chicken Chettinad,2,30,1,1.4,285,FALSE,285,low,285
Packaged Food,Kitchens Of India Chicken Darbari ,2,30,4,1.4,285,FALSE,285,low,1140
Ice Cream & Desserts,Kitchens Of India Chicken Darbari ,2,30,4,1.4,285,FALSE,285,low,1140
Chocolates & Candies,Kitchens Of India Chicken Darbari ,2,30,4,1.4,285,FALSE,285,low,1140
Cooking Essentials,MTR Vada Breakfast,2,0,1,2,500,FALSE,500,low,500
Munchies,MTR Vada Breakfast,2,0,1,2,500,FALSE,500,low,500
Home & Cleaning,Oxi Green Phenyl Concentrate,2,10,6,1.8,1000,FALSE,1,low,6000
Cooking Essentials,Popular Essentials Green Cardamom (Elaichi),2,1,6,1.98,50,FALSE,50,low,300
Munchies,Popular Essentials Green Cardamom (Elaichi),2,1,6,1.98,50,FALSE,50,low,300
Home & Cleaning,Scotch Brite Sponge Wipes,2,0,2,2,174,FALSE,3,low,348
Home & Cleaning,Surf Excel Matic Top Load Detergent Powder,2,6,1,1.88,1000,FALSE,1,low,1000
Cooking Essentials,Tong Garden Wasabi Coated Greenpeas Tin,2,11,6,1.78,180,FALSE,180,low,1080
Munchies,Tong Garden Wasabi Coated Greenpeas Tin,2,11,6,1.78,180,FALSE,180,low,1080
Packaged Food,Wingreens Farms Chipotle Dip,2,25,1,1.5,180,FALSE,180,low,180
Ice Cream & Desserts,Wingreens Farms Chipotle Dip,2,25,1,1.5,180,FALSE,180,low,180
Chocolates & Candies,Wingreens Farms Chipotle Dip,2,25,1,1.5,180,FALSE,180,low,180
"Dairy, Bread & Batter",D'lecta Cheddar Cheese,1.99,5,6,1.89,200,FALSE,200,low,1200
Beverages,D'lecta Cheddar Cheese,1.99,5,6,1.89,200,FALSE,200,low,1200
"Dairy, Bread & Batter",Dlecta Natural Cheddar Slices,1.99,5,6,1.89,200,FALSE,200,low,1200
Beverages,Dlecta Natural Cheddar Slices,1.99,5,6,1.89,200,FALSE,200,low,1200
Personal Care,Fiama Di Wills Shower Gel Patchouli & Macadamia,1.99,10,6,1.79,250,FALSE,250,low,1500
Paan Corner,Fiama Di Wills Shower Gel Patchouli & Macadamia,1.99,10,6,1.79,250,FALSE,250,low,1500
Personal Care,Fiama Men's Refreshing Pulse Shower Gel,1.99,10,6,1.79,250,FALSE,250,low,1500
Paan Corner,Fiama Men's Refreshing Pulse Shower Gel,1.99,10,6,1.79,250,FALSE,250,low,1500
Personal Care,Fiama Scents Juniper & Geranium Body Wash,1.99,6,5,1.86,250,FALSE,250,low,1250
Paan Corner,Fiama Scents Juniper & Geranium Body Wash,1.99,6,5,1.86,250,FALSE,250,low,1250
Personal Care,"Garnier Skin Naturals, Micellar Cleansing Water",1.99,5,4,1.89,125,FALSE,125,low,500
Paan Corner,"Garnier Skin Naturals, Micellar Cleansing Water",1.99,5,4,1.89,125,FALSE,125,low,500
Personal Care,Gillette Classic Regular Pre Shave Foam,1.99,0,4,1.99,196,FALSE,196,low,784
Paan Corner,Gillette Classic Regular Pre Shave Foam,1.99,0,4,1.99,196,FALSE,196,low,784
Personal Care,Gillette Lemon Lime Shaving Foam,1.99,11,4,1.77,196,FALSE,196,low,784
Paan Corner,Gillette Lemon Lime Shaving Foam,1.99,11,4,1.77,196,FALSE,196,low,784
Personal Care,L'Oreal Anti Hair Fall Conditioner,1.99,0,6,1.99,192,FALSE,192,low,1152
Paan Corner,L'Oreal Anti Hair Fall Conditioner,1.99,0,6,1.99,192,FALSE,192,low,1152
Personal Care,L'Oreal Paris Color Protect Conditioner,1.99,0,3,1.99,192,FALSE,192,low,576
Paan Corner,L'Oreal Paris Color Protect Conditioner,1.99,0,3,1.99,192,FALSE,192,low,576
Personal Care,L'Oreal Paris Dream Lengths Conditioner,1.99,0,1,1.99,193,FALSE,193,low,193
Paan Corner,L'Oreal Paris Dream Lengths Conditioner,1.99,0,1,1.99,193,FALSE,193,low,193
Personal Care,L'Oreal Paris Total Repair 5 Conditioner,1.99,0,6,1.99,192,FALSE,180,low,1152
Paan Corner,L'Oreal Paris Total Repair 5 Conditioner,1.99,0,6,1.99,192,FALSE,180,low,1152
Cooking Essentials,Maggi Magic Cubes Extra Chicken,1.99,0,2,1.99,240,FALSE,240,low,480
Cooking Essentials,Maggi Magic Cubes Extra Chicken,1.99,10,6,1.79,240,FALSE,240,low,1440
Munchies,Maggi Magic Cubes Extra Chicken,1.99,0,2,1.99,240,FALSE,240,low,480
Munchies,Maggi Magic Cubes Extra Chicken,1.99,10,6,1.79,240,FALSE,240,low,1440
Personal Care,Mamaearth Daily Moisturizing Lotion For Babies,1.99,0,6,1.99,200,FALSE,200,low,1200
Paan Corner,Mamaearth Daily Moisturizing Lotion For Babies,1.99,0,6,1.99,200,FALSE,200,low,1200
Personal Care,Mamaearth Deeply Nourishing wash for Babies,1.99,0,4,1.99,200,FALSE,200,low,800
Paan Corner,Mamaearth Deeply Nourishing wash for Babies,1.99,0,4,1.99,200,FALSE,200,low,800
Personal Care,Nivea Men Active Clean with Active Charcoal Shower Gel for Body Face & Hair,1.99,4,5,1.91,250,FALSE,250,low,1250
Paan Corner,Nivea Men Active Clean with Active Charcoal Shower Gel for Body Face & Hair,1.99,4,5,1.91,250,FALSE,250,low,1250
Personal Care,Nivea Women Deodorant Fresh Natural Long Lasting Freshness & 48h Protection,1.99,20,2,1.59,150,FALSE,150,low,300
Paan Corner,Nivea Women Deodorant Fresh Natural Long Lasting Freshness & 48h Protection,1.99,20,2,1.59,150,FALSE,150,low,300
Personal Care,Nupur Heena Mehandi,1.99,0,6,1.99,500,FALSE,500,low,3000
Paan Corner,Nupur Heena Mehandi,1.99,0,6,1.99,500,FALSE,500,low,3000
Home & Cleaning,Om Bhakti - Pancha Deepa Oil ,1.99,10,6,1.79,1000,FALSE,1,low,6000
Personal Care,Palmolive Aroma Absolute Relax Shower Gel,1.99,20,2,1.59,250,FALSE,250,low,500
Paan Corner,Palmolive Aroma Absolute Relax Shower Gel,1.99,20,2,1.59,250,FALSE,250,low,500
Personal Care,Pears Pure And Gentle Value Pack Of 3 Bathing Soap,1.99,6,5,1.86,375,FALSE,375,low,1875
Paan Corner,Pears Pure And Gentle Value Pack Of 3 Bathing Soap,1.99,6,5,1.86,375,FALSE,375,low,1875
Cooking Essentials,Quaker Oats,1.99,7,6,1.84,1000,FALSE,1,low,6000
Munchies,Quaker Oats,1.99,7,6,1.84,1000,FALSE,1,low,6000
Packaged Food,Quaker Oats,1.99,7,6,1.84,1000,FALSE,1,low,6000
Ice Cream & Desserts,Quaker Oats,1.99,7,6,1.84,1000,FALSE,1,low,6000
Chocolates & Candies,Quaker Oats,1.99,7,6,1.84,1000,FALSE,1,low,6000
Personal Care,Set Wet Deodrant Charm Avatar,1.99,0,1,1.99,150,FALSE,150,low,150
Paan Corner,Set Wet Deodrant Charm Avatar,1.99,0,1,1.99,150,FALSE,150,low,150
Personal Care,Set Wet Swag Avatar Deodorant & Body Spray Perfume For Men,1.99,0,1,1.99,150,FALSE,150,low,150
Paan Corner,Set Wet Swag Avatar Deodorant & Body Spray Perfume For Men,1.99,0,1,1.99,150,FALSE,150,low,150
Cooking Essentials,Amul Fresh Cream,1.97,3,3,1.91,1000,FALSE,1,low,3000
Munchies,Amul Fresh Cream,1.97,3,3,1.91,1000,FALSE,1,low,3000
"Dairy, Bread & Batter",Amul Fresh Cream,1.97,3,3,1.91,1000,FALSE,1,low,3000
Beverages,Amul Fresh Cream,1.97,3,3,1.91,1000,FALSE,1,low,3000
Packaged Food,Amul Spray Infant Milk Food,1.97,2,6,1.93,500,FALSE,500,low,3000
Ice Cream & Desserts,Amul Spray Infant Milk Food,1.97,2,6,1.93,500,FALSE,500,low,3000
Chocolates & Candies,Amul Spray Infant Milk Food,1.97,2,6,1.93,500,FALSE,500,low,3000
Health & Hygiene,Dabur Ayurvedic Tulsi Drops (Immunity Booster),1.95,6,6,1.82,30,FALSE,30,low,180
Personal Care,Engage Deo Frost,1.95,9,6,1.76,150,FALSE,150,low,900
Paan Corner,Engage Deo Frost,1.95,9,6,1.76,150,FALSE,150,low,900
Personal Care,"Engage Drizzle Deodorant For Women, Floral And Lavender, Skin Friendly",1.95,10,6,1.74,150,FALSE,150,low,900
Paan Corner,"Engage Drizzle Deodorant For Women, Floral And Lavender, Skin Friendly",1.95,10,6,1.74,150,FALSE,150,low,900
Personal Care,Engage Man Rush Deodorant,1.95,9,6,1.76,150,FALSE,150,low,900
Paan Corner,Engage Man Rush Deodorant,1.95,9,6,1.76,150,FALSE,150,low,900
Personal Care,Engage Mate For Man Deo Spray,1.95,10,5,1.74,150,FALSE,150,low,750
Paan Corner,Engage Mate For Man Deo Spray,1.95,10,5,1.74,150,FALSE,150,low,750
Personal Care,"Engage Urge Deodorant For Men, Citrus And Woody, Skin Friendly",1.95,10,6,1.74,150,FALSE,150,low,900
Paan Corner,"Engage Urge Deodorant For Men, Citrus And Woody, Skin Friendly",1.95,10,6,1.74,150,FALSE,150,low,900
Personal Care,Engage Woman Blush Body Deo Spray,1.95,10,5,1.74,150,FALSE,150,low,750
Paan Corner,Engage Woman Blush Body Deo Spray,1.95,10,5,1.74,150,FALSE,150,low,750
Personal Care,Head & Shoulders 2 In 1 Anti Dandruff Shampoo Conditioner ,1.95,10,4,1.74,180,FALSE,180,low,720
Paan Corner,Head & Shoulders 2 In 1 Anti Dandruff Shampoo Conditioner ,1.95,10,4,1.74,180,FALSE,180,low,720
Cooking Essentials,Masala Oats Masala & Coriander ,1.95,9,5,1.76,500,FALSE,500,low,2500
Munchies,Masala Oats Masala & Coriander ,1.95,9,5,1.76,500,FALSE,500,low,2500
Packaged Food,Masala Oats Masala & Coriander ,1.95,9,5,1.76,500,FALSE,500,low,2500
Ice Cream & Desserts,Masala Oats Masala & Coriander ,1.95,9,5,1.76,500,FALSE,500,low,2500
Chocolates & Candies,Masala Oats Masala & Coriander ,1.95,9,5,1.76,500,FALSE,500,low,2500
Cooking Essentials,MTR Instant Gulab Jamun Mix,1.95,9,6,1.76,500,FALSE,500,low,3000
Munchies,MTR Instant Gulab Jamun Mix,1.95,9,6,1.76,500,FALSE,500,low,3000
Cooking Essentials,Saffola Everyday Peppy Tomato Masala Oats,1.95,12,6,1.71,500,FALSE,500,low,3000
Munchies,Saffola Everyday Peppy Tomato Masala Oats,1.95,12,6,1.71,500,FALSE,500,low,3000
Packaged Food,Saffola Everyday Peppy Tomato Masala Oats,1.95,12,6,1.71,500,FALSE,500,low,3000
Ice Cream & Desserts,Saffola Everyday Peppy Tomato Masala Oats,1.95,12,6,1.71,500,FALSE,500,low,3000
Chocolates & Candies,Saffola Everyday Peppy Tomato Masala Oats,1.95,12,6,1.71,500,FALSE,500,low,3000
Cooking Essentials,Saffola Veggie Twist Masala Oats,1.95,12,2,1.71,500,FALSE,500,low,1000
Munchies,Saffola Veggie Twist Masala Oats,1.95,12,2,1.71,500,FALSE,500,low,1000
Packaged Food,Saffola Veggie Twist Masala Oats,1.95,12,2,1.71,500,FALSE,500,low,1000
Ice Cream & Desserts,Saffola Veggie Twist Masala Oats,1.95,12,2,1.71,500,FALSE,500,low,1000
Chocolates & Candies,Saffola Veggie Twist Masala Oats,1.95,12,2,1.71,500,FALSE,500,low,1000
Cooking Essentials,24 Mantra Super Grain Quinoa,1.9,0,4,1.9,500,FALSE,500,low,2000
Munchies,24 Mantra Super Grain Quinoa,1.9,0,4,1.9,500,FALSE,500,low,2000
Health & Hygiene,Dabur Chyawanprash Immunity Booster,1.9,6,6,1.77,500,FALSE,500,low,3000
Personal Care,Dove Daily Shine Conditioner,1.9,0,6,1.9,175,FALSE,180,low,1050
Paan Corner,Dove Daily Shine Conditioner,1.9,0,6,1.9,175,FALSE,180,low,1050
Personal Care,Dove Hair Fall Rescue Conditioner,1.9,0,4,1.9,175,FALSE,175,low,700
Paan Corner,Dove Hair Fall Rescue Conditioner,1.9,0,4,1.9,175,FALSE,175,low,700
Personal Care,Dove Intense Repair Conditioner,1.9,14,6,1.62,175,FALSE,80,low,1050
Paan Corner,Dove Intense Repair Conditioner,1.9,14,6,1.62,175,FALSE,80,low,1050
Personal Care,Engage Rush Deodorant For Men,1.9,11,6,1.69,150,FALSE,150,low,900
Paan Corner,Engage Rush Deodorant For Men,1.9,11,6,1.69,150,FALSE,150,low,900
Home & Cleaning,Gala No Dust Broom,1.9,7,0,1.75,58,TRUE,1,low,0
Packaged Food,Kellogg's Crunchy Bites Chocos,1.9,10,6,1.71,375,FALSE,375,low,2250
Ice Cream & Desserts,Kellogg's Crunchy Bites Chocos,1.9,10,6,1.71,375,FALSE,375,low,2250
Chocolates & Candies,Kellogg's Crunchy Bites Chocos,1.9,10,6,1.71,375,FALSE,375,low,2250
Packaged Food,Nestle Cerelac Wheat - Stage 1,1.9,0,6,1.9,300,FALSE,300,low,1800
Ice Cream & Desserts,Nestle Cerelac Wheat - Stage 1,1.9,0,6,1.9,300,FALSE,300,low,1800
Chocolates & Candies,Nestle Cerelac Wheat - Stage 1,1.9,0,6,1.9,300,FALSE,300,low,1800
Home & Cleaning,Origami Non-Woven Kitchen Towel,1.9,14,4,1.62,80,FALSE,80,low,320
Personal Care,Pantene Adv Hairfall Solution Conditioner Silky Smooth,1.9,0,5,1.9,200,FALSE,200,low,1000
Paan Corner,Pantene Adv Hairfall Solution Conditioner Silky Smooth,1.9,0,5,1.9,200,FALSE,200,low,1000
Personal Care,Pantene Hairfall Control Conditioner,1.9,6,6,1.78,200,FALSE,200,low,1200
Paan Corner,Pantene Hairfall Control Conditioner,1.9,6,6,1.78,200,FALSE,200,low,1200
Cooking Essentials,Popular Essentials Anjeer,1.9,11,4,1.69,100,FALSE,100,low,400
Munchies,Popular Essentials Anjeer,1.9,11,4,1.69,100,FALSE,100,low,400
Cooking Essentials,Popular Essentials Popular Essential Pista Salted (With Shell),1.9,10,6,1.71,100,FALSE,100,low,600
Munchies,Popular Essentials Popular Essential Pista Salted (With Shell),1.9,10,6,1.71,100,FALSE,100,low,600
Cooking Essentials,Praakritik Organic Jumbo Rolled Oats,1.9,11,6,1.69,500,FALSE,500,low,3000
Munchies,Praakritik Organic Jumbo Rolled Oats,1.9,11,6,1.69,500,FALSE,500,low,3000
Packaged Food,Praakritik Organic Jumbo Rolled Oats,1.9,11,6,1.69,500,FALSE,500,low,3000
Ice Cream & Desserts,Praakritik Organic Jumbo Rolled Oats,1.9,11,6,1.69,500,FALSE,500,low,3000
Chocolates & Candies,Praakritik Organic Jumbo Rolled Oats,1.9,11,6,1.69,500,FALSE,500,low,3000
Home & Cleaning,Pril Perfect Lime Dishwash Liquid,1.9,7,4,1.75,750,FALSE,750,low,3000
Cooking Essentials,Zorabian Chicken Kheema Parathas,1.9,0,0,1.9,300,TRUE,300,low,0
Munchies,Zorabian Chicken Kheema Parathas,1.9,0,0,1.9,300,TRUE,300,low,0
Packaged Food,Zorabian Chicken Kheema Parathas,1.9,0,0,1.9,300,TRUE,300,low,0
Ice Cream & Desserts,Zorabian Chicken Kheema Parathas,1.9,0,0,1.9,300,TRUE,300,low,0
Chocolates & Candies,Zorabian Chicken Kheema Parathas,1.9,0,0,1.9,300,TRUE,300,low,0
"Meats, Fish & Eggs",Zorabian Chicken Kheema Parathas,1.9,0,0,1.9,300,TRUE,300,low,0
Fruits & Vegetables,Apple Royal Gala,1.89,15,3,1.59,232,FALSE,4,low,696
Home & Cleaning,Harpic Disinfectant Bathroom Cleaner Liquid Lemon,1.89,5,6,1.79,1000,FALSE,1,low,6000
Health & Hygiene,Moov Fast Pain Relief Cream,1.89,15,6,1.6,50,FALSE,50,low,300
Home & Cleaning,"Mortein Cockroach Killer Spray, Crawling insect killer with Deep-Reach Nozzle",1.89,5,2,1.79,425,FALSE,425,low,850
Home & Cleaning,Om Bhakti Wick for Diya - Ghee Cotton Wicks Big ,1.89,10,6,1.7,30,FALSE,30,low,180
Health & Hygiene,Savlon Germ Protection Wipes,1.89,10,6,1.7,72,FALSE,72,low,432
Personal Care,Savlon Moisture Shield Germ Protection Handwash Refill (Buy 1 Get 1 Free),1.89,0,6,1.89,1500,FALSE,1500,medium,9000
Paan Corner,Savlon Moisture Shield Germ Protection Handwash Refill (Buy 1 Get 1 Free),1.89,0,6,1.89,1500,FALSE,1500,medium,9000
Home & Cleaning,Harpic Power Fresh 6 Toilet Cleaner Rim Block Floral Delight,1.88,10,6,1.69,35,FALSE,35,low,210
Home & Cleaning,Harpic Power Fresh 6 Toilet Cleaner Rim Block Marine Splash,1.88,10,4,1.69,35,FALSE,35,low,140
Cooking Essentials,Daawat Super Basmati Rice,1.85,8,0,1.69,1000,TRUE,1,low,0
Munchies,Daawat Super Basmati Rice,1.85,8,0,1.69,1000,TRUE,1,low,0
Cooking Essentials,Dabur Honey Squeezy,1.85,9,6,1.67,225,FALSE,225,low,1350
Munchies,Dabur Honey Squeezy,1.85,9,6,1.67,225,FALSE,225,low,1350
Packaged Food,Kelloggs Chocos Fills Double Chocolaty,1.85,10,5,1.65,250,FALSE,250,low,1250
Ice Cream & Desserts,Kelloggs Chocos Fills Double Chocolaty,1.85,10,5,1.65,250,FALSE,250,low,1250
Chocolates & Candies,Kelloggs Chocos Fills Double Chocolaty,1.85,10,5,1.65,250,FALSE,250,low,1250
Packaged Food,Kellogg's Original Corn Flakes,1.85,5,6,1.75,475,FALSE,475,low,2850
Ice Cream & Desserts,Kellogg's Original Corn Flakes,1.85,5,6,1.75,475,FALSE,475,low,2850
Chocolates & Candies,Kellogg's Original Corn Flakes,1.85,5,6,1.75,475,FALSE,475,low,2850
Personal Care,Nivea Lip Balm Soft Rose for 24h Moisture with Natural Oils Delicate Rose Shine,1.85,8,6,1.69,5,FALSE,4,low,30
Paan Corner,Nivea Lip Balm Soft Rose for 24h Moisture with Natural Oils Delicate Rose Shine,1.85,8,6,1.69,5,FALSE,4,low,30
Personal Care,Nivea Soft Light Moisturizer for Face Hand & Body Non-Sticky Cream with Vitamin E & Jojoba Oil ,1.85,15,3,1.57,100,FALSE,100,low,300
Paan Corner,Nivea Soft Light Moisturizer for Face Hand & Body Non-Sticky Cream with Vitamin E & Jojoba Oil ,1.85,15,3,1.57,100,FALSE,100,low,300
Personal Care,Nivea Soft Light Moisturizing Cream,1.85,15,6,1.57,100,FALSE,100,low,600
Paan Corner,Nivea Soft Light Moisturizing Cream,1.85,15,6,1.57,100,FALSE,100,low,600
Personal Care,Scalpe Pro Anti dandruff Shampoo 100ml,1.85,0,2,1.85,100,FALSE,100,low,200
Paan Corner,Scalpe Pro Anti dandruff Shampoo 100ml,1.85,0,2,1.85,100,FALSE,100,low,200
Cooking Essentials,Sugarfree Gold Low Calorie Sweetner,1.85,5,3,1.75,300,FALSE,300,low,900
Munchies,Sugarfree Gold Low Calorie Sweetner,1.85,5,3,1.75,300,FALSE,300,low,900
Cooking Essentials,Tata Sampann kabuli chana,1.85,1,4,1.83,1000,FALSE,500,low,4000
Munchies,Tata Sampann kabuli chana,1.85,1,4,1.83,1000,FALSE,500,low,4000
"Dairy, Bread & Batter",The Whole Truth Peanut Butter - Unsweetened & Crunchy,1.85,20,0,1.48,325,TRUE,325,low,0
Beverages,The Whole Truth Peanut Butter - Unsweetened & Crunchy,1.85,20,0,1.48,325,TRUE,325,low,0
Packaged Food,The Whole Truth Peanut Butter - Unsweetened & Crunchy,1.85,20,0,1.48,325,TRUE,325,low,0
Ice Cream & Desserts,The Whole Truth Peanut Butter - Unsweetened & Crunchy,1.85,20,0,1.48,325,TRUE,325,low,0
Chocolates & Candies,The Whole Truth Peanut Butter - Unsweetened & Crunchy,1.85,20,0,1.48,325,TRUE,325,low,0
Home & Cleaning,Vim Dishwash Liquid Gel Lemon,1.85,5,1,1.75,750,FALSE,750,low,750
Personal Care,Whisper Bindazzz Night Sanitary Pads XL Plus,1.85,0,0,1.85,870,TRUE,15,low,0
Paan Corner,Whisper Bindazzz Night Sanitary Pads XL Plus,1.85,0,0,1.85,870,TRUE,15,low,0
Health & Hygiene,Whisper Bindazzz Night Sanitary Pads XL Plus,1.85,0,0,1.85,870,TRUE,15,low,0
Personal Care,Colgate Max Fresh Peppermint Toothpaste ,1.82,15,6,1.54,300,FALSE,300,low,1800
Paan Corner,Colgate Max Fresh Peppermint Toothpaste ,1.82,15,6,1.54,300,FALSE,300,low,1800
Home & Cleaning,Hit Flower Lime Fragrance Insect Killer Spray,1.82,3,6,1.76,400,FALSE,400,low,2400
Home & Cleaning,Chakaachak Dust Proof Broom,1.8,2,6,1.75,58,FALSE,1,low,348
Personal Care,Clean & Clear Foaming Face Wash,1.8,10,6,1.62,150,FALSE,150,low,900
Paan Corner,Clean & Clear Foaming Face Wash,1.8,10,6,1.62,150,FALSE,150,low,900
Home & Cleaning,Domex Disinfectant Floor Cleaner,1.8,5,6,1.7,1000,FALSE,1,low,6000
Personal Care,"Garnier Color Naturals Crème Hair Color, Shade 5 Light Brown",1.8,0,1,1.8,100,FALSE,100,low,100
Paan Corner,"Garnier Color Naturals Crème Hair Color, Shade 5 Light Brown",1.8,0,1,1.8,100,FALSE,100,low,100
Personal Care,Himalaya Men Pimple Clear Neem Face Wash,1.8,9,2,1.63,100,FALSE,100,low,200
Paan Corner,Himalaya Men Pimple Clear Neem Face Wash,1.8,9,2,1.63,100,FALSE,100,low,200
Personal Care,Johnson's Baby Shampoo,1.8,0,6,1.8,200,FALSE,200,low,1200
Paan Corner,Johnson's Baby Shampoo,1.8,0,6,1.8,200,FALSE,200,low,1200
Personal Care,Oral-B Charcoal Cross Cross Extra Soft Toothbrush (Buy 2 Get 1 Free),1.8,0,1,1.8,174,FALSE,3,low,174
Paan Corner,Oral-B Charcoal Cross Cross Extra Soft Toothbrush (Buy 2 Get 1 Free),1.8,0,1,1.8,174,FALSE,3,low,174
Personal Care,Santoor Almond Soft With Sandal & Almond Milk,1.8,0,2,1.8,625,FALSE,625,low,1250
Paan Corner,Santoor Almond Soft With Sandal & Almond Milk,1.8,0,2,1.8,625,FALSE,625,low,1250
Personal Care,Santoor Total Skin Care Soap With Sandal & Turmeric,1.8,0,6,1.8,600,FALSE,600,low,3600
Paan Corner,Santoor Total Skin Care Soap With Sandal & Turmeric,1.8,0,6,1.8,600,FALSE,600,low,3600
Cooking Essentials,Tata Sampann Moong Dal Split,1.8,1,5,1.78,1000,FALSE,200,low,5000
Munchies,Tata Sampann Moong Dal Split,1.8,1,5,1.78,1000,FALSE,200,low,5000
Cooking Essentials,TilSona Til Oil,1.8,10,2,1.62,500,FALSE,500,low,1000
Munchies,TilSona Til Oil,1.8,10,2,1.62,500,FALSE,500,low,1000
Packaged Food,Figaro Pitted Black Olive ,1.79,0,6,1.79,450,FALSE,450,low,2700
Ice Cream & Desserts,Figaro Pitted Black Olive ,1.79,0,6,1.79,450,FALSE,450,low,2700
Chocolates & Candies,Figaro Pitted Black Olive ,1.79,0,6,1.79,450,FALSE,450,low,2700
Packaged Food,Figaro Plain Green Olive ,1.79,0,6,1.79,450,FALSE,450,low,2700
Ice Cream & Desserts,Figaro Plain Green Olive ,1.79,0,6,1.79,450,FALSE,450,low,2700
Chocolates & Candies,Figaro Plain Green Olive ,1.79,0,6,1.79,450,FALSE,450,low,2700
Packaged Food,Figaro Sliced Black Olive ,1.79,0,6,1.79,450,FALSE,450,low,2700
Ice Cream & Desserts,Figaro Sliced Black Olive ,1.79,0,6,1.79,450,FALSE,450,low,2700
Chocolates & Candies,Figaro Sliced Black Olive ,1.79,0,6,1.79,450,FALSE,450,low,2700
Home & Cleaning,Oxi Green Floor Cleaner - Citrus ,1.79,10,6,1.61,1000,FALSE,1,low,6000
Home & Cleaning,Oxi Green Floor Cleaner - Floral,1.79,10,6,1.61,1000,FALSE,1,low,6000
Cooking Essentials,Tata Sampann Unpolished Toor Dal/Arhar Dal,1.79,1,0,1.77,1000,TRUE,200,low,0
Munchies,Tata Sampann Unpolished Toor Dal/Arhar Dal,1.79,1,0,1.77,1000,TRUE,200,low,0
Personal Care,Chik Hairfall Prevent Egg Shampoo,1.78,0,6,1.78,340,FALSE,340,low,2040
Paan Corner,Chik Hairfall Prevent Egg Shampoo,1.78,0,6,1.78,340,FALSE,340,low,2040
Home & Cleaning,"Harpic Disinfectant Toilet Cleaner Liquid, Original - 1 L",1.78,0,6,1.78,1000,FALSE,1,low,6000
Fruits & Vegetables,Apple Washington,1.77,15,3,1.49,232,FALSE,4,low,696
Fruits & Vegetables,Avocado Indian Premium,1.77,15,3,1.49,58,FALSE,1,low,174
Personal Care,Fiama Di Wills Lemongrass & Jojoba Gel Bar,1.76,10,6,1.58,375,FALSE,375,low,2250
Paan Corner,Fiama Di Wills Lemongrass & Jojoba Gel Bar,1.76,10,6,1.58,375,FALSE,375,low,2250
Personal Care,Fiama Peach & Avocado Gel Bar,1.76,10,3,1.58,375,FALSE,375,low,1125
Paan Corner,Fiama Peach & Avocado Gel Bar,1.76,10,3,1.58,375,FALSE,375,low,1125
Cooking Essentials,Cadbury Hot Chocolate,1.75,5,6,1.66,200,FALSE,200,low,1200
Munchies,Cadbury Hot Chocolate,1.75,5,6,1.66,200,FALSE,200,low,1200
Cooking Essentials,Fortune Biriyani Special Basmati Rice,1.75,0,5,1.75,1000,FALSE,1,low,5000
Munchies,Fortune Biriyani Special Basmati Rice,1.75,0,5,1.75,1000,FALSE,1,low,5000
Home & Cleaning,Gala Microfiber Magic Cloth 2-In-1,1.75,9,6,1.58,58,FALSE,1,low,348
Home & Cleaning,Godrej Ezee Liquid Detergent,1.75,0,6,1.75,1000,FALSE,1,low,6000
"Meats, Fish & Eggs",Godrej Real Good Chicken Curry Cut,1.75,9,3,1.58,500,FALSE,500,low,1500
"Meats, Fish & Eggs",Godrej Real Good Chicken Lollypop,1.75,9,1,1.58,580,FALSE,10,low,580
Packaged Food,Kellogg's Real Almond & Honey Corn Flakes,1.75,9,6,1.58,300,FALSE,300,low,1800
Ice Cream & Desserts,Kellogg's Real Almond & Honey Corn Flakes,1.75,9,6,1.58,300,FALSE,300,low,1800
Chocolates & Candies,Kellogg's Real Almond & Honey Corn Flakes,1.75,9,6,1.58,300,FALSE,300,low,1800
Packaged Food,McCain French Fries Crisp & Delicious,1.75,4,3,1.67,750,FALSE,750,low,2250
Ice Cream & Desserts,McCain French Fries Crisp & Delicious,1.75,4,3,1.67,750,FALSE,750,low,2250
Chocolates & Candies,McCain French Fries Crisp & Delicious,1.75,4,3,1.67,750,FALSE,750,low,2250
Packaged Food,MTR Paneer Butter Masala & Veg Pulao,1.75,9,4,1.58,375,FALSE,375,low,1500
Ice Cream & Desserts,MTR Paneer Butter Masala & Veg Pulao,1.75,9,4,1.58,375,FALSE,375,low,1500
Chocolates & Candies,MTR Paneer Butter Masala & Veg Pulao,1.75,9,4,1.58,375,FALSE,375,low,1500
Personal Care,Nivea Creme All Season Multi-Purpose Cream ,1.75,10,4,1.57,100,FALSE,100,low,400
Paan Corner,Nivea Creme All Season Multi-Purpose Cream ,1.75,10,4,1.57,100,FALSE,100,low,400
Personal Care,"Nivea Creme, All Season Multi-Purpose Cream",1.75,9,6,1.58,100,FALSE,100,low,600
Paan Corner,"Nivea Creme, All Season Multi-Purpose Cream",1.75,9,6,1.58,100,FALSE,100,low,600
Packaged Food,Pedigree Dentastix  Dog Treat Oral Care for Adult Medium Breed ,1.75,20,6,1.4,180,FALSE,180,low,1080
Ice Cream & Desserts,Pedigree Dentastix  Dog Treat Oral Care for Adult Medium Breed ,1.75,20,6,1.4,180,FALSE,180,low,1080
Chocolates & Candies,Pedigree Dentastix  Dog Treat Oral Care for Adult Medium Breed ,1.75,20,6,1.4,180,FALSE,180,low,1080
Cooking Essentials,Pillsbury Oven Cake Mix - Vanilla,1.75,10,6,1.56,225,FALSE,225,low,1350
Munchies,Pillsbury Oven Cake Mix - Vanilla,1.75,10,6,1.56,225,FALSE,225,low,1350
Health & Hygiene,Savlon Clothes Disinfectant & Refreshing Spray Fresh Breeze,1.75,10,6,1.57,230,FALSE,230,low,1380
Personal Care,Stayfree Advanced XL Ultra Comfort Sanitary napkins with Wings,1.75,0,3,1.75,812,FALSE,14,low,2436
Paan Corner,Stayfree Advanced XL Ultra Comfort Sanitary napkins with Wings,1.75,0,3,1.75,812,FALSE,14,low,2436
Health & Hygiene,Stayfree Advanced XL Ultra Comfort Sanitary napkins with Wings,1.75,0,3,1.75,812,FALSE,14,low,2436
Packaged Food,Tong Garden Wasabi Green Peas,1.75,4,6,1.67,150,FALSE,150,low,900
Ice Cream & Desserts,Tong Garden Wasabi Green Peas,1.75,4,6,1.67,150,FALSE,150,low,900
Chocolates & Candies,Tong Garden Wasabi Green Peas,1.75,4,6,1.67,150,FALSE,150,low,900
Personal Care,Whisper Ultra Clean XL Plus Sanitary Pad,1.75,0,5,1.75,870,FALSE,15,low,4350
Paan Corner,Whisper Ultra Clean XL Plus Sanitary Pad,1.75,0,5,1.75,870,FALSE,15,low,4350
Health & Hygiene,Whisper Ultra Clean XL Plus Sanitary Pad,1.75,0,5,1.75,870,FALSE,15,low,4350
Cooking Essentials,RRO Til Dil Premium Til Oil Bottle,1.73,6,6,1.62,500,FALSE,500,low,3000
Munchies,RRO Til Dil Premium Til Oil Bottle,1.73,6,6,1.62,500,FALSE,500,low,3000
Cooking Essentials,24 Mantra Organic Black Pepper,1.7,7,6,1.57,100,FALSE,100,low,600
Munchies,24 Mantra Organic Black Pepper,1.7,7,6,1.57,100,FALSE,100,low,600
Personal Care,Head & shoulders Anti Dandruff Shampoo Cool Menthol,1.7,0,6,1.7,180,FALSE,180,low,1080
Paan Corner,Head & shoulders Anti Dandruff Shampoo Cool Menthol,1.7,0,6,1.7,180,FALSE,180,low,1080
Personal Care,Himalaya Gentle Baby Shampoo,1.7,14,6,1.46,200,FALSE,200,low,1200
Paan Corner,Himalaya Gentle Baby Shampoo,1.7,14,6,1.46,200,FALSE,200,low,1200
Personal Care,Himalaya Purifying Neem Face Wash,1.7,10,6,1.53,150,FALSE,150,low,900
Paan Corner,Himalaya Purifying Neem Face Wash,1.7,10,6,1.53,150,FALSE,150,low,900
Packaged Food,ITC Master Chef Chicken Galouti Kebab,1.7,4,2,1.62,210,FALSE,210,low,420
Ice Cream & Desserts,ITC Master Chef Chicken Galouti Kebab,1.7,4,2,1.62,210,FALSE,210,low,420
Chocolates & Candies,ITC Master Chef Chicken Galouti Kebab,1.7,4,2,1.62,210,FALSE,210,low,420
Packaged Food,ITC Master Chef Crispy Chicken Fries ,1.7,4,3,1.62,280,FALSE,280,low,840
Ice Cream & Desserts,ITC Master Chef Crispy Chicken Fries ,1.7,4,3,1.62,280,FALSE,280,low,840
Chocolates & Candies,ITC Master Chef Crispy Chicken Fries ,1.7,4,3,1.62,280,FALSE,280,low,840
Packaged Food,ITC Master Chef Veggie Pizza Pocket,1.7,4,4,1.62,340,FALSE,340,low,1360
Ice Cream & Desserts,ITC Master Chef Veggie Pizza Pocket,1.7,4,4,1.62,340,FALSE,340,low,1360
Chocolates & Candies,ITC Master Chef Veggie Pizza Pocket,1.7,4,4,1.62,340,FALSE,340,low,1360
Packaged Food,Kelloggs Chocos,1.7,5,4,1.6,385,FALSE,385,low,1540
Ice Cream & Desserts,Kelloggs Chocos,1.7,5,4,1.6,385,FALSE,385,low,1540
Chocolates & Candies,Kelloggs Chocos,1.7,5,4,1.6,385,FALSE,385,low,1540
Packaged Food,Maggi Hot & Sweet - Tomato Chilli Sauce,1.7,10,1,1.53,1000,FALSE,1,low,1000
Ice Cream & Desserts,Maggi Hot & Sweet - Tomato Chilli Sauce,1.7,10,1,1.53,1000,FALSE,1,low,1000
Chocolates & Candies,Maggi Hot & Sweet - Tomato Chilli Sauce,1.7,10,1,1.53,1000,FALSE,1,low,1000
Cooking Essentials,Pillsbury Rich Choco Oven Cake Mix - Egg Free,1.7,6,6,1.59,270,FALSE,270,low,1620
Munchies,Pillsbury Rich Choco Oven Cake Mix - Egg Free,1.7,6,6,1.59,270,FALSE,270,low,1620
Cooking Essentials,Praakritik Organic Basmati Rice,1.7,0,5,1.7,500,FALSE,500,low,2500
Munchies,Praakritik Organic Basmati Rice,1.7,0,5,1.7,500,FALSE,500,low,2500
Cooking Essentials,Praakritik Organic Besan,1.7,6,6,1.59,500,FALSE,500,low,3000
Munchies,Praakritik Organic Besan,1.7,6,6,1.59,500,FALSE,500,low,3000
Home & Cleaning,Surf Excel Easy Wash Detergent Liquid,1.7,0,6,1.69,1000,FALSE,1,low,6000
"Dairy, Bread & Batter",D'lecta Cream Cheese,1.69,4,4,1.61,150,FALSE,150,low,600
Beverages,D'lecta Cream Cheese,1.69,4,4,1.61,150,FALSE,150,low,600
"Dairy, Bread & Batter",Funfoods Peanut Butter Creamy,1.69,0,1,1.69,400,FALSE,400,low,400
Beverages,Funfoods Peanut Butter Creamy,1.69,0,1,1.69,400,FALSE,400,low,400
Packaged Food,Funfoods Peanut Butter Creamy,1.69,0,1,1.69,400,FALSE,400,low,400
Ice Cream & Desserts,Funfoods Peanut Butter Creamy,1.69,0,1,1.69,400,FALSE,400,low,400
Chocolates & Candies,Funfoods Peanut Butter Creamy,1.69,0,1,1.69,400,FALSE,400,low,400
"Dairy, Bread & Batter",Funfoods Peanut Butter Crunchy,1.69,7,1,1.56,400,FALSE,400,low,400
Beverages,Funfoods Peanut Butter Crunchy,1.69,7,1,1.56,400,FALSE,400,low,400
Packaged Food,Funfoods Peanut Butter Crunchy,1.69,7,1,1.56,400,FALSE,400,low,400
Ice Cream & Desserts,Funfoods Peanut Butter Crunchy,1.69,7,1,1.56,400,FALSE,400,low,400
Chocolates & Candies,Funfoods Peanut Butter Crunchy,1.69,7,1,1.56,400,FALSE,400,low,400
Packaged Food,Soulfull Ragi Bites Choco Fills,1.69,5,4,1.6,250,FALSE,250,low,1000
Ice Cream & Desserts,Soulfull Ragi Bites Choco Fills,1.69,5,4,1.6,250,FALSE,250,low,1000
Chocolates & Candies,Soulfull Ragi Bites Choco Fills,1.69,5,4,1.6,250,FALSE,250,low,1000
Packaged Food,Soulfull Vanilla Fills - Ragi Bites,1.69,5,6,1.6,250,FALSE,250,low,1500
Ice Cream & Desserts,Soulfull Vanilla Fills - Ragi Bites,1.69,5,6,1.6,250,FALSE,250,low,1500
Chocolates & Candies,Soulfull Vanilla Fills - Ragi Bites,1.69,5,6,1.6,250,FALSE,250,low,1500
Packaged Food,Veeba Mint Mayonnaise,1.69,8,4,1.55,300,FALSE,300,low,1200
Ice Cream & Desserts,Veeba Mint Mayonnaise,1.69,8,4,1.55,300,FALSE,300,low,1200
Chocolates & Candies,Veeba Mint Mayonnaise,1.69,8,4,1.55,300,FALSE,300,low,1200
Personal Care,Dettol Original Germ Protection Bathing Soap Bar,1.66,5,4,1.57,375,FALSE,375,low,1500
Paan Corner,Dettol Original Germ Protection Bathing Soap Bar,1.66,5,4,1.57,375,FALSE,375,low,1500
"Meats, Fish & Eggs",Fresh Chicken Whole Leg - Skinless (Halal),1.65,4,1,1.57,500,FALSE,500,low,500
Personal Care,Himalaya Baby Lotion,1.65,12,3,1.45,200,FALSE,200,low,600
Paan Corner,Himalaya Baby Lotion,1.65,12,3,1.45,200,FALSE,200,low,600
Personal Care,Himalaya Gentle Baby Bath,1.65,9,6,1.5,200,FALSE,200,low,1200
Paan Corner,Himalaya Gentle Baby Bath,1.65,9,6,1.5,200,FALSE,200,low,1200
Personal Care,Johnson's Baby Top To Toe Bath Body Wash,1.65,0,4,1.65,210,FALSE,210,low,840
Paan Corner,Johnson's Baby Top To Toe Bath Body Wash,1.65,0,4,1.65,210,FALSE,210,low,840
Packaged Food,Kissan Pineapple Jam,1.65,9,1,1.49,500,FALSE,500,low,500
Ice Cream & Desserts,Kissan Pineapple Jam,1.65,9,1,1.49,500,FALSE,500,low,500
Chocolates & Candies,Kissan Pineapple Jam,1.65,9,1,1.49,500,FALSE,500,low,500
Cooking Essentials,MTR Uttapam Mix,1.65,5,6,1.56,500,FALSE,500,low,3000
Munchies,MTR Uttapam Mix,1.65,5,6,1.56,500,FALSE,500,low,3000
Home & Cleaning,Nimyle Lemongrass Floor Cleaner,1.65,5,5,1.56,975,FALSE,975,low,4875
Cooking Essentials,Pillsbury Oven Cake Mix - Rich Chocolate,1.65,10,5,1.47,285,FALSE,285,low,1425
Munchies,Pillsbury Oven Cake Mix - Rich Chocolate,1.65,10,5,1.47,285,FALSE,285,low,1425
Cooking Essentials,Praakritik Organic Kapli Wheat Atta,1.65,10,6,1.47,1000,FALSE,1,low,6000
Munchies,Praakritik Organic Kapli Wheat Atta,1.65,10,6,1.47,1000,FALSE,1,low,6000
Health & Hygiene,Savlon Surface Disinfectant Spray,1.65,10,6,1.48,170,FALSE,170,low,1020
"Meats, Fish & Eggs",Zorabian Pre Cut Chicken Skinless (Half),1.65,0,1,1.65,500,FALSE,500,low,500
Home & Cleaning,Air Wick Room Air Freshener Spray - Lavender & Lotus,1.61,5,6,1.52,245,FALSE,245,low,1470
Home & Cleaning,Airwick Room Air Freshener Spray - Rose & Saffron,1.61,5,5,1.52,245,FALSE,245,low,1225
Home & Cleaning,Airwick Room Air Freshener Spray Cool Water & Aloe Vera,1.61,5,6,1.52,245,FALSE,245,low,1470
Packaged Food,Veeba Chipolte Southwest Dressing,1.61,7,4,1.49,300,FALSE,300,low,1200
Ice Cream & Desserts,Veeba Chipolte Southwest Dressing,1.61,7,4,1.49,300,FALSE,300,low,1200
Chocolates & Candies,Veeba Chipolte Southwest Dressing,1.61,7,4,1.49,300,FALSE,300,low,1200
Packaged Food,Veeba Peri Peri Sauce,1.61,0,6,1.61,300,FALSE,300,low,1800
Ice Cream & Desserts,Veeba Peri Peri Sauce,1.61,0,6,1.61,300,FALSE,300,low,1800
Chocolates & Candies,Veeba Peri Peri Sauce,1.61,0,6,1.61,300,FALSE,300,low,1800
Cooking Essentials,Chef's Basket Durum Wheat Elbow Pasta,1.6,50,6,0.8,500,FALSE,500,low,3000
Munchies,Chef's Basket Durum Wheat Elbow Pasta,1.6,50,6,0.8,500,FALSE,500,low,3000
Packaged Food,Chef's Basket Durum Wheat Elbow Pasta,1.6,50,6,0.8,500,FALSE,500,low,3000
Ice Cream & Desserts,Chef's Basket Durum Wheat Elbow Pasta,1.6,50,6,0.8,500,FALSE,500,low,3000
Chocolates & Candies,Chef's Basket Durum Wheat Elbow Pasta,1.6,50,6,0.8,500,FALSE,500,low,3000
Cooking Essentials,Chef's Basket Durum Wheat Fusilli Pasta,1.6,50,6,0.8,500,FALSE,500,low,3000
Munchies,Chef's Basket Durum Wheat Fusilli Pasta,1.6,50,6,0.8,500,FALSE,500,low,3000
Packaged Food,Chef's Basket Durum Wheat Fusilli Pasta,1.6,50,6,0.8,500,FALSE,500,low,3000
Ice Cream & Desserts,Chef's Basket Durum Wheat Fusilli Pasta,1.6,50,6,0.8,500,FALSE,500,low,3000
Chocolates & Candies,Chef's Basket Durum Wheat Fusilli Pasta,1.6,50,6,0.8,500,FALSE,500,low,3000
Cooking Essentials,Chef's Basket Durum Wheat Penne Pasta,1.6,50,0,0.8,500,TRUE,500,low,0
Munchies,Chef's Basket Durum Wheat Penne Pasta,1.6,50,0,0.8,500,TRUE,500,low,0
Packaged Food,Chef's Basket Durum Wheat Penne Pasta,1.6,50,0,0.8,500,TRUE,500,low,0
Ice Cream & Desserts,Chef's Basket Durum Wheat Penne Pasta,1.6,50,0,0.8,500,TRUE,500,low,0
Chocolates & Candies,Chef's Basket Durum Wheat Penne Pasta,1.6,50,0,0.8,500,TRUE,500,low,0
Personal Care,Closeup Everfresh+ Anti-Germ Gel Toothpaste Red Hot,1.6,10,4,1.44,300,FALSE,300,low,1200
Paan Corner,Closeup Everfresh+ Anti-Germ Gel Toothpaste Red Hot,1.6,10,4,1.44,300,FALSE,300,low,1200
Personal Care,Clove Sensitive Toothpaste with Anti-Sensitivity & Fluoride Formulation,1.6,35,3,1.04,80,FALSE,80,low,240
Paan Corner,Clove Sensitive Toothpaste with Anti-Sensitivity & Fluoride Formulation,1.6,35,3,1.04,80,FALSE,80,low,240
Packaged Food,Cornitos Cornitos Taco Shells - 6 Inches,1.6,20,4,1.28,180,FALSE,180,low,720
Ice Cream & Desserts,Cornitos Cornitos Taco Shells - 6 Inches,1.6,20,4,1.28,180,FALSE,180,low,720
Chocolates & Candies,Cornitos Cornitos Taco Shells - 6 Inches,1.6,20,4,1.28,180,FALSE,180,low,720
Personal Care,Fiama Menthol & Magnolia Cooling Gel Bar Soap,1.6,11,6,1.41,375,FALSE,375,low,2250
Paan Corner,Fiama Menthol & Magnolia Cooling Gel Bar Soap,1.6,11,6,1.41,375,FALSE,375,low,2250
Home & Cleaning,"Godrej Aer Pocket, Bathroom Air Fragrance - Assorted Pack Of 3",1.6,0,6,1.6,30,FALSE,30,low,180
Cooking Essentials,Godrej Yummiez Chilli Chicken Sausages ,1.6,10,3,1.44,250,FALSE,250,low,750
Munchies,Godrej Yummiez Chilli Chicken Sausages ,1.6,10,3,1.44,250,FALSE,250,low,750
Packaged Food,Godrej Yummiez Chilli Chicken Sausages ,1.6,10,3,1.44,250,FALSE,250,low,750
Ice Cream & Desserts,Godrej Yummiez Chilli Chicken Sausages ,1.6,10,3,1.44,250,FALSE,250,low,750
Chocolates & Candies,Godrej Yummiez Chilli Chicken Sausages ,1.6,10,3,1.44,250,FALSE,250,low,750
"Meats, Fish & Eggs",Godrej Yummiez Chilli Chicken Sausages ,1.6,10,3,1.44,250,FALSE,250,low,750
Packaged Food,ITC Master Chef Cheesy Corn Triangles,1.6,5,0,1.52,320,TRUE,320,low,0
Ice Cream & Desserts,ITC Master Chef Cheesy Corn Triangles,1.6,5,0,1.52,320,TRUE,320,low,0
Chocolates & Candies,ITC Master Chef Cheesy Corn Triangles,1.6,5,0,1.52,320,TRUE,320,low,0
Packaged Food,Kitchens Of India Mughlai Paneer,1.6,30,4,1.12,285,FALSE,285,low,1140
Ice Cream & Desserts,Kitchens Of India Mughlai Paneer,1.6,30,4,1.12,285,FALSE,285,low,1140
Chocolates & Candies,Kitchens Of India Mughlai Paneer,1.6,30,4,1.12,285,FALSE,285,low,1140
Home & Cleaning,Mr Muscle Dranex Drain Cleaner Kiwi,1.6,6,4,1.49,375,FALSE,375,low,1500
Personal Care,Oral-B Criss Cross Medium Toothbrush (Buy 2 Get 2 Free),1.6,0,5,1.6,232,FALSE,4,low,1160
Paan Corner,Oral-B Criss Cross Medium Toothbrush (Buy 2 Get 2 Free),1.6,0,5,1.6,232,FALSE,4,low,1160
Cooking Essentials,Popular Essentials Toor Dal (Un-Polished),1.6,6,4,1.49,1000,FALSE,1,low,4000
Munchies,Popular Essentials Toor Dal (Un-Polished),1.6,6,4,1.49,1000,FALSE,1,low,4000
Cooking Essentials,Praakritik Organic Jaggery,1.6,6,6,1.5,900,FALSE,900,low,5400
Munchies,Praakritik Organic Jaggery,1.6,6,6,1.5,900,FALSE,900,low,5400
Cooking Essentials,Praakritik Organic Natural Wild Forest Honey,1.6,6,4,1.5,200,FALSE,200,low,800
Munchies,Praakritik Organic Natural Wild Forest Honey,1.6,6,4,1.5,200,FALSE,200,low,800
Fruits & Vegetables,Safal Frozen - Sweet Corn,1.6,5,0,1.52,1000,TRUE,1,low,0
Packaged Food,Safal Frozen - Sweet Corn,1.6,5,0,1.52,1000,TRUE,1,low,0
Ice Cream & Desserts,Safal Frozen - Sweet Corn,1.6,5,0,1.52,1000,TRUE,1,low,0
Chocolates & Candies,Safal Frozen - Sweet Corn,1.6,5,0,1.52,1000,TRUE,1,low,0
Health & Hygiene,Dettol Antiseptic Liquid + Disinfectant Spray - Original,1.59,10,6,1.43,225,FALSE,225,low,1350
Cooking Essentials,On1y Pepper Grinder,1.59,9,1,1.44,50,FALSE,50,low,50
Munchies,On1y Pepper Grinder,1.59,9,1,1.44,50,FALSE,50,low,50
Personal Care,Dove Dandruff Care Shampoo,1.58,6,5,1.47,180,FALSE,180,low,900
Paan Corner,Dove Dandruff Care Shampoo,1.58,6,5,1.47,180,FALSE,180,low,900
Cooking Essentials,Everest Garam Masala,1.58,10,6,1.42,200,FALSE,200,low,1200
Munchies,Everest Garam Masala,1.58,10,6,1.42,200,FALSE,200,low,1200
Personal Care,Clean & Clear Morning Energy Berry Face Wash,1.55,6,6,1.45,100,FALSE,100,low,600
Paan Corner,Clean & Clear Morning Energy Berry Face Wash,1.55,6,6,1.45,100,FALSE,100,low,600
Packaged Food,Kissan Mixed Fruit Jam ,1.55,0,0,1.55,500,TRUE,500,low,0
Ice Cream & Desserts,Kissan Mixed Fruit Jam ,1.55,0,0,1.55,500,TRUE,500,low,0
Chocolates & Candies,Kissan Mixed Fruit Jam ,1.55,0,0,1.55,500,TRUE,500,low,0
Home & Cleaning,Origami Cups Plain 100 units,1.55,14,5,1.32,100,FALSE,100,low,500
Personal Care,Park Avenue Beer Shampoo ,1.55,9,4,1.4,180,FALSE,180,low,720
Paan Corner,Park Avenue Beer Shampoo ,1.55,9,4,1.4,180,FALSE,180,low,720
"Dairy, Bread & Batter",The Laughing Cow Cheese Slices,1.55,0,2,1.55,200,FALSE,200,low,400
Beverages,The Laughing Cow Cheese Slices,1.55,0,2,1.55,200,FALSE,200,low,400
Personal Care,Whisper Ultra Clean XL Plus Sanitary Pad,1.55,0,6,1.55,870,FALSE,15,low,5220
Paan Corner,Whisper Ultra Clean XL Plus Sanitary Pad,1.55,0,6,1.55,870,FALSE,15,low,5220
Health & Hygiene,Whisper Ultra Clean XL Plus Sanitary Pad,1.55,0,6,1.55,870,FALSE,15,low,5220
Home & Cleaning,Harpic Flushmatic In-Cistern Toilet Cleaner Blocks Marine,1.54,7,4,1.43,100,FALSE,100,low,400
Personal Care,Colgate Max Fresh Plax Mouthwash - Fresh Mint,1.5,20,5,1.2,250,FALSE,250,low,1250
Paan Corner,Colgate Max Fresh Plax Mouthwash - Fresh Mint,1.5,20,5,1.2,250,FALSE,250,low,1250
Personal Care,Colgate Plax Peppermint Mouthwash,1.5,20,5,1.2,250,FALSE,250,low,1250
Paan Corner,Colgate Plax Peppermint Mouthwash,1.5,20,5,1.2,250,FALSE,250,low,1250
Personal Care,Colgate Slim Soft Charcoal Toothbrush,1.5,18,4,1.23,232,FALSE,4,low,928
Paan Corner,Colgate Slim Soft Charcoal Toothbrush,1.5,18,4,1.23,232,FALSE,4,low,928
Personal Care,Dove Hair Fall Rescue Shampoo,1.5,6,5,1.41,180,FALSE,180,low,900
Paan Corner,Dove Hair Fall Rescue Shampoo,1.5,6,5,1.41,180,FALSE,180,low,900
Biscuits,Dukes Waffy Chocolate Wafer Rolls ,1.5,50,0,0.75,250,TRUE,250,low,0
Biscuits,Dukes Waffy Strawberry Roll,1.5,50,3,0.75,250,FALSE,250,low,750
Health & Hygiene,Durex Extra Thin Bubblegum Condom,1.5,10,6,1.35,580,FALSE,10,low,3480
Home & Cleaning,Eveready 1012 Carbon Zinc AAA Battery,1.5,4,2,1.43,580,FALSE,10,low,1160
Home & Cleaning,Eveready AA pack of 10 ,1.5,4,6,1.43,580,FALSE,10,low,3480
Home & Cleaning,Eveready Base B22 9-Watt LED Bulb,1.5,0,2,1.5,58,FALSE,1,low,116
Personal Care,Fiama Fresh Hand Wash,1.5,6,3,1.4,400,FALSE,400,low,1200
Paan Corner,Fiama Fresh Hand Wash,1.5,6,3,1.4,400,FALSE,400,low,1200
Home & Cleaning,Gala Double Hockey Toilet Brush,1.5,10,6,1.35,58,FALSE,1,low,348
Home & Cleaning,Gala EzeeSqueegee Wiper,1.5,10,6,1.35,58,FALSE,1,low,348
Home & Cleaning,Godrej Aer Morning Misty Meadows Home Air Freshener,1.5,0,4,1.49,240,FALSE,240,low,960
Home & Cleaning,Godrej Aer Spray Fresh Lush Green,1.5,16,2,1.26,240,FALSE,240,low,480
Cooking Essentials,Godrej Yummiez Chicken Breakfast Salami,1.5,4,0,1.43,250,TRUE,250,low,0
Munchies,Godrej Yummiez Chicken Breakfast Salami,1.5,4,0,1.43,250,TRUE,250,low,0
Packaged Food,Godrej Yummiez Chicken Breakfast Salami,1.5,4,0,1.43,250,TRUE,250,low,0
Ice Cream & Desserts,Godrej Yummiez Chicken Breakfast Salami,1.5,4,0,1.43,250,TRUE,250,low,0
Chocolates & Candies,Godrej Yummiez Chicken Breakfast Salami,1.5,4,0,1.43,250,TRUE,250,low,0
"Meats, Fish & Eggs",Godrej Yummiez Chicken Breakfast Salami,1.5,4,0,1.43,250,TRUE,250,low,0
Personal Care,Head & Shoulders Anti-Dandruff Smooth & Silky Shampoo,1.5,0,4,1.5,180,FALSE,180,low,720
Paan Corner,Head & Shoulders Anti-Dandruff Smooth & Silky Shampoo,1.5,0,4,1.5,180,FALSE,180,low,720
Personal Care,Johnson's Baby Cream,1.5,0,6,1.5,100,FALSE,100,low,600
Paan Corner,Johnson's Baby Cream,1.5,0,6,1.5,100,FALSE,100,low,600
Personal Care,Listerine Cool Mint Mouthwash - Mild Taste,1.5,10,6,1.35,250,FALSE,250,low,1500
Paan Corner,Listerine Cool Mint Mouthwash - Mild Taste,1.5,10,6,1.35,250,FALSE,250,low,1500
Personal Care,Listerine Original Mouthwash,1.5,10,6,1.35,250,FALSE,250,low,1500
Paan Corner,Listerine Original Mouthwash,1.5,10,6,1.35,250,FALSE,250,low,1500
Biscuits,Lotte Choco Pie ,1.5,20,6,1.2,696,FALSE,12,low,4176
Home & Cleaning,Odonil Room Air Freshener Spray - Lavender Mist,1.5,12,1,1.32,137,FALSE,137,low,137
Home & Cleaning,Odonil Room Spray Air Freshener Citrus Fres,1.5,12,4,1.32,137,FALSE,137,low,548
Biscuits,Orion Choco Pie - Chocolate Coated Soft Biscuit,1.5,25,2,1.12,336,FALSE,336,low,672
Cooking Essentials,Pantai Coconut Cream,1.5,4,4,1.43,400,FALSE,400,low,1600
Munchies,Pantai Coconut Cream,1.5,4,4,1.43,400,FALSE,400,low,1600
"Dairy, Bread & Batter",Pantai Coconut Cream,1.5,4,4,1.43,400,FALSE,400,low,1600
Beverages,Pantai Coconut Cream,1.5,4,4,1.43,400,FALSE,400,low,1600
Cooking Essentials,Pantai Coconut Milk,1.5,0,4,1.5,400,FALSE,400,low,1600
Munchies,Pantai Coconut Milk,1.5,0,4,1.5,400,FALSE,400,low,1600
"Dairy, Bread & Batter",Pantai Coconut Milk,1.5,0,4,1.5,400,FALSE,400,low,1600
Beverages,Pantai Coconut Milk,1.5,0,4,1.5,400,FALSE,400,low,1600
Packaged Food,Pantai Green Curry Paste,1.5,14,5,1.28,114,FALSE,114,low,570
Ice Cream & Desserts,Pantai Green Curry Paste,1.5,14,5,1.28,114,FALSE,114,low,570
Chocolates & Candies,Pantai Green Curry Paste,1.5,14,5,1.28,114,FALSE,114,low,570
Packaged Food,Pantai Red Curry Paste,1.5,14,3,1.28,114,FALSE,114,low,342
Ice Cream & Desserts,Pantai Red Curry Paste,1.5,14,3,1.28,114,FALSE,114,low,342
Chocolates & Candies,Pantai Red Curry Paste,1.5,14,3,1.28,114,FALSE,114,low,342
Cooking Essentials,Popular Essentials Phool Makhana (Jumbo Size),1.5,14,0,1.28,100,TRUE,100,low,0
Munchies,Popular Essentials Phool Makhana (Jumbo Size),1.5,14,0,1.28,100,TRUE,100,low,0
Cooking Essentials,Popular Essentials Tamarind,1.5,14,6,1.28,500,FALSE,500,low,3000
Munchies,Popular Essentials Tamarind,1.5,14,6,1.28,500,FALSE,500,low,3000
Cooking Essentials,Praakritik Organic Extra Virgin Coconut Oil,1.5,10,5,1.34,100,FALSE,100,low,500
Munchies,Praakritik Organic Extra Virgin Coconut Oil,1.5,10,5,1.34,100,FALSE,100,low,500
Packaged Food,Prasuma Vegetable Momos,1.5,0,5,1.5,580,FALSE,10,low,2900
Ice Cream & Desserts,Prasuma Vegetable Momos,1.5,0,5,1.5,580,FALSE,10,low,2900
Chocolates & Candies,Prasuma Vegetable Momos,1.5,0,5,1.5,580,FALSE,10,low,2900
Home & Cleaning,Scotch Brite Tough Scrubber Brush,1.5,6,6,1.4,58,FALSE,1,low,348
Home & Cleaning,ScotchBrite Premium Kitchen Towels,1.5,18,3,1.23,174,FALSE,1,low,522
Biscuits,Sunfeast Dark Fantasy Choco Fills Cookies Packet,1.5,15,3,1.27,300,FALSE,300,low,900
Cooking Essentials,Tata Sampann Masoor Dal Stand,1.5,10,4,1.34,1000,FALSE,1,low,4000
Munchies,Tata Sampann Masoor Dal Stand,1.5,10,4,1.34,1000,FALSE,1,low,4000
"Dairy, Bread & Batter",The Laughing Cow Cheese Cubes,1.5,0,4,1.5,200,FALSE,200,low,800
Beverages,The Laughing Cow Cheese Cubes,1.5,0,4,1.5,200,FALSE,200,low,800
"Dairy, Bread & Batter",The Laughing Cow Plain Processed Cheese Block,1.5,0,6,1.5,200,FALSE,200,low,1200
Beverages,The Laughing Cow Plain Processed Cheese Block,1.5,0,6,1.5,200,FALSE,200,low,1200
Packaged Food,Yummiez Chicken Breakfast Sausages,1.5,0,3,1.5,250,FALSE,250,low,750
Ice Cream & Desserts,Yummiez Chicken Breakfast Sausages,1.5,0,3,1.5,250,FALSE,250,low,750
Chocolates & Candies,Yummiez Chicken Breakfast Sausages,1.5,0,3,1.5,250,FALSE,250,low,750
"Meats, Fish & Eggs",Yummiez Chicken Breakfast Sausages,1.5,0,3,1.5,250,FALSE,250,low,750
Personal Care,Godrej No.1 Bathing Soap – Lime & Aloe Vera,1.49,0,6,1.49,600,FALSE,600,low,3600
Paan Corner,Godrej No.1 Bathing Soap – Lime & Aloe Vera,1.49,0,6,1.49,600,FALSE,600,low,3600
Personal Care,L'Oreal Paris Dream Lengths Shampoo,1.49,0,6,1.49,192,FALSE,192,low,1152
Paan Corner,L'Oreal Paris Dream Lengths Shampoo,1.49,0,6,1.49,192,FALSE,192,low,1152
Personal Care,Mamaearth 100% Natural Berry Blast Kids Toothpaste,1.49,10,4,1.34,50,FALSE,50,low,200
Paan Corner,Mamaearth 100% Natural Berry Blast Kids Toothpaste,1.49,10,4,1.34,50,FALSE,50,low,200
Personal Care,Maybelline New York Colossal Kajal Black,1.49,0,2,1.49,0,FALSE,0,low,0
Paan Corner,Maybelline New York Colossal Kajal Black,1.49,0,2,1.49,0,FALSE,0,low,0
Health & Hygiene,Moov Pain Relief Specialist Spray,1.49,5,5,1.41,35,FALSE,35,low,175
Packaged Food,Mother's Recipe Pickle - Mango,1.49,26,4,1.09,500,FALSE,500,low,2000
Ice Cream & Desserts,Mother's Recipe Pickle - Mango,1.49,26,4,1.09,500,FALSE,500,low,2000
Chocolates & Candies,Mother's Recipe Pickle - Mango,1.49,26,4,1.09,500,FALSE,500,low,2000
Packaged Food,Mother's Recipe Pickle - Mixed,1.49,26,6,1.09,500,FALSE,500,low,3000
Ice Cream & Desserts,Mother's Recipe Pickle - Mixed,1.49,26,6,1.09,500,FALSE,500,low,3000
Chocolates & Candies,Mother's Recipe Pickle - Mixed,1.49,26,6,1.09,500,FALSE,500,low,3000
Home & Cleaning,Odonil Room Air Freshener Spray Lavender Mist,1.49,5,4,1.41,240,FALSE,240,low,960
Biscuits,Unibic Assorted Cookies ,1.49,8,6,1.37,450,FALSE,450,low,2700
Home & Cleaning,Uno Playing Card Game,1.49,9,2,1.35,58,FALSE,1,low,116
Packaged Food,Veeba Barbeque Sauce,1.49,8,6,1.37,330,FALSE,330,low,1980
Ice Cream & Desserts,Veeba Barbeque Sauce,1.49,8,6,1.37,330,FALSE,330,low,1980
Chocolates & Candies,Veeba Barbeque Sauce,1.49,8,6,1.37,330,FALSE,330,low,1980
Packaged Food,Veeba Sriracha Chilli Garlic Sauce,1.49,8,5,1.37,320,FALSE,320,low,1600
Ice Cream & Desserts,Veeba Sriracha Chilli Garlic Sauce,1.49,8,5,1.37,320,FALSE,320,low,1600
Chocolates & Candies,Veeba Sriracha Chilli Garlic Sauce,1.49,8,5,1.37,320,FALSE,320,low,1600
Packaged Food,Veeba Thousand Island Dressing,1.49,8,6,1.37,300,FALSE,300,low,1800
Ice Cream & Desserts,Veeba Thousand Island Dressing,1.49,8,6,1.37,300,FALSE,300,low,1800
Chocolates & Candies,Veeba Thousand Island Dressing,1.49,8,6,1.37,300,FALSE,300,low,1800
Home & Cleaning,Harpic Germ & Stain Blaster Disinfectant Toilet Cleaner Floral,1.48,7,6,1.37,750,FALSE,750,low,4500
Cooking Essentials,Everest Chicken Masala,1.47,10,6,1.32,200,FALSE,200,low,1200
Munchies,Everest Chicken Masala,1.47,10,6,1.32,200,FALSE,200,low,1200
Cooking Essentials,24 Mantra Organic Rajma,1.45,0,6,1.45,500,FALSE,500,low,3000
Munchies,24 Mantra Organic Rajma,1.45,0,6,1.45,500,FALSE,500,low,3000
Cooking Essentials,24 Mantra Organic Urad White Whole,1.45,15,4,1.22,500,FALSE,500,low,2000
Munchies,24 Mantra Organic Urad White Whole,1.45,15,4,1.22,500,FALSE,500,low,2000
Personal Care,Clean & Clear Morning Energy Aqua Splash Face Wash,1.45,9,5,1.31,100,FALSE,100,low,500
Paan Corner,Clean & Clear Morning Energy Aqua Splash Face Wash,1.45,9,5,1.31,100,FALSE,100,low,500
Personal Care,Clean & Clear Morning Energy Lemon Face Wash,1.45,9,0,1.31,100,TRUE,100,low,0
Paan Corner,Clean & Clear Morning Energy Lemon Face Wash,1.45,9,0,1.31,100,TRUE,100,low,0
"Dairy, Bread & Batter",Dlecta Cheese Block,1.45,0,6,1.45,200,FALSE,200,low,1200
Beverages,Dlecta Cheese Block,1.45,0,6,1.45,200,FALSE,200,low,1200
"Dairy, Bread & Batter",Dlecta Cheese Cubes 2,1.45,5,6,1.37,200,FALSE,200,low,1200
Beverages,Dlecta Cheese Cubes 2,1.45,5,6,1.37,200,FALSE,200,low,1200
Packaged Food,Mother's Recipe Pickle - Red Stuffed Chilli,1.45,11,3,1.29,400,FALSE,400,low,1200
Ice Cream & Desserts,Mother's Recipe Pickle - Red Stuffed Chilli,1.45,11,3,1.29,400,FALSE,400,low,1200
Chocolates & Candies,Mother's Recipe Pickle - Red Stuffed Chilli,1.45,11,3,1.29,400,FALSE,400,low,1200
Health & Hygiene,Vicks VapoRub,1.45,11,2,1.29,50,FALSE,50,low,100
"Meats, Fish & Eggs",Zorabian Chicken Breast Boneless,1.45,8,3,1.33,250,FALSE,250,low,750
"Meats, Fish & Eggs",Zorabian Chicken Breast Boneless ,1.45,0,0,1.45,450,TRUE,450,low,0
Personal Care,Johnson's Baby Powder,1.43,0,6,1.43,200,FALSE,200,low,1200
Paan Corner,Johnson's Baby Powder,1.43,0,6,1.43,200,FALSE,200,low,1200
Fruits & Vegetables,Apple Kinnaur,1.42,16,6,1.19,232,FALSE,4,low,1392
Fruits & Vegetables,Apple Shimla,1.42,16,3,1.19,232,FALSE,4,low,696
Cooking Essentials,Everest Kitchen King Masala,1.42,9,6,1.28,200,FALSE,200,low,1200
Munchies,Everest Kitchen King Masala,1.42,9,6,1.28,200,FALSE,200,low,1200
Cooking Essentials,Weikfield Vanilla Custard Powder,1.42,9,3,1.28,500,FALSE,500,low,1500
Munchies,Weikfield Vanilla Custard Powder,1.42,9,3,1.28,500,FALSE,500,low,1500
Packaged Food,Veeba Sweet Onion Sauce,1.41,14,4,1.21,350,FALSE,350,low,1400
Ice Cream & Desserts,Veeba Sweet Onion Sauce,1.41,14,4,1.21,350,FALSE,350,low,1400
Chocolates & Candies,Veeba Sweet Onion Sauce,1.41,14,4,1.21,350,FALSE,350,low,1400
Packaged Food,Cantina Tabasco Green Sauce,1.4,15,6,1.19,60,FALSE,60,low,360
Ice Cream & Desserts,Cantina Tabasco Green Sauce,1.4,15,6,1.19,60,FALSE,60,low,360
Chocolates & Candies,Cantina Tabasco Green Sauce,1.4,15,6,1.19,60,FALSE,60,low,360
Packaged Food,Cantina Tabasco Red Sauce,1.4,15,6,1.19,60,FALSE,60,low,360
Ice Cream & Desserts,Cantina Tabasco Red Sauce,1.4,15,6,1.19,60,FALSE,60,low,360
Chocolates & Candies,Cantina Tabasco Red Sauce,1.4,15,6,1.19,60,FALSE,60,low,360
Home & Cleaning,Chakaachak Super Sponge Wipes (Pack of 3),1.4,0,6,1.4,174,FALSE,3,low,1044
Personal Care,Clean & Clear Foaming Face Wash,1.4,10,4,1.26,100,FALSE,100,low,400
Paan Corner,Clean & Clear Foaming Face Wash,1.4,10,4,1.26,100,FALSE,100,low,400
Personal Care,Colgate Sensitive Plus Anticavity Toothpaste ,1.4,10,6,1.26,70,FALSE,70,low,420
Paan Corner,Colgate Sensitive Plus Anticavity Toothpaste ,1.4,10,6,1.26,70,FALSE,70,low,420
Personal Care,Colgate Sensitive Plus Enamel Toothpaste Tube,1.4,0,6,1.4,160,FALSE,160,low,960
Paan Corner,Colgate Sensitive Plus Enamel Toothpaste Tube,1.4,0,6,1.4,160,FALSE,160,low,960
Health & Hygiene,Dabur Nature Care Isabgol - Double Action,1.4,5,6,1.33,100,FALSE,100,low,600
"Meats, Fish & Eggs",Fresh Chicken Curry Cut - Skinless (Halal),1.4,0,0,1.4,500,TRUE,500,low,0
Home & Cleaning,Gala Iron Bull Scrub Pad,1.4,10,6,1.26,174,FALSE,3,low,1044
Home & Cleaning,Gala Microfiber Multipurpose Cloth,1.4,7,6,1.29,58,FALSE,1,low,348
"Dairy, Bread & Batter",Go Cheese Slice - Plain,1.4,5,6,1.33,200,FALSE,200,low,1200
Beverages,Go Cheese Slice - Plain,1.4,5,6,1.33,200,FALSE,200,low,1200
"Dairy, Bread & Batter",Go Pizza Cheese,1.4,5,6,1.33,200,FALSE,200,low,1200
Beverages,Go Pizza Cheese,1.4,5,6,1.33,200,FALSE,200,low,1200
Personal Care,Himalaya Anti Dandruff Shampoo,1.4,8,2,1.28,200,FALSE,200,low,400
Personal Care,Himalaya Anti Dandruff Shampoo,1.4,10,1,1.26,200,FALSE,200,low,200
Paan Corner,Himalaya Anti Dandruff Shampoo,1.4,8,2,1.28,200,FALSE,200,low,400
Paan Corner,Himalaya Anti Dandruff Shampoo,1.4,10,1,1.26,200,FALSE,200,low,200
Packaged Food,Kellogg's Special K Original Corn Flakes,1.4,5,1,1.33,290,FALSE,290,low,290
Ice Cream & Desserts,Kellogg's Special K Original Corn Flakes,1.4,5,1,1.33,290,FALSE,290,low,290
Chocolates & Candies,Kellogg's Special K Original Corn Flakes,1.4,5,1,1.33,290,FALSE,290,low,290
Personal Care,Listerine Fresh Burst Mouthwash,1.4,10,4,1.26,250,FALSE,250,low,1000
Paan Corner,Listerine Fresh Burst Mouthwash,1.4,10,4,1.26,250,FALSE,250,low,1000
Biscuits,Lotte Choco Pie ,1.4,6,2,1.31,336,FALSE,336,low,672
Packaged Food,Mother's Recipe Gujrati Gorkeri Pickle,1.4,10,3,1.26,500,FALSE,500,low,1500
Ice Cream & Desserts,Mother's Recipe Gujrati Gorkeri Pickle,1.4,10,3,1.26,500,FALSE,500,low,1500
Chocolates & Candies,Mother's Recipe Gujrati Gorkeri Pickle,1.4,10,3,1.26,500,FALSE,500,low,1500
Personal Care,Nivea Lip Balm Original Care for 24h Moisture with Shea Butter & Natural Oils,1.4,15,6,1.19,5,FALSE,4,low,30
Paan Corner,Nivea Lip Balm Original Care for 24h Moisture with Shea Butter & Natural Oils,1.4,15,6,1.19,5,FALSE,4,low,30
Home & Cleaning,Origami Kitchen Towels 2 In 1 Quilted 2ply,1.4,10,6,1.26,116,FALSE,2,low,696
Packaged Food,Pedigree Meat Jerky Adult Dog Treat Barbecued Chicken,1.4,20,6,1.12,80,FALSE,80,low,480
Ice Cream & Desserts,Pedigree Meat Jerky Adult Dog Treat Barbecued Chicken,1.4,20,6,1.12,80,FALSE,80,low,480
Chocolates & Candies,Pedigree Meat Jerky Adult Dog Treat Barbecued Chicken,1.4,20,6,1.12,80,FALSE,80,low,480
Cooking Essentials,Popular Essentials Dry Dates (Kharak),1.4,15,6,1.18,250,FALSE,250,low,1500
Munchies,Popular Essentials Dry Dates (Kharak),1.4,15,6,1.18,250,FALSE,250,low,1500
Cooking Essentials,Popular Essentials Premium Jeera Rice,1.4,0,5,1.4,1000,FALSE,1,low,5000
Munchies,Popular Essentials Premium Jeera Rice,1.4,0,5,1.4,1000,FALSE,1,low,5000
Cooking Essentials,Praakritik Organic Tuvar Dal,1.4,0,6,1.4,500,FALSE,500,low,3000
Munchies,Praakritik Organic Tuvar Dal,1.4,0,6,1.4,500,FALSE,500,low,3000
Biscuits,Sunfeast Yumfills Whoopie Pie,1.4,25,5,1.05,253,FALSE,276,low,1265
Home & Cleaning,Om Bhakti Wick for Diya - Ghee Cotton Wicks Small ,1.39,10,6,1.25,30,FALSE,30,low,180
Cooking Essentials,On1y Salad Seasoning Grinder,1.39,0,6,1.39,45,FALSE,45,low,270
Munchies,On1y Salad Seasoning Grinder,1.39,0,6,1.39,45,FALSE,45,low,270
Cooking Essentials,Praakritik Organic Ginger Powder,1.39,10,6,1.25,100,FALSE,100,low,600
Munchies,Praakritik Organic Ginger Powder,1.39,10,6,1.25,100,FALSE,100,low,600
Personal Care,Dove Hair Fall Rescue Shampoo,1.37,10,4,1.23,180,FALSE,180,low,720
Paan Corner,Dove Hair Fall Rescue Shampoo,1.37,10,4,1.23,180,FALSE,180,low,720
Home & Cleaning,Surf Excel Easy Wash Detergent Powder,1.36,3,0,1.31,1000,TRUE,1,low,0
Cooking Essentials,24 Mantra Organic Green Moong Dal - Split,1.35,0,2,1.35,500,FALSE,500,low,1000
Munchies,24 Mantra Organic Green Moong Dal - Split,1.35,0,2,1.35,500,FALSE,500,low,1000
Cooking Essentials,24 Mantra Organic Moong Dal,1.35,7,6,1.25,500,FALSE,500,low,3000
Munchies,24 Mantra Organic Moong Dal,1.35,7,6,1.25,500,FALSE,500,low,3000
Cooking Essentials,24 Mantra Organic Peanuts,1.35,7,1,1.25,500,FALSE,500,low,500
Munchies,24 Mantra Organic Peanuts,1.35,7,1,1.25,500,FALSE,500,low,500
Home & Cleaning,Ariel Complete Detergent Washing Powder 500 g  + 200 g Free,1.35,0,6,1.35,500,FALSE,500,low,3000
Packaged Food,Del Monte Eggless Mayo,1.35,6,0,1.26,500,TRUE,500,low,0
Ice Cream & Desserts,Del Monte Eggless Mayo,1.35,6,0,1.26,500,TRUE,500,low,0
Chocolates & Candies,Del Monte Eggless Mayo,1.35,6,0,1.26,500,TRUE,500,low,0
Cooking Essentials,Everest Black Pepper Powder,1.35,14,6,1.15,100,FALSE,100,low,600
Munchies,Everest Black Pepper Powder,1.35,14,6,1.15,100,FALSE,100,low,600
Home & Cleaning,Kiwi Dranex Drain Cleaner,1.35,9,1,1.22,348,FALSE,6,low,348
Personal Care,L'Oreal 6 Oil Nourish Conditioner,1.35,0,1,1.35,192,FALSE,192,low,192
Paan Corner,L'Oreal 6 Oil Nourish Conditioner,1.35,0,1,1.35,192,FALSE,192,low,192
Packaged Food,MTR Ready To Eat Palak Paneer ,1.35,11,6,1.2,300,FALSE,300,low,1800
Ice Cream & Desserts,MTR Ready To Eat Palak Paneer ,1.35,11,6,1.2,300,FALSE,300,low,1800
Chocolates & Candies,MTR Ready To Eat Palak Paneer ,1.35,11,6,1.2,300,FALSE,300,low,1800
Packaged Food,MTR Ready To Eat Paneer Butter Masala,1.35,9,2,1.22,300,FALSE,300,low,600
Ice Cream & Desserts,MTR Ready To Eat Paneer Butter Masala,1.35,9,2,1.22,300,FALSE,300,low,600
Chocolates & Candies,MTR Ready To Eat Paneer Butter Masala,1.35,9,2,1.22,300,FALSE,300,low,600
Cooking Essentials,Praakritik Organic Yellow Moon Dal,1.35,0,6,1.35,500,FALSE,500,low,3000
Munchies,Praakritik Organic Yellow Moon Dal,1.35,0,6,1.35,500,FALSE,500,low,3000
Cooking Essentials,Puro Healthy Salt Crystal,1.35,7,6,1.25,1000,FALSE,1,low,6000
Munchies,Puro Healthy Salt Crystal,1.35,7,6,1.25,1000,FALSE,1,low,6000
Home & Cleaning,Scotch Brite Kitchen Sink Brush,1.35,9,5,1.22,58,FALSE,1,low,290
Personal Care,Veet Hair Removal Cream (Normal Skin),1.35,5,6,1.28,50,FALSE,50,low,300
Paan Corner,Veet Hair Removal Cream (Normal Skin),1.35,5,6,1.28,50,FALSE,50,low,300
Health & Hygiene,Veet Hair Removal Cream (Normal Skin),1.35,5,6,1.28,50,FALSE,50,low,300
Personal Care,Veet Hair Removal Cream Dry Skin,1.35,5,5,1.28,50,FALSE,50,low,250
Paan Corner,Veet Hair Removal Cream Dry Skin,1.35,5,5,1.28,50,FALSE,50,low,250
Health & Hygiene,Veet Hair Removal Cream Dry Skin,1.35,5,5,1.28,50,FALSE,50,low,250
Personal Care,Veet Sensitive Skin Hair Removal Cream,1.35,5,6,1.28,50,FALSE,50,low,300
Paan Corner,Veet Sensitive Skin Hair Removal Cream,1.35,5,6,1.28,50,FALSE,50,low,300
Health & Hygiene,Veet Sensitive Skin Hair Removal Cream,1.35,5,6,1.28,50,FALSE,50,low,300
Packaged Food,Yummiez Green Peas,1.35,0,0,1.35,500,TRUE,500,low,0
Ice Cream & Desserts,Yummiez Green Peas,1.35,0,0,1.35,500,TRUE,500,low,0
Chocolates & Candies,Yummiez Green Peas,1.35,0,0,1.35,500,TRUE,500,low,0
Cooking Essentials,Tata Sampann Unpolished Rajma (Chitra),1.34,6,6,1.25,500,FALSE,500,low,3000
Munchies,Tata Sampann Unpolished Rajma (Chitra),1.34,6,6,1.25,500,FALSE,500,low,3000
Personal Care,Whisper Choice Ultra XL Sanitary Pad,1.33,2,5,1.3,1160,FALSE,20,medium,5800
Paan Corner,Whisper Choice Ultra XL Sanitary Pad,1.33,2,5,1.3,1160,FALSE,20,medium,5800
Health & Hygiene,Whisper Choice Ultra XL Sanitary Pad,1.33,2,5,1.3,1160,FALSE,20,medium,5800
Cooking Essentials,Nestle Milkmaid,1.32,3,6,1.28,400,FALSE,400,low,2400
Munchies,Nestle Milkmaid,1.32,3,6,1.28,400,FALSE,400,low,2400
Cooking Essentials,24 Mantra Organic Pancharatna Dal - Split,1.3,7,6,1.2,500,FALSE,500,low,3000
Munchies,24 Mantra Organic Pancharatna Dal - Split,1.3,7,6,1.2,500,FALSE,500,low,3000
Cooking Essentials,24 Mantra Organic Tur Dal - Split,1.3,7,6,1.2,500,FALSE,500,low,3000
Munchies,24 Mantra Organic Tur Dal - Split,1.3,7,6,1.2,500,FALSE,500,low,3000
Packaged Food,Baggry's Crunchy Muesli Almond Raisins & Honey,1.3,0,5,1.3,200,FALSE,200,low,1000
Ice Cream & Desserts,Baggry's Crunchy Muesli Almond Raisins & Honey,1.3,0,5,1.3,200,FALSE,200,low,1000
Chocolates & Candies,Baggry's Crunchy Muesli Almond Raisins & Honey,1.3,0,5,1.3,200,FALSE,200,low,1000
Personal Care,Bajaj Almond Drops Hair Oil Bottle,1.3,7,0,1.2,200,TRUE,200,low,0
Paan Corner,Bajaj Almond Drops Hair Oil Bottle,1.3,7,0,1.2,200,TRUE,200,low,0
Personal Care,Clean & Clear Pimple Clearing Face Wash,1.3,10,2,1.17,80,FALSE,80,low,160
Paan Corner,Clean & Clear Pimple Clearing Face Wash,1.3,10,2,1.17,80,FALSE,80,low,160
Health & Hygiene,Dabur Hajmola Maha Candy - Aam+Imli,1.3,5,1,1.23,130,FALSE,130,low,130
Health & Hygiene,Eno Fruit Salt Lemon Flavour Energy Powder,1.3,10,6,1.17,100,FALSE,100,low,600
Health & Hygiene,Eno Regular Fruit Salt Energy Powder,1.3,0,6,1.3,100,FALSE,100,low,600
Personal Care,Himalaya Anti Hair Fall Shampoo,1.3,12,2,1.14,200,FALSE,200,low,400
Paan Corner,Himalaya Anti Hair Fall Shampoo,1.3,12,2,1.14,200,FALSE,200,low,400
Packaged Food,ITC Master Chef Lebanese Falafel Kebab,1.3,4,4,1.24,230,FALSE,230,low,920
Ice Cream & Desserts,ITC Master Chef Lebanese Falafel Kebab,1.3,4,4,1.24,230,FALSE,230,low,920
Chocolates & Candies,ITC Master Chef Lebanese Falafel Kebab,1.3,4,4,1.24,230,FALSE,230,low,920
Packaged Food,Kellogg's Chocos,1.3,10,6,1.17,250,FALSE,250,low,1500
Ice Cream & Desserts,Kellogg's Chocos,1.3,10,6,1.17,250,FALSE,250,low,1500
Chocolates & Candies,Kellogg's Chocos,1.3,10,6,1.17,250,FALSE,250,low,1500
Cooking Essentials,Kitchens Of India Mutter Paneer,1.3,4,6,1.24,285,FALSE,285,low,1710
Munchies,Kitchens Of India Mutter Paneer,1.3,4,6,1.24,285,FALSE,285,low,1710
Packaged Food,Kitchens Of India Palak Paneer,1.3,30,6,0.91,285,FALSE,285,low,1710
Ice Cream & Desserts,Kitchens Of India Palak Paneer,1.3,30,6,0.91,285,FALSE,285,low,1710
Chocolates & Candies,Kitchens Of India Palak Paneer,1.3,30,6,0.91,285,FALSE,285,low,1710
Packaged Food,McCain Chilli Cheesy Nuggets,1.3,4,1,1.24,250,FALSE,250,low,250
Ice Cream & Desserts,McCain Chilli Cheesy Nuggets,1.3,4,1,1.24,250,FALSE,250,low,250
Chocolates & Candies,McCain Chilli Cheesy Nuggets,1.3,4,1,1.24,250,FALSE,250,low,250
Packaged Food,Mccain Emotibites - Crispy Happy Potato Snack,1.3,0,6,1.29,415,FALSE,415,low,2490
Ice Cream & Desserts,Mccain Emotibites - Crispy Happy Potato Snack,1.3,0,6,1.29,415,FALSE,415,low,2490
Chocolates & Candies,Mccain Emotibites - Crispy Happy Potato Snack,1.3,0,6,1.29,415,FALSE,415,low,2490
Packaged Food,McCain Potato Cheese Shotz,1.3,4,6,1.24,250,FALSE,250,low,1500
Ice Cream & Desserts,McCain Potato Cheese Shotz,1.3,4,6,1.24,250,FALSE,250,low,1500
Chocolates & Candies,McCain Potato Cheese Shotz,1.3,4,6,1.24,250,FALSE,250,low,1500
Personal Care,Neutrogena Deep Clean Facial Cleanser,1.3,0,4,1.3,50,FALSE,50,low,200
Paan Corner,Neutrogena Deep Clean Facial Cleanser,1.3,0,4,1.3,50,FALSE,50,low,200
Personal Care,Neutrogena Deep Clean Foaming Cleanser,1.3,11,2,1.15,50,FALSE,50,low,100
Paan Corner,Neutrogena Deep Clean Foaming Cleanser,1.3,11,2,1.15,50,FALSE,50,low,100
Personal Care,Nycil Germ Expert Cool Herbal Talc,1.3,8,1,1.19,150,FALSE,200,low,150
Paan Corner,Nycil Germ Expert Cool Herbal Talc,1.3,8,1,1.19,150,FALSE,200,low,150
Cooking Essentials,Praakritik Organic Masoor Dal,1.3,10,6,1.16,500,FALSE,500,low,3000
Munchies,Praakritik Organic Masoor Dal,1.3,10,6,1.16,500,FALSE,500,low,3000
Cooking Essentials,Praakritik Orrganic Cold Pressed Sesame Oil,1.3,10,5,1.17,100,FALSE,100,low,500
Munchies,Praakritik Orrganic Cold Pressed Sesame Oil,1.3,10,5,1.17,100,FALSE,100,low,500
Biscuits,The Bake Shop Maska & Multigrain Cheese Crackers,1.3,10,3,1.16,100,FALSE,150,low,300
Biscuits,The Bake Shop Sesame Seed Crackers,1.3,10,4,1.16,100,FALSE,150,low,400
Cooking Essentials,Amul Dark Compound Chocolate Slab,1.25,2,6,1.22,500,FALSE,500,low,3000
Munchies,Amul Dark Compound Chocolate Slab,1.25,2,6,1.22,500,FALSE,500,low,3000
Home & Cleaning,Gala Cloth Poccha/Mop,1.25,9,6,1.13,58,FALSE,1,low,348
"Dairy, Bread & Batter",Go Cheese Pizza Blend Mozzarella + Cheddar,1.25,5,0,1.18,200,TRUE,200,low,0
Beverages,Go Cheese Pizza Blend Mozzarella + Cheddar,1.25,5,0,1.18,200,TRUE,200,low,0
"Dairy, Bread & Batter",Go Cheese Processed Squares,1.25,5,6,1.18,200,FALSE,200,low,1200
Beverages,Go Cheese Processed Squares,1.25,5,6,1.18,200,FALSE,200,low,1200
"Dairy, Bread & Batter",Go Processed Cheese Block,1.25,4,6,1.19,200,FALSE,200,low,1200
Beverages,Go Processed Cheese Block,1.25,4,6,1.19,200,FALSE,200,low,1200
Health & Hygiene,Himalaya Cold Balm,1.25,9,6,1.13,45,FALSE,45,low,270
Packaged Food,McCain Chilli Garlic Potato Bites Crunchy Potato Nuggets,1.25,5,1,1.18,420,FALSE,420,low,420
Ice Cream & Desserts,McCain Chilli Garlic Potato Bites Crunchy Potato Nuggets,1.25,5,1,1.18,420,FALSE,420,low,420
Chocolates & Candies,McCain Chilli Garlic Potato Bites Crunchy Potato Nuggets,1.25,5,1,1.18,420,FALSE,420,low,420
Packaged Food,Mother's Recipe Pickle - Mango,1.25,9,6,1.13,400,FALSE,500,low,2400
Ice Cream & Desserts,Mother's Recipe Pickle - Mango,1.25,9,6,1.13,400,FALSE,500,low,2400
Chocolates & Candies,Mother's Recipe Pickle - Mango,1.25,9,6,1.13,400,FALSE,500,low,2400
Personal Care,Pears Pure & Gentle Value Pack Of 4 Bathing Soap ,1.25,0,6,1.25,75,FALSE,75,low,450
Paan Corner,Pears Pure & Gentle Value Pack Of 4 Bathing Soap ,1.25,0,6,1.25,75,FALSE,75,low,450
Cooking Essentials,Popular Essentials Buckwheat Flour (Kuttu Atta),1.25,9,0,1.13,500,TRUE,500,low,0
Munchies,Popular Essentials Buckwheat Flour (Kuttu Atta),1.25,9,0,1.13,500,TRUE,500,low,0
Cooking Essentials,Sugarfree Gold Low Calorie Sweetner ,1.25,5,6,1.18,100,FALSE,100,low,600
Munchies,Sugarfree Gold Low Calorie Sweetner ,1.25,5,6,1.18,100,FALSE,100,low,600
Cooking Essentials,Tata Sampann Kala Chana,1.25,0,0,1.25,1000,TRUE,1,low,0
Munchies,Tata Sampann Kala Chana,1.25,0,0,1.25,1000,TRUE,1,low,0
Personal Care,Vaseline Original Skin Protecting Jelly,1.25,10,6,1.12,100,FALSE,100,low,600
Paan Corner,Vaseline Original Skin Protecting Jelly,1.25,10,6,1.12,100,FALSE,100,low,600
Packaged Food,Yogabar No Added Sugar Protein Bar Brownie,1.25,15,4,1.06,60,FALSE,60,low,240
Ice Cream & Desserts,Yogabar No Added Sugar Protein Bar Brownie,1.25,15,4,1.06,60,FALSE,60,low,240
Chocolates & Candies,Yogabar No Added Sugar Protein Bar Brownie,1.25,15,4,1.06,60,FALSE,60,low,240
Packaged Food,Ching's Secret Just Soak - Whole Wheat Veg Hakka Noodles,1.23,0,6,1.23,600,FALSE,600,low,3600
Ice Cream & Desserts,Ching's Secret Just Soak - Whole Wheat Veg Hakka Noodles,1.23,0,6,1.23,600,FALSE,600,low,3600
Chocolates & Candies,Ching's Secret Just Soak - Whole Wheat Veg Hakka Noodles,1.23,0,6,1.23,600,FALSE,600,low,3600
Personal Care,Parachute 100% Pure Coconut Oil,1.23,0,0,1.23,300,TRUE,300,low,0
Paan Corner,Parachute 100% Pure Coconut Oil,1.23,0,0,1.23,300,TRUE,300,low,0
"Dairy, Bread & Batter",Amul Cheese - Processed Slices,1.22,1,6,1.2,200,FALSE,200,low,1200
Beverages,Amul Cheese - Processed Slices,1.22,1,6,1.2,200,FALSE,200,low,1200
Biscuits,Britannia Good Day Cashew Cookies Pack Of 6,1.2,10,6,1.08,120,FALSE,120,low,720
Biscuits,Britannia Good Day Cashew Cookies Packet,1.2,12,6,1.056,600,FALSE,600,low,3600
Biscuits,Britannia Goodday Chocochip Cookies,1.2,17,5,0.99,400,FALSE,400,low,2000
Biscuits,Britannia Pure Magic Choco Lush Cookies,1.2,20,4,0.96,300,FALSE,300,low,1200
Biscuits,Britannia Tiger Krunch Biscuits,1.2,0,4,1.2,400,FALSE,400,low,1600
Personal Care,Colgate Gentle Sensitive+ Toothbrush Pack Of 4,1.2,10,4,1.08,232,FALSE,4,low,928
Paan Corner,Colgate Gentle Sensitive+ Toothbrush Pack Of 4,1.2,10,4,1.08,232,FALSE,4,low,928
Personal Care,Colgate Total 12 Whole Mouth Protection Toothpaste,1.2,10,6,1.08,120,FALSE,120,low,720
Paan Corner,Colgate Total 12 Whole Mouth Protection Toothpaste,1.2,10,6,1.08,120,FALSE,120,low,720
Personal Care,Colgate Zig Zag Toothbrush,1.2,0,3,1.2,348,FALSE,6,low,1044
Paan Corner,Colgate Zig Zag Toothbrush,1.2,0,3,1.2,348,FALSE,6,low,1044
Cooking Essentials,Cornitos Peanut - Premium Salted ,1.2,10,6,1.08,150,FALSE,150,low,900
Munchies,Cornitos Peanut - Premium Salted ,1.2,10,6,1.08,150,FALSE,150,low,900
Cooking Essentials,Dabur Honey - World's No.1,1.2,0,6,1.2,250,FALSE,250,low,1500
Munchies,Dabur Honey - World's No.1,1.2,0,6,1.2,250,FALSE,250,low,1500
Packaged Food,Del Monte Original Blend Tomato Ketchup Pouch,1.2,7,0,1.11,950,TRUE,950,low,0
Ice Cream & Desserts,Del Monte Original Blend Tomato Ketchup Pouch,1.2,7,0,1.11,950,TRUE,950,low,0
Chocolates & Candies,Del Monte Original Blend Tomato Ketchup Pouch,1.2,7,0,1.11,950,TRUE,950,low,0
Health & Hygiene,Durex Condoms Mutual Climax,1.2,0,6,1.2,174,FALSE,3,low,1044
Cooking Essentials,Everest Saffron Kesar,1.2,0,0,1.2,1,TRUE,0,low,0
Munchies,Everest Saffron Kesar,1.2,0,0,1.2,1,TRUE,0,low,0
Cooking Essentials,Fortune Besan Flour,1.2,0,0,1.2,1000,TRUE,1,low,0
Munchies,Fortune Besan Flour,1.2,0,0,1.2,1000,TRUE,1,low,0
Cooking Essentials,Kitchens of India Mutter Paneer Mix,1.2,30,4,0.84,285,FALSE,285,low,1140
Munchies,Kitchens of India Mutter Paneer Mix,1.2,30,4,0.84,285,FALSE,285,low,1140
Packaged Food,Kitchens of India Mutter Paneer Mix,1.2,30,4,0.84,285,FALSE,285,low,1140
Ice Cream & Desserts,Kitchens of India Mutter Paneer Mix,1.2,30,4,0.84,285,FALSE,285,low,1140
Chocolates & Candies,Kitchens of India Mutter Paneer Mix,1.2,30,4,0.84,285,FALSE,285,low,1140
Packaged Food,McCain Crazy Fries Masala MixHot 'n' Tangy,1.2,5,6,1.14,400,FALSE,400,low,2400
Ice Cream & Desserts,McCain Crazy Fries Masala MixHot 'n' Tangy,1.2,5,6,1.14,400,FALSE,400,low,2400
Chocolates & Candies,McCain Crazy Fries Masala MixHot 'n' Tangy,1.2,5,6,1.14,400,FALSE,400,low,2400
Packaged Food,McCain French Fries,1.2,5,1,1.14,420,FALSE,420,low,420
Ice Cream & Desserts,McCain French Fries,1.2,5,1,1.14,420,FALSE,420,low,420
Chocolates & Candies,McCain French Fries,1.2,5,1,1.14,420,FALSE,420,low,420
Packaged Food,McCain Herb & Garlic Crazy Fries Masala Mix ,1.2,5,5,1.14,400,FALSE,400,low,2000
Ice Cream & Desserts,McCain Herb & Garlic Crazy Fries Masala Mix ,1.2,5,5,1.14,400,FALSE,400,low,2000
Chocolates & Candies,McCain Herb & Garlic Crazy Fries Masala Mix ,1.2,5,5,1.14,400,FALSE,400,low,2000
Packaged Food,McCain Masala - Fries,1.2,5,3,1.14,375,FALSE,375,low,1125
Ice Cream & Desserts,McCain Masala - Fries,1.2,5,3,1.14,375,FALSE,375,low,1125
Chocolates & Candies,McCain Masala - Fries,1.2,5,3,1.14,375,FALSE,375,low,1125
Cooking Essentials,McCain New Mini Samosa with Cheese Corn Style Filling,1.2,1,2,1.18,240,FALSE,240,low,480
Munchies,McCain New Mini Samosa with Cheese Corn Style Filling,1.2,1,2,1.18,240,FALSE,240,low,480
Packaged Food,McCain New Mini Samosa with Cheese Corn Style Filling,1.2,1,2,1.18,240,FALSE,240,low,480
Ice Cream & Desserts,McCain New Mini Samosa with Cheese Corn Style Filling,1.2,1,2,1.18,240,FALSE,240,low,480
Chocolates & Candies,McCain New Mini Samosa with Cheese Corn Style Filling,1.2,1,2,1.18,240,FALSE,240,low,480
Cooking Essentials,McCain New Mini Samosa with Cheese Pizza Style Filling,1.2,1,3,1.18,240,FALSE,240,low,720
Munchies,McCain New Mini Samosa with Cheese Pizza Style Filling,1.2,1,3,1.18,240,FALSE,240,low,720
Packaged Food,McCain New Mini Samosa with Cheese Pizza Style Filling,1.2,1,3,1.18,240,FALSE,240,low,720
Ice Cream & Desserts,McCain New Mini Samosa with Cheese Pizza Style Filling,1.2,1,3,1.18,240,FALSE,240,low,720
Chocolates & Candies,McCain New Mini Samosa with Cheese Pizza Style Filling,1.2,1,3,1.18,240,FALSE,240,low,720
Packaged Food,McCain Smiles - Pudina Chatka,1.2,5,3,1.14,375,FALSE,375,low,1125
Ice Cream & Desserts,McCain Smiles - Pudina Chatka,1.2,5,3,1.14,375,FALSE,375,low,1125
Chocolates & Candies,McCain Smiles - Pudina Chatka,1.2,5,3,1.14,375,FALSE,375,low,1125
Packaged Food,McCain Smiles Cripsy Happy Potatoes,1.2,5,6,1.14,415,FALSE,415,low,2490
Ice Cream & Desserts,McCain Smiles Cripsy Happy Potatoes,1.2,5,6,1.14,415,FALSE,415,low,2490
Chocolates & Candies,McCain Smiles Cripsy Happy Potatoes,1.2,5,6,1.14,415,FALSE,415,low,2490
Packaged Food,McCain Super Wedges,1.2,7,6,1.11,400,FALSE,400,low,2400
Ice Cream & Desserts,McCain Super Wedges,1.2,7,6,1.11,400,FALSE,400,low,2400
Chocolates & Candies,McCain Super Wedges,1.2,7,6,1.11,400,FALSE,400,low,2400
Packaged Food,Mother's Recipe Lime Pickle ,1.2,5,1,1.14,400,FALSE,400,low,400
Ice Cream & Desserts,Mother's Recipe Lime Pickle ,1.2,5,1,1.14,400,FALSE,400,low,400
Chocolates & Candies,Mother's Recipe Lime Pickle ,1.2,5,1,1.14,400,FALSE,400,low,400
Packaged Food,Mother's Recipe Mango Pickle ,1.2,0,1,1.2,400,FALSE,400,low,400
Ice Cream & Desserts,Mother's Recipe Mango Pickle ,1.2,0,1,1.2,400,FALSE,400,low,400
Chocolates & Candies,Mother's Recipe Mango Pickle ,1.2,0,1,1.2,400,FALSE,400,low,400
Packaged Food,Mother's Recipe Punjabi Teekha Mang Pickle,1.2,10,4,1.08,400,FALSE,400,low,1600
Ice Cream & Desserts,Mother's Recipe Punjabi Teekha Mang Pickle,1.2,10,4,1.08,400,FALSE,400,low,1600
Chocolates & Candies,Mother's Recipe Punjabi Teekha Mang Pickle,1.2,10,4,1.08,400,FALSE,400,low,1600
Personal Care,Pantene Advanced Control Hair Fall Solution Shampoo,1.2,6,5,1.12,180,FALSE,180,low,900
Paan Corner,Pantene Advanced Control Hair Fall Solution Shampoo,1.2,6,5,1.12,180,FALSE,180,low,900
Personal Care,Pantene Advanced Hair Fall Solution Shampoo - Total Damage Care,1.2,0,5,1.2,180,FALSE,180,low,900
Paan Corner,Pantene Advanced Hair Fall Solution Shampoo - Total Damage Care,1.2,0,5,1.2,180,FALSE,180,low,900
Personal Care,Pantene Advanced Hair Fall Solution Silky Smooth Care Shampoo,1.2,6,6,1.12,180,FALSE,180,low,1080
Paan Corner,Pantene Advanced Hair Fall Solution Silky Smooth Care Shampoo,1.2,6,6,1.12,180,FALSE,180,low,1080
Personal Care,Pantene Total Damage Care Shampoo,1.2,0,6,1.2,180,FALSE,180,low,1080
Paan Corner,Pantene Total Damage Care Shampoo,1.2,0,6,1.2,180,FALSE,180,low,1080
Cooking Essentials,Popular Essentials Green Peas (Un-Polished),1.2,10,5,1.08,500,FALSE,500,low,2500
Munchies,Popular Essentials Green Peas (Un-Polished),1.2,10,5,1.08,500,FALSE,500,low,2500
Cooking Essentials,Praakritik Organic Chilka Moong Dal,1.2,10,6,1.08,500,FALSE,500,low,3000
Munchies,Praakritik Organic Chilka Moong Dal,1.2,10,6,1.08,500,FALSE,500,low,3000
Cooking Essentials,Praakritik Organic Poha,1.2,6,5,1.12,500,FALSE,500,low,2500
Munchies,Praakritik Organic Poha,1.2,6,5,1.12,500,FALSE,500,low,2500
"Dairy, Bread & Batter",Suguna Fit Egg,1.2,43,4,0.68,348,FALSE,6,low,1392
Beverages,Suguna Fit Egg,1.2,43,4,0.68,348,FALSE,6,low,1392
"Meats, Fish & Eggs",Suguna Fit Egg,1.2,43,4,0.68,348,FALSE,6,low,1392
Packaged Food,Sundrop Cocoa Nut Hazelnut Chocolatey Spread,1.2,0,6,1.2,160,FALSE,160,low,960
Ice Cream & Desserts,Sundrop Cocoa Nut Hazelnut Chocolatey Spread,1.2,0,6,1.2,160,FALSE,160,low,960
Chocolates & Candies,Sundrop Cocoa Nut Hazelnut Chocolatey Spread,1.2,0,6,1.2,160,FALSE,160,low,960
Biscuits,Sunfeast Mom's Magic Cashew & Almond Biscuits,1.2,15,6,1.02,600,FALSE,600,low,3600
Home & Cleaning,Om Bhakti Camphor Big,1.19,10,6,1.07,40,FALSE,40,low,240
Cooking Essentials,Satyam Singdana ,1.19,6,0,1.11,500,TRUE,500,low,0
Munchies,Satyam Singdana ,1.19,6,0,1.11,500,TRUE,500,low,0
Packaged Food,Sumeru Aloo Paratha,1.19,5,6,1.13,400,FALSE,400,low,2400
Ice Cream & Desserts,Sumeru Aloo Paratha,1.19,5,6,1.13,400,FALSE,400,low,2400
Chocolates & Candies,Sumeru Aloo Paratha,1.19,5,6,1.13,400,FALSE,400,low,2400
Packaged Food,Veeba Salsa Dip,1.19,6,6,1.11,360,FALSE,360,low,2160
Ice Cream & Desserts,Veeba Salsa Dip,1.19,6,6,1.11,360,FALSE,360,low,2160
Chocolates & Candies,Veeba Salsa Dip,1.19,6,6,1.11,360,FALSE,360,low,2160
Fruits & Vegetables,Bell Peppers Red & Yellow ,1.18,16,3,0.99,116,FALSE,2,low,348
Packaged Food,McCain Veggie Fingers,1.17,5,6,1.11,400,FALSE,400,low,2400
Ice Cream & Desserts,McCain Veggie Fingers,1.17,5,6,1.11,400,FALSE,400,low,2400
Chocolates & Candies,McCain Veggie Fingers,1.17,5,6,1.11,400,FALSE,400,low,2400
Home & Cleaning,Dettol Effective Protection Antiseptic Liquid,1.16,0,0,1.16,250,TRUE,250,low,0
Health & Hygiene,Dettol Effective Protection Antiseptic Liquid,1.16,0,0,1.16,250,TRUE,250,low,0
Personal Care,Godrej Cinthol Lime Refreshing Deo Soap,1.16,0,0,1.16,400,TRUE,400,low,0
Paan Corner,Godrej Cinthol Lime Refreshing Deo Soap,1.16,0,0,1.16,400,TRUE,400,low,0
Packaged Food,Ching's Secret Just Soak - Veg Hakka Noodles,1.15,0,6,1.15,600,FALSE,600,low,3600
Ice Cream & Desserts,Ching's Secret Just Soak - Veg Hakka Noodles,1.15,0,6,1.15,600,FALSE,600,low,3600
Chocolates & Candies,Ching's Secret Just Soak - Veg Hakka Noodles,1.15,0,6,1.15,600,FALSE,600,low,3600
Personal Care,Colgate Visible White Toothpaste,1.15,10,6,1.03,100,FALSE,100,low,600
Paan Corner,Colgate Visible White Toothpaste,1.15,10,6,1.03,100,FALSE,100,low,600
Personal Care,Johnson's Baby Oil,1.15,0,4,1.15,100,FALSE,100,low,400
Paan Corner,Johnson's Baby Oil,1.15,0,4,1.15,100,FALSE,100,low,400
Packaged Food,Maggi Hot & Sweet Tomato Chilli Sauce,1.15,0,1,1.15,500,FALSE,500,low,500
Ice Cream & Desserts,Maggi Hot & Sweet Tomato Chilli Sauce,1.15,0,1,1.15,500,FALSE,500,low,500
Chocolates & Candies,Maggi Hot & Sweet Tomato Chilli Sauce,1.15,0,1,1.15,500,FALSE,500,low,500
Packaged Food,McCain Veggie Burger Patty,1.15,3,6,1.11,360,FALSE,360,low,2160
Ice Cream & Desserts,McCain Veggie Burger Patty,1.15,3,6,1.11,360,FALSE,360,low,2160
Chocolates & Candies,McCain Veggie Burger Patty,1.15,3,6,1.11,360,FALSE,360,low,2160
Packaged Food,Mother's Recipe Mixed Pickle ,1.15,4,0,1.1,400,TRUE,400,low,0
Ice Cream & Desserts,Mother's Recipe Mixed Pickle ,1.15,4,0,1.1,400,TRUE,400,low,0
Chocolates & Candies,Mother's Recipe Mixed Pickle ,1.15,4,0,1.1,400,TRUE,400,low,0
Cooking Essentials,MTR Idli/Dosa/Chilly Chutney Powder,1.15,0,3,1.15,200,FALSE,200,low,600
Munchies,MTR Idli/Dosa/Chilly Chutney Powder,1.15,0,3,1.15,200,FALSE,200,low,600
Cooking Essentials,MTR Masala - Sambar Powder,1.15,0,4,1.15,200,FALSE,200,low,800
Munchies,MTR Masala - Sambar Powder,1.15,0,4,1.15,200,FALSE,200,low,800
Personal Care,Savlon Herbal Sensitive Liquid Handwash Refill Pouch,1.15,4,6,1.1,750,FALSE,500,low,4500
Paan Corner,Savlon Herbal Sensitive Liquid Handwash Refill Pouch,1.15,4,6,1.1,750,FALSE,500,low,4500
Home & Cleaning,Scotch Magic Tape,1.15,14,6,0.98,58,FALSE,1,low,348
Personal Care,Sensodyne Sensitive Fresh Gel Toothpaste,1.15,7,0,1.06,75,TRUE,75,low,0
Paan Corner,Sensodyne Sensitive Fresh Gel Toothpaste,1.15,7,0,1.06,75,TRUE,75,low,0
Personal Care,Stayfree Secure XL Size Sanitary Napkins,1.15,0,5,1.15,1160,FALSE,20,medium,5800
Paan Corner,Stayfree Secure XL Size Sanitary Napkins,1.15,0,5,1.15,1160,FALSE,20,medium,5800
Health & Hygiene,Stayfree Secure XL Size Sanitary Napkins,1.15,0,5,1.15,1160,FALSE,20,medium,5800
Packaged Food,Ching's Secret Hot Garlic Instant Noodles,1.14,0,6,1.14,480,FALSE,480,low,2880
Ice Cream & Desserts,Ching's Secret Hot Garlic Instant Noodles,1.14,0,6,1.14,480,FALSE,480,low,2880
Chocolates & Candies,Ching's Secret Hot Garlic Instant Noodles,1.14,0,6,1.14,480,FALSE,480,low,2880
Packaged Food,Ching's Secret Manchurian Instant Noodle,1.14,0,6,1.14,480,FALSE,480,low,2880
Ice Cream & Desserts,Ching's Secret Manchurian Instant Noodle,1.14,0,6,1.14,480,FALSE,480,low,2880
Chocolates & Candies,Ching's Secret Manchurian Instant Noodle,1.14,0,6,1.14,480,FALSE,480,low,2880
Packaged Food,Ching's Secret Schezwan Instant Noodle,1.14,0,6,1.14,480,FALSE,480,low,2880
Ice Cream & Desserts,Ching's Secret Schezwan Instant Noodle,1.14,0,6,1.14,480,FALSE,480,low,2880
Chocolates & Candies,Ching's Secret Schezwan Instant Noodle,1.14,0,6,1.14,480,FALSE,480,low,2880
Personal Care,Colgate Herbal Toothpaste,1.14,18,2,0.93,200,FALSE,200,low,400
Paan Corner,Colgate Herbal Toothpaste,1.14,18,2,0.93,200,FALSE,200,low,400
Home & Cleaning,Surf Excel Detergent Bar Value Pack,1.14,0,6,1.14,800,FALSE,800,low,4800
Cooking Essentials,Satyam Khobra,1.13,10,5,1.01,200,FALSE,200,low,1000
Munchies,Satyam Khobra,1.13,10,5,1.01,200,FALSE,200,low,1000
Cooking Essentials,Amul Mithai Mate EOE Tin,1.12,2,6,1.09,400,FALSE,400,low,2400
Munchies,Amul Mithai Mate EOE Tin,1.12,2,6,1.09,400,FALSE,400,low,2400
Cooking Essentials,Amul Milk Compound Chocolate Slab,1.1,2,6,1.07,500,FALSE,500,low,3000
Munchies,Amul Milk Compound Chocolate Slab,1.1,2,6,1.07,500,FALSE,500,low,3000
Cooking Essentials,Arden Desi Eggs,1.1,13,4,0.95,348,FALSE,6,low,1392
Munchies,Arden Desi Eggs,1.1,13,4,0.95,348,FALSE,6,low,1392
"Dairy, Bread & Batter",Arden Desi Eggs,1.1,13,4,0.95,348,FALSE,6,low,1392
Beverages,Arden Desi Eggs,1.1,13,4,0.95,348,FALSE,6,low,1392
"Meats, Fish & Eggs",Arden Desi Eggs,1.1,13,4,0.95,348,FALSE,6,low,1392
Health & Hygiene,Baidyanath Isabgol,1.1,22,3,0.85,100,FALSE,100,low,300
Health & Hygiene,Baidyanath Isabgol,1.1,22,5,0.85,100,FALSE,100,low,500
Cooking Essentials,Betty Crocker Complete Pancake Mix Original,1.1,4,6,1.05,250,FALSE,500,low,1500
Munchies,Betty Crocker Complete Pancake Mix Original,1.1,4,6,1.05,250,FALSE,500,low,1500
"Dairy, Bread & Batter",Betty Crocker Complete Pancake Mix Original,1.1,4,6,1.05,250,FALSE,500,low,1500
Beverages,Betty Crocker Complete Pancake Mix Original,1.1,4,6,1.05,250,FALSE,500,low,1500
Biscuits,Britannia Toastea Premium Bake Rusk,1.1,14,1,0.94,700,FALSE,700,low,700
Home & Cleaning,Chakaachak Mega Star Toilet Brush,1.1,2,4,1.07,58,FALSE,1,low,232
Personal Care,Colgate Total Charcoal Anticavity Toothpaste,1.1,10,3,0.99,120,FALSE,120,low,360
Paan Corner,Colgate Total Charcoal Anticavity Toothpaste,1.1,10,3,0.99,120,FALSE,120,low,360
Cooking Essentials,Cornitos Cornitos Taco Shells - 4 Inches,1.1,20,6,0.88,80,FALSE,80,low,480
Munchies,Cornitos Cornitos Taco Shells - 4 Inches,1.1,20,6,0.88,80,FALSE,80,low,480
Cooking Essentials,Dabur Hommade - Ginger Garlic Past Tub,1.1,5,6,1.04,400,FALSE,400,low,2400
Munchies,Dabur Hommade - Ginger Garlic Past Tub,1.1,5,6,1.04,400,FALSE,400,low,2400
Health & Hygiene,Fine Life Cotton Balls,1.1,10,6,0.99,100,FALSE,100,low,600
Packaged Food,Gits Pav Bhaji Ready to Eat,1.1,22,6,0.85,300,FALSE,300,low,1800
Ice Cream & Desserts,Gits Pav Bhaji Ready to Eat,1.1,22,6,0.85,300,FALSE,300,low,1800
Chocolates & Candies,Gits Pav Bhaji Ready to Eat,1.1,22,6,0.85,300,FALSE,300,low,1800
Cooking Essentials,Gits Veg Biryani Ready to Eat,1.1,10,6,0.99,265,FALSE,265,low,1590
Munchies,Gits Veg Biryani Ready to Eat,1.1,10,6,0.99,265,FALSE,265,low,1590
Packaged Food,Kitchen Of India Ready-To-Eat Pindi Channa,1.1,30,2,0.77,285,FALSE,285,low,570
Ice Cream & Desserts,Kitchen Of India Ready-To-Eat Pindi Channa,1.1,30,2,0.77,285,FALSE,285,low,570
Chocolates & Candies,Kitchen Of India Ready-To-Eat Pindi Channa,1.1,30,2,0.77,285,FALSE,285,low,570
Cooking Essentials,Kitchens of India Dal Bukhara Gravy Mix,1.1,30,6,0.77,285,FALSE,285,low,1710
Munchies,Kitchens of India Dal Bukhara Gravy Mix,1.1,30,6,0.77,285,FALSE,285,low,1710
Packaged Food,Kitchens of India Dal Bukhara Gravy Mix,1.1,30,6,0.77,285,FALSE,285,low,1710
Ice Cream & Desserts,Kitchens of India Dal Bukhara Gravy Mix,1.1,30,6,0.77,285,FALSE,285,low,1710
Chocolates & Candies,Kitchens of India Dal Bukhara Gravy Mix,1.1,30,6,0.77,285,FALSE,285,low,1710
Packaged Food,Kitchens of India Dal Makhani,1.1,30,2,0.77,285,FALSE,285,low,570
Packaged Food,Kitchens Of India Dal Makhani,1.1,30,1,0.77,285,FALSE,285,low,285
Ice Cream & Desserts,Kitchens of India Dal Makhani,1.1,30,2,0.77,285,FALSE,285,low,570
Ice Cream & Desserts,Kitchens Of India Dal Makhani,1.1,30,1,0.77,285,FALSE,285,low,285
Chocolates & Candies,Kitchens of India Dal Makhani,1.1,30,2,0.77,285,FALSE,285,low,570
Chocolates & Candies,Kitchens Of India Dal Makhani,1.1,30,1,0.77,285,FALSE,285,low,285
Packaged Food,Kitchens Of India Rajma Masala,1.1,30,5,0.77,285,FALSE,285,low,1425
Ice Cream & Desserts,Kitchens Of India Rajma Masala,1.1,30,5,0.77,285,FALSE,285,low,1425
Chocolates & Candies,Kitchens Of India Rajma Masala,1.1,30,5,0.77,285,FALSE,285,low,1425
Packaged Food,Kitchens Of India Yellow Dal Tadka,1.1,30,6,0.77,285,FALSE,285,low,1710
Ice Cream & Desserts,Kitchens Of India Yellow Dal Tadka,1.1,30,6,0.77,285,FALSE,285,low,1710
Chocolates & Candies,Kitchens Of India Yellow Dal Tadka,1.1,30,6,0.77,285,FALSE,285,low,1710
"Dairy, Bread & Batter",Laughing Cow Cheese 8 Portion 120Gm Imported,1.1,0,6,1.1,120,FALSE,120,low,720
Beverages,Laughing Cow Cheese 8 Portion 120Gm Imported,1.1,0,6,1.1,120,FALSE,120,low,720
Packaged Food,McCain Aloo Tikki,1.1,4,6,1.05,400,FALSE,400,low,2400
Ice Cream & Desserts,McCain Aloo Tikki,1.1,4,6,1.05,400,FALSE,400,low,2400
Chocolates & Candies,McCain Aloo Tikki,1.1,4,6,1.05,400,FALSE,400,low,2400
Packaged Food,MTR Dal Fry,1.1,0,5,1.1,300,FALSE,300,low,1500
Ice Cream & Desserts,MTR Dal Fry,1.1,0,5,1.1,300,FALSE,300,low,1500
Chocolates & Candies,MTR Dal Fry,1.1,0,5,1.1,300,FALSE,300,low,1500
Packaged Food,MTR Dal Makhani,1.1,0,4,1.1,300,FALSE,300,low,1200
Ice Cream & Desserts,MTR Dal Makhani,1.1,0,4,1.1,300,FALSE,300,low,1200
Chocolates & Candies,MTR Dal Makhani,1.1,0,4,1.1,300,FALSE,300,low,1200
Packaged Food,MTR Ready to Eat Pav Bhaji,1.1,0,6,1.1,300,FALSE,300,low,1800
Ice Cream & Desserts,MTR Ready to Eat Pav Bhaji,1.1,0,6,1.1,300,FALSE,300,low,1800
Chocolates & Candies,MTR Ready to Eat Pav Bhaji,1.1,0,6,1.1,300,FALSE,300,low,1800
Personal Care,Patanjali Kesh Kanti Anti Dandruff Hair Cleanser,1.1,0,6,1.1,200,FALSE,200,low,1200
Paan Corner,Patanjali Kesh Kanti Anti Dandruff Hair Cleanser,1.1,0,6,1.1,200,FALSE,200,low,1200
Cooking Essentials,Praakritik Organic Garlic Powder,1.1,1,5,1.08,100,FALSE,100,low,500
Munchies,Praakritik Organic Garlic Powder,1.1,1,5,1.08,100,FALSE,100,low,500
Cooking Essentials,Praakritik Organic Jowar Atta,1.1,6,6,1.03,500,FALSE,500,low,3000
Munchies,Praakritik Organic Jowar Atta,1.1,6,6,1.03,500,FALSE,500,low,3000
Fruits & Vegetables,Safal Frozen - Mixed Vegetables,1.1,4,2,1.05,1000,FALSE,1,low,2000
Packaged Food,Safal Frozen - Mixed Vegetables,1.1,4,2,1.05,1000,FALSE,1,low,2000
Ice Cream & Desserts,Safal Frozen - Mixed Vegetables,1.1,4,2,1.05,1000,FALSE,1,low,2000
Chocolates & Candies,Safal Frozen - Mixed Vegetables,1.1,4,2,1.05,1000,FALSE,1,low,2000
Packaged Food,Switz Paratha Puff,1.1,4,6,1.05,400,FALSE,400,low,2400
Ice Cream & Desserts,Switz Paratha Puff,1.1,4,6,1.05,400,FALSE,400,low,2400
Chocolates & Candies,Switz Paratha Puff,1.1,4,6,1.05,400,FALSE,400,low,2400
"Dairy, Bread & Batter",The Laughing Cow Cheese Spread Plain,1.1,0,6,1.1,180,FALSE,180,low,1080
Beverages,The Laughing Cow Cheese Spread Plain,1.1,0,6,1.1,180,FALSE,180,low,1080
Packaged Food,The Laughing Cow Cheese Spread Plain,1.1,0,6,1.1,180,FALSE,180,low,1080
Ice Cream & Desserts,The Laughing Cow Cheese Spread Plain,1.1,0,6,1.1,180,FALSE,180,low,1080
Chocolates & Candies,The Laughing Cow Cheese Spread Plain,1.1,0,6,1.1,180,FALSE,180,low,1080
"Dairy, Bread & Batter",Amul Pizza Cheese Processed,1.09,4,6,1.04,200,FALSE,200,low,1200
Beverages,Amul Pizza Cheese Processed,1.09,4,6,1.04,200,FALSE,200,low,1200
Personal Care,Dettol Original Liquid Handwash Refill,1.09,3,0,1.05,750,TRUE,750,low,0
Paan Corner,Dettol Original Liquid Handwash Refill,1.09,3,0,1.05,750,TRUE,750,low,0
Personal Care,Dettol SKincare Handwash Value Refill,1.09,3,6,1.05,750,FALSE,750,low,4500
Paan Corner,Dettol SKincare Handwash Value Refill,1.09,3,6,1.05,750,FALSE,750,low,4500
Cooking Essentials,Keya Italian Pizza Oregano,1.09,11,0,0.97,80,TRUE,80,low,0
Munchies,Keya Italian Pizza Oregano,1.09,11,0,0.97,80,TRUE,80,low,0
Cooking Essentials,Keya Italian Seasoning,1.09,10,6,0.98,35,FALSE,35,low,210
Munchies,Keya Italian Seasoning,1.09,10,6,0.98,35,FALSE,35,low,210
Cooking Essentials,Keya Oregano,1.09,10,5,0.98,9,FALSE,9,low,45
Munchies,Keya Oregano,1.09,10,5,0.98,9,FALSE,9,low,45
Cooking Essentials,Keya Piri Piri | Exotic Spices Mix,1.09,20,6,0.87,80,FALSE,80,low,480
Munchies,Keya Piri Piri | Exotic Spices Mix,1.09,20,6,0.87,80,FALSE,80,low,480
Cooking Essentials,Keya Pizza Seasoning,1.09,17,6,0.9,45,FALSE,45,low,270
Munchies,Keya Pizza Seasoning,1.09,17,6,0.9,45,FALSE,45,low,270
Cooking Essentials,Ching's Secret Veg Hakka Noodles,1.07,0,0,1.07,600,TRUE,600,low,0
Munchies,Ching's Secret Veg Hakka Noodles,1.07,0,0,1.07,600,TRUE,600,low,0
Packaged Food,Ching's Secret Veg Hakka Noodles,1.07,0,0,1.07,600,TRUE,600,low,0
Ice Cream & Desserts,Ching's Secret Veg Hakka Noodles,1.07,0,0,1.07,600,TRUE,600,low,0
Chocolates & Candies,Ching's Secret Veg Hakka Noodles,1.07,0,0,1.07,600,TRUE,600,low,0
Home & Cleaning,Oxi Green Max Force Green Concentrate,1.07,10,3,0.96,500,FALSE,500,low,1500
"Dairy, Bread & Batter",Amul Processed Cheese Block,1.06,0,6,1.06,200,FALSE,200,low,1200
Beverages,Amul Processed Cheese Block,1.06,0,6,1.06,200,FALSE,200,low,1200
"Dairy, Bread & Batter",Amul Processed Cheese Cubes,1.06,4,6,1.01,200,FALSE,200,low,1200
Beverages,Amul Processed Cheese Cubes,1.06,4,6,1.01,200,FALSE,200,low,1200
Fruits & Vegetables,Pomegranate ,1.06,16,3,0.89,116,FALSE,2,low,348
Cooking Essentials,24 Mantra Organic Roasted Bengal Gram Dal,1.05,7,6,0.97,500,FALSE,500,low,3000
Munchies,24 Mantra Organic Roasted Bengal Gram Dal,1.05,7,6,0.97,500,FALSE,500,low,3000
Home & Cleaning,Chakaachak Eazo Grass Broom New ,1.05,2,0,1.02,58,TRUE,1,low,0
Packaged Food,Ching's Secret Green Chilli Sauce,1.05,0,6,1.05,425,FALSE,425,low,2550
Ice Cream & Desserts,Ching's Secret Green Chilli Sauce,1.05,0,6,1.05,425,FALSE,425,low,2550
Chocolates & Candies,Ching's Secret Green Chilli Sauce,1.05,0,6,1.05,425,FALSE,425,low,2550
Packaged Food,Ching's Secret Red Chilli Sauce,1.05,0,4,1.05,440,FALSE,440,low,1760
Ice Cream & Desserts,Ching's Secret Red Chilli Sauce,1.05,0,4,1.05,440,FALSE,440,low,1760
Chocolates & Candies,Ching's Secret Red Chilli Sauce,1.05,0,4,1.05,440,FALSE,440,low,1760
Personal Care,Clinic Plus Strength & Shine Shampoo With Egg Protein ,1.05,0,2,1.05,175,FALSE,175,low,350
Paan Corner,Clinic Plus Strength & Shine Shampoo With Egg Protein ,1.05,0,2,1.05,175,FALSE,175,low,350
Health & Hygiene,Dabur Honitus Herbal Cough Remedy Ayurvedic Syrup,1.05,15,0,0.89,100,TRUE,100,low,0
"Dairy, Bread & Batter",iD Natural Paneer,1.05,5,6,0.99,200,FALSE,200,low,1200
Beverages,iD Natural Paneer,1.05,5,6,0.99,200,FALSE,200,low,1200
Personal Care,Johnson's Baby Soap,1.05,0,6,1.05,150,FALSE,150,low,900
Paan Corner,Johnson's Baby Soap,1.05,0,6,1.05,150,FALSE,150,low,900
Packaged Food,Maggi Rich Tomato Ketchup,1.05,4,2,1,500,FALSE,500,low,1000
Ice Cream & Desserts,Maggi Rich Tomato Ketchup,1.05,4,2,1,500,FALSE,500,low,1000
Chocolates & Candies,Maggi Rich Tomato Ketchup,1.05,4,2,1,500,FALSE,500,low,1000
Packaged Food,MTR Roasted Vermicelli ,1.05,0,4,1.05,850,FALSE,850,low,3400
Ice Cream & Desserts,MTR Roasted Vermicelli ,1.05,0,4,1.05,850,FALSE,850,low,3400
Chocolates & Candies,MTR Roasted Vermicelli ,1.05,0,4,1.05,850,FALSE,850,low,3400
Biscuits,Open Secret Assorted Story Box,1.05,22,4,0.81,75,FALSE,75,low,300
Biscuits,Open Secret Choco Almond Story Box,1.05,22,0,0.81,75,TRUE,75,low,0
Biscuits,Open Secret Peanut Butter Story Box,1.05,22,6,0.81,75,FALSE,75,low,450
Biscuits,Open Secret White Choco Story Box,1.05,22,6,0.81,75,FALSE,75,low,450
Home & Cleaning,Oxi Green Dish Wash Liquid - Lemon,1.05,6,6,0.98,500,FALSE,500,low,3000
Health & Hygiene,Vicks BabyRub,1.05,11,6,0.93,25,FALSE,25,low,150
Health & Hygiene,Vicks Inhaler with Keychain,1.05,9,4,0.95,116,FALSE,2,low,464
Personal Care,Whisper Daily Liners Clean and Fresh,1.05,0,4,1.05,1160,FALSE,20,medium,4640
Paan Corner,Whisper Daily Liners Clean and Fresh,1.05,0,4,1.05,1160,FALSE,20,medium,4640
Health & Hygiene,Whisper Daily Liners Clean and Fresh,1.05,0,4,1.05,1160,FALSE,20,medium,4640
Packaged Food,Veeba Hot Sweet Tomato Chilli Sauce,1.04,20,3,0.83,500,FALSE,500,low,1500
Ice Cream & Desserts,Veeba Hot Sweet Tomato Chilli Sauce,1.04,20,3,0.83,500,FALSE,500,low,1500
Chocolates & Candies,Veeba Hot Sweet Tomato Chilli Sauce,1.04,20,3,0.83,500,FALSE,500,low,1500
Home & Cleaning,Lizol Disinfectant Surface & Floor Cleaner Liquid Floral,1.03,5,6,0.97,500,FALSE,500,low,3000
Home & Cleaning,Lizol Disinfectant Surface & Floor Cleaner Liquid Jasmine,1.03,5,6,0.97,500,FALSE,500,low,3000
Cooking Essentials,Pillsbury Atta/Godihittu - Chakki Fresh,1.02,7,4,0.94,2000,FALSE,2,medium,8000
Munchies,Pillsbury Atta/Godihittu - Chakki Fresh,1.02,7,4,0.94,2000,FALSE,2,medium,8000
Home & Cleaning,Pril Power Of Active Boosters,1.02,0,1,1.02,400,FALSE,400,low,400
Cooking Essentials,Pro Nature Organic Sonamasoori Brown Rice,1.02,7,0,0.94,1000,TRUE,1,low,0
Munchies,Pro Nature Organic Sonamasoori Brown Rice,1.02,7,0,0.94,1000,TRUE,1,low,0
Cooking Essentials,Satyam Nighties Spices  Chilli Kashmiri,1.02,6,6,0.95,100,FALSE,100,low,600
Munchies,Satyam Nighties Spices  Chilli Kashmiri,1.02,6,6,0.95,100,FALSE,100,low,600
Personal Care,Colgate Max Fresh Cooling Crystals Toothpaste,1.01,5,2,0.95,150,FALSE,150,low,300
Paan Corner,Colgate Max Fresh Cooling Crystals Toothpaste,1.01,5,2,0.95,150,FALSE,150,low,300
Home & Cleaning,Hit Cockroach Killer Spray ,1.01,2,4,0.98,200,FALSE,200,low,800
Cooking Essentials,Tata Sampann Unpolished Urad Whole,1.01,6,4,0.94,500,FALSE,500,low,2000
Munchies,Tata Sampann Unpolished Urad Whole,1.01,6,4,0.94,500,FALSE,500,low,2000
Health & Hygiene,Amrutanjan Pain Balm Extra Power,1,11,6,0.89,28,FALSE,27,low,168
"Dairy, Bread & Batter",Amul Pizza Cheese - Mozzarella,1,1,0,0.99,200,TRUE,200,low,0
Beverages,Amul Pizza Cheese - Mozzarella,1,1,0,0.99,200,TRUE,200,low,0
Biscuits,Britannia Treat Jimjam Family Pack (Buy 4 Get 1 Free),1,0,6,1,500,FALSE,500,low,3000
Cooking Essentials,Catch Black Pepper Sprinkler,1,0,1,1,50,FALSE,50,low,50
Munchies,Catch Black Pepper Sprinkler,1,0,1,1,50,FALSE,50,low,50
Personal Care,Dabur Meswak Toothpaste,1,0,1,1,200,FALSE,200,low,200
Paan Corner,Dabur Meswak Toothpaste,1,0,1,1,200,FALSE,200,low,200
Personal Care,Dettol Hand Sanitizer,1,5,6,0.95,200,FALSE,200,low,1200
Paan Corner,Dettol Hand Sanitizer,1,5,6,0.95,200,FALSE,200,low,1200
Health & Hygiene,Dettol Hand Sanitizer,1,5,6,0.95,200,FALSE,200,low,1200
"Dairy, Bread & Batter",D'lecta Natural Feta Cheese Block,1,5,4,0.95,100,FALSE,100,low,400
Beverages,D'lecta Natural Feta Cheese Block,1,5,4,0.95,100,FALSE,100,low,400
"Dairy, Bread & Batter",D'lecta Shredded Mozzarella Cheese,1,5,0,0.95,140,TRUE,140,low,0
Beverages,D'lecta Shredded Mozzarella Cheese,1,5,0,0.95,140,TRUE,140,low,0
"Dairy, Bread & Batter",Go Cheese Processed Angles Plain,1,5,6,0.95,160,FALSE,160,low,960
Beverages,Go Cheese Processed Angles Plain,1,5,6,0.95,160,FALSE,160,low,960
Personal Care,Godrej No.1 Bathing Soap – Lime & Aloe Vera,1,16,0,0.84,500,TRUE,100,low,0
Paan Corner,Godrej No.1 Bathing Soap – Lime & Aloe Vera,1,16,0,0.84,500,TRUE,100,low,0
Personal Care,Himalaya Moisturising Aloe Vera Facial Wipes,1,10,6,0.9,25,FALSE,25,low,150
Paan Corner,Himalaya Moisturising Aloe Vera Facial Wipes,1,10,6,0.9,25,FALSE,25,low,150
Cooking Essentials,Jivana Jaggery,1,0,2,1,950,FALSE,950,low,1900
Munchies,Jivana Jaggery,1,0,2,1,950,FALSE,950,low,1900
Personal Care,Johnson's Baby Lotion,1,0,4,1,100,FALSE,100,low,400
Paan Corner,Johnson's Baby Lotion,1,0,4,1,100,FALSE,100,low,400
Cooking Essentials,Maggi Coconut Milkpowder,1,0,6,1,100,FALSE,100,low,600
Munchies,Maggi Coconut Milkpowder,1,0,6,1,100,FALSE,100,low,600
Home & Cleaning,Mangalam Camphor,1,10,6,0.9,50,FALSE,50,low,300
Cooking Essentials,Pillsbury Cooker Cake Mix - Choco,1,11,6,0.89,159,FALSE,159,low,954
Munchies,Pillsbury Cooker Cake Mix - Choco,1,11,6,0.89,159,FALSE,159,low,954
Cooking Essentials,Popular Essentials Black Cardamom/Elaichi ,1,10,6,0.9,50,FALSE,50,low,300
Munchies,Popular Essentials Black Cardamom/Elaichi ,1,10,6,0.9,50,FALSE,50,low,300
Cooking Essentials,Popular Essentials Black Pepper,1,10,5,0.9,100,FALSE,100,low,500
Munchies,Popular Essentials Black Pepper,1,10,5,0.9,100,FALSE,100,low,500
Cooking Essentials,Popular Essentials Pink Rajma,1,10,6,0.9,500,FALSE,500,low,3000
Munchies,Popular Essentials Pink Rajma,1,10,6,0.9,500,FALSE,500,low,3000
Cooking Essentials,Popular Essentials Samba Broken Wheat,1,11,6,0.89,500,FALSE,500,low,3000
Munchies,Popular Essentials Samba Broken Wheat,1,11,6,0.89,500,FALSE,500,low,3000
Fruits & Vegetables,Potato,1,16,3,0.84,3000,FALSE,3,medium,9000
Packaged Food,The Whole Truth Cranberry Protein Bar No Sugar,1,26,6,0.74,52,FALSE,52,low,312
Ice Cream & Desserts,The Whole Truth Cranberry Protein Bar No Sugar,1,26,6,0.74,52,FALSE,52,low,312
Chocolates & Candies,The Whole Truth Cranberry Protein Bar No Sugar,1,26,6,0.74,52,FALSE,52,low,312
Packaged Food,The Whole Truth Double Cocoa Protein Bar No Sugar,1,10,6,0.9,52,FALSE,52,low,312
Ice Cream & Desserts,The Whole Truth Double Cocoa Protein Bar No Sugar,1,10,6,0.9,52,FALSE,52,low,312
Chocolates & Candies,The Whole Truth Double Cocoa Protein Bar No Sugar,1,10,6,0.9,52,FALSE,52,low,312
Packaged Food,The Whole Truth Peanut Cocoa Protein Bar No Sugar,1,26,6,0.74,52,FALSE,52,low,312
Ice Cream & Desserts,The Whole Truth Peanut Cocoa Protein Bar No Sugar,1,26,6,0.74,52,FALSE,52,low,312
Chocolates & Candies,The Whole Truth Peanut Cocoa Protein Bar No Sugar,1,26,6,0.74,52,FALSE,52,low,312
Personal Care,Colgate Zig Zag Charcoal Medium Toothbrush 4 Pcs,0.99,0,6,0.99,232,FALSE,4,low,1392
Paan Corner,Colgate Zig Zag Charcoal Medium Toothbrush 4 Pcs,0.99,0,6,0.99,232,FALSE,4,low,1392
Personal Care,Colgate Zigzag Charcoal Soft Bristle Toothbrush - 4 Pcs,0.99,0,6,0.99,232,FALSE,4,low,1392
Paan Corner,Colgate Zigzag Charcoal Soft Bristle Toothbrush - 4 Pcs,0.99,0,6,0.99,232,FALSE,4,low,1392
Health & Hygiene,Dabur - Chyawanprash,0.99,0,1,0.99,250,FALSE,25,low,250
Packaged Food,Del Monte Pizza & Pasta Sauce Spout Pack,0.99,0,3,0.99,400,FALSE,400,low,1200
Ice Cream & Desserts,Del Monte Pizza & Pasta Sauce Spout Pack,0.99,0,3,0.99,400,FALSE,400,low,1200
Chocolates & Candies,Del Monte Pizza & Pasta Sauce Spout Pack,0.99,0,3,0.99,400,FALSE,400,low,1200
Personal Care,Dettol Liquid Handwash With Free Liquid,0.99,0,6,0.99,200,FALSE,200,low,1200
Paan Corner,Dettol Liquid Handwash With Free Liquid,0.99,0,6,0.99,200,FALSE,200,low,1200
Cooking Essentials,Gits Gulab Jamun Instant Dessert Mix,0.99,10,6,0.89,200,FALSE,200,low,1200
Munchies,Gits Gulab Jamun Instant Dessert Mix,0.99,10,6,0.89,200,FALSE,200,low,1200
"Dairy, Bread & Batter",Go Cheese  Spread Plain,0.99,5,6,0.94,200,FALSE,200,low,1200
Beverages,Go Cheese  Spread Plain,0.99,5,6,0.94,200,FALSE,200,low,1200
Packaged Food,Go Cheese  Spread Plain,0.99,5,6,0.94,200,FALSE,200,low,1200
Ice Cream & Desserts,Go Cheese  Spread Plain,0.99,5,6,0.94,200,FALSE,200,low,1200
Chocolates & Candies,Go Cheese  Spread Plain,0.99,5,6,0.94,200,FALSE,200,low,1200
"Dairy, Bread & Batter",Go Cheese Spread - Four Pepper (Soft & Creamy),0.99,5,6,0.94,200,FALSE,200,low,1200
Beverages,Go Cheese Spread - Four Pepper (Soft & Creamy),0.99,5,6,0.94,200,FALSE,200,low,1200
Packaged Food,Go Cheese Spread - Four Pepper (Soft & Creamy),0.99,5,6,0.94,200,FALSE,200,low,1200
Ice Cream & Desserts,Go Cheese Spread - Four Pepper (Soft & Creamy),0.99,5,6,0.94,200,FALSE,200,low,1200
Chocolates & Candies,Go Cheese Spread - Four Pepper (Soft & Creamy),0.99,5,6,0.94,200,FALSE,200,low,1200
"Dairy, Bread & Batter",Go Cheese Spread - Garlic,0.99,5,6,0.94,200,FALSE,200,low,1200
Beverages,Go Cheese Spread - Garlic,0.99,5,6,0.94,200,FALSE,200,low,1200
Packaged Food,Go Cheese Spread - Garlic,0.99,5,6,0.94,200,FALSE,200,low,1200
Ice Cream & Desserts,Go Cheese Spread - Garlic,0.99,5,6,0.94,200,FALSE,200,low,1200
Chocolates & Candies,Go Cheese Spread - Garlic,0.99,5,6,0.94,200,FALSE,200,low,1200
Personal Care,Godrej Protekt,0.99,0,3,0.99,750,FALSE,750,low,2250
Paan Corner,Godrej Protekt,0.99,0,3,0.99,750,FALSE,750,low,2250
Personal Care,Godrej Protekt Germ Fighter Handwash,0.99,0,6,0.99,750,FALSE,750,low,4500
Paan Corner,Godrej Protekt Germ Fighter Handwash,0.99,0,6,0.99,750,FALSE,750,low,4500
Packaged Food,Kelloggs Chocos Fills Double Chocolat,0.99,11,6,0.88,175,FALSE,175,low,1050
Ice Cream & Desserts,Kelloggs Chocos Fills Double Chocolat,0.99,11,6,0.88,175,FALSE,175,low,1050
Chocolates & Candies,Kelloggs Chocos Fills Double Chocolat,0.99,11,6,0.88,175,FALSE,175,low,1050
Packaged Food,Kelloggs Corn Flakes,0.99,13,6,0.86,250,FALSE,250,low,1500
Ice Cream & Desserts,Kelloggs Corn Flakes,0.99,13,6,0.86,250,FALSE,250,low,1500
Chocolates & Candies,Kelloggs Corn Flakes,0.99,13,6,0.86,250,FALSE,250,low,1500
Cooking Essentials,On1y Black Salt Grinder,0.99,0,6,0.99,100,FALSE,100,low,600
Munchies,On1y Black Salt Grinder,0.99,0,6,0.99,100,FALSE,100,low,600
Cooking Essentials,On1y Mixed Herbs,0.99,0,6,0.99,14,FALSE,14,low,84
Munchies,On1y Mixed Herbs,0.99,0,6,0.99,14,FALSE,14,low,84
Cooking Essentials,On1y Pasta Seasoning,0.99,0,6,0.99,30,FALSE,30,low,180
Munchies,On1y Pasta Seasoning,0.99,0,6,0.99,30,FALSE,30,low,180
Cooking Essentials,On1y Pizza Seasoning,0.99,0,6,0.99,28,FALSE,28,low,168
Munchies,On1y Pizza Seasoning,0.99,0,6,0.99,28,FALSE,28,low,168
Personal Care,Oral-B Charcoal Deep Clean Stain Removal Toothbrush Medium,0.99,0,1,0.99,232,FALSE,4,low,232
Paan Corner,Oral-B Charcoal Deep Clean Stain Removal Toothbrush Medium,0.99,0,1,0.99,232,FALSE,4,low,232
Personal Care,Oral-B Charcoal Deep Clean Stain Removal Toothbrush Soft,0.99,0,3,0.99,232,FALSE,4,low,696
Paan Corner,Oral-B Charcoal Deep Clean Stain Removal Toothbrush Soft,0.99,0,3,0.99,232,FALSE,4,low,696
Personal Care,Palmolive Black Orchid And Milk Liquid Hand Wash,0.99,10,6,0.89,250,FALSE,250,low,1500
Paan Corner,Palmolive Black Orchid And Milk Liquid Hand Wash,0.99,10,6,0.89,250,FALSE,250,low,1500
Personal Care,Palmolive Naturals Sea Minerals Liquid Hand Wash,0.99,10,6,0.89,250,FALSE,250,low,1500
Paan Corner,Palmolive Naturals Sea Minerals Liquid Hand Wash,0.99,10,6,0.89,250,FALSE,250,low,1500
Cooking Essentials,Pillsbury Choco Chip Pancake Mix,0.99,5,6,0.94,165,FALSE,165,low,990
Munchies,Pillsbury Choco Chip Pancake Mix,0.99,5,6,0.94,165,FALSE,165,low,990
"Dairy, Bread & Batter",Pillsbury Choco Chip Pancake Mix,0.99,5,6,0.94,165,FALSE,165,low,990
Beverages,Pillsbury Choco Chip Pancake Mix,0.99,5,6,0.94,165,FALSE,165,low,990
"Dairy, Bread & Batter",Pillsbury Pancake Mix - Funfetti,0.99,11,0,0.88,162,TRUE,162,low,0
Beverages,Pillsbury Pancake Mix - Funfetti,0.99,11,0,0.88,162,TRUE,162,low,0
Personal Care,Savlon Moisture Shield Hand Wash,0.99,4,6,0.95,750,FALSE,750,low,4500
Paan Corner,Savlon Moisture Shield Hand Wash,0.99,4,6,0.95,750,FALSE,750,low,4500
Personal Care,Sebamed Cleansing Bar,0.99,10,4,0.89,100,FALSE,100,low,400
Paan Corner,Sebamed Cleansing Bar,0.99,10,4,0.89,100,FALSE,100,low,400
Cooking Essentials,Smith & Jones Garlic & Herbs Masala Mix,0.99,0,6,0.99,75,FALSE,75,low,450
Munchies,Smith & Jones Garlic & Herbs Masala Mix,0.99,0,6,0.99,75,FALSE,75,low,450
Cooking Essentials,Smith & Jones Italian Spices Masala Mix,0.99,0,6,0.99,75,FALSE,75,low,450
Munchies,Smith & Jones Italian Spices Masala Mix,0.99,0,6,0.99,75,FALSE,75,low,450
Cooking Essentials,Smith & Jones Peri Peri Masala,0.99,0,6,0.99,75,FALSE,75,low,450
Munchies,Smith & Jones Peri Peri Masala,0.99,0,6,0.99,75,FALSE,75,low,450
Cooking Essentials,Sugarlite 50% Less Calories Sugar Pouch,0.99,40,0,0.59,500,TRUE,500,low,0
Munchies,Sugarlite 50% Less Calories Sugar Pouch,0.99,40,0,0.59,500,TRUE,500,low,0
Packaged Food,Veeba Truly Tomato Ketchup,0.99,20,6,0.79,500,FALSE,500,low,3000
Ice Cream & Desserts,Veeba Truly Tomato Ketchup,0.99,20,6,0.79,500,FALSE,500,low,3000
Chocolates & Candies,Veeba Truly Tomato Ketchup,0.99,20,6,0.79,500,FALSE,500,low,3000
Packaged Food,Wingreens Cheesy Chipotle Sauce,0.99,49,1,0.5,130,FALSE,130,low,130
Ice Cream & Desserts,Wingreens Cheesy Chipotle Sauce,0.99,49,1,0.5,130,FALSE,130,low,130
Chocolates & Candies,Wingreens Cheesy Chipotle Sauce,0.99,49,1,0.5,130,FALSE,130,low,130
Home & Cleaning,Cherry Blossom Liquid Wax Polish,0.98,5,6,0.93,75,FALSE,75,low,450
Home & Cleaning,Cherry Blossom Liquid Wax Polish (Dark Tan),0.98,5,6,0.93,75,FALSE,75,low,450
Cooking Essentials,Everest Powder - Tea Masala,0.98,9,5,0.89,100,FALSE,100,low,500
Munchies,Everest Powder - Tea Masala,0.98,9,5,0.89,100,FALSE,100,low,500
Personal Care,Johnson's Baby No More Tears Baby Shampoo,0.98,0,5,0.98,100,FALSE,100,low,500
Paan Corner,Johnson's Baby No More Tears Baby Shampoo,0.98,0,5,0.98,100,FALSE,100,low,500
Personal Care,Oral-B Extra Soft Bristles Sensitive ,0.98,0,4,0.98,232,FALSE,4,low,928
Paan Corner,Oral-B Extra Soft Bristles Sensitive ,0.98,0,4,0.98,232,FALSE,4,low,928
Cooking Essentials,Arden Eggs White,0.97,0,4,0.97,696,FALSE,12,low,2784
Munchies,Arden Eggs White,0.97,0,4,0.97,696,FALSE,12,low,2784
"Dairy, Bread & Batter",Arden Eggs White,0.97,0,4,0.97,696,FALSE,12,low,2784
Beverages,Arden Eggs White,0.97,0,4,0.97,696,FALSE,12,low,2784
"Meats, Fish & Eggs",Arden Eggs White,0.97,0,4,0.97,696,FALSE,12,low,2784
Home & Cleaning,Colin Glass and Surface Cleaner Liquid Spray Regular,0.96,7,6,0.89,500,FALSE,500,low,3000
Packaged Food,Sunfeast YiPPee! Noodles - Magic Masala,0.96,5,4,0.91,540,FALSE,540,low,2160
Ice Cream & Desserts,Sunfeast YiPPee! Noodles - Magic Masala,0.96,5,4,0.91,540,FALSE,540,low,2160
Chocolates & Candies,Sunfeast YiPPee! Noodles - Magic Masala,0.96,5,4,0.91,540,FALSE,540,low,2160
Cooking Essentials,Sunfeast Yippee! Power Up Atta Noodles,0.96,15,6,0.81,280,FALSE,280,low,1680
Munchies,Sunfeast Yippee! Power Up Atta Noodles,0.96,15,6,0.81,280,FALSE,280,low,1680
Packaged Food,Sunfeast Yippee! Power Up Atta Noodles,0.96,15,6,0.81,280,FALSE,280,low,1680
Ice Cream & Desserts,Sunfeast Yippee! Power Up Atta Noodles,0.96,15,6,0.81,280,FALSE,280,low,1680
Chocolates & Candies,Sunfeast Yippee! Power Up Atta Noodles,0.96,15,6,0.81,280,FALSE,280,low,1680
Cooking Essentials,24 Mantra Organic Besan,0.95,7,5,0.88,500,FALSE,500,low,2500
Munchies,24 Mantra Organic Besan,0.95,7,5,0.88,500,FALSE,500,low,2500
Cooking Essentials,24 Mantra Organic Brown Sona Masoori Rice,0.95,0,6,0.95,1000,FALSE,1,low,6000
Munchies,24 Mantra Organic Brown Sona Masoori Rice,0.95,0,6,0.95,1000,FALSE,1,low,6000
Cooking Essentials,24 Mantra Organic Chana Dal,0.95,6,5,0.89,500,FALSE,500,low,2500
Munchies,24 Mantra Organic Chana Dal,0.95,6,5,0.89,500,FALSE,500,low,2500
Cooking Essentials,24 Mantra Organic Masoor Dal - Split,0.95,7,6,0.88,500,FALSE,500,low,3000
Munchies,24 Mantra Organic Masoor Dal - Split,0.95,7,6,0.88,500,FALSE,500,low,3000
Cooking Essentials,24 Mantra Organic Sattu Atta,0.95,0,6,0.95,500,FALSE,500,low,3000
Munchies,24 Mantra Organic Sattu Atta,0.95,0,6,0.95,500,FALSE,500,low,3000
Home & Cleaning,Harpic Lemon Bathroom Cleaner ,0.95,9,6,0.86,500,FALSE,500,low,3000
Cooking Essentials,Hershey's Chocolate Syrup,0.95,0,4,0.95,200,FALSE,200,low,800
Munchies,Hershey's Chocolate Syrup,0.95,0,4,0.95,200,FALSE,200,low,800
Cooking Essentials,Hershey's Cocoa Powder,0.95,0,5,0.95,70,FALSE,70,low,350
Munchies,Hershey's Cocoa Powder,0.95,0,5,0.95,70,FALSE,70,low,350
Cooking Essentials,Hershey's Syrup Delicious Strawberry,0.95,0,1,0.95,200,FALSE,200,low,200
Munchies,Hershey's Syrup Delicious Strawberry,0.95,0,1,0.95,200,FALSE,200,low,200
Personal Care,Patanjali Kesh Kanti Shikakai Hair Cleanser,0.95,0,4,0.95,200,FALSE,200,low,800
Paan Corner,Patanjali Kesh Kanti Shikakai Hair Cleanser,0.95,0,4,0.95,200,FALSE,200,low,800
Cooking Essentials,Patanjali Pure Honey,0.95,0,0,0.95,250,TRUE,250,low,0
Munchies,Patanjali Pure Honey,0.95,0,0,0.95,250,TRUE,250,low,0
Cooking Essentials,Popular Essentials Dessicated Coconut,0.95,9,6,0.86,200,FALSE,200,low,1200
Munchies,Popular Essentials Dessicated Coconut,0.95,9,6,0.86,200,FALSE,200,low,1200
Cooking Essentials,Popular Essentials Kashmiri Red Rajma,0.95,6,4,0.89,500,FALSE,500,low,2000
Munchies,Popular Essentials Kashmiri Red Rajma,0.95,6,4,0.89,500,FALSE,500,low,2000
Cooking Essentials,Popular Essentials Red Cherry/Gundu Chilli,0.95,0,6,0.95,100,FALSE,100,low,600
Munchies,Popular Essentials Red Cherry/Gundu Chilli,0.95,0,6,0.95,100,FALSE,100,low,600
Home & Cleaning,Shubh kart - Surabhi Camphor Pouch 50g,0.95,9,6,0.86,50,FALSE,50,low,300
Cooking Essentials,Tata Sampann Unpolished Chana Dal,0.95,6,2,0.89,1000,FALSE,500,low,2000
Munchies,Tata Sampann Unpolished Chana Dal,0.95,6,2,0.89,1000,FALSE,500,low,2000
Biscuits,The Bake Shop Masala Cheese Crackers,0.95,6,3,0.89,100,FALSE,100,low,300
Cooking Essentials,Weikfield Cooker Cake Mix - Chocolate,0.95,6,6,0.89,150,FALSE,150,low,900
Munchies,Weikfield Cooker Cake Mix - Chocolate,0.95,6,6,0.89,150,FALSE,150,low,900
Cooking Essentials,Weikfield Cooker Cake Mix - Vanilla,0.95,0,6,0.95,150,FALSE,150,low,900
Munchies,Weikfield Cooker Cake Mix - Vanilla,0.95,0,6,0.95,150,FALSE,150,low,900
Fruits & Vegetables,Pineapple,0.94,15,3,0.79,58,FALSE,1,low,174
Cooking Essentials,Tata Sampann High Protien Kabuli Chana,0.94,0,1,0.94,500,FALSE,500,low,500
Munchies,Tata Sampann High Protien Kabuli Chana,0.94,0,1,0.94,500,FALSE,500,low,500
Cooking Essentials,Tata Sampann Urad Dal Split,0.94,4,6,0.9,500,FALSE,500,low,3000
Munchies,Tata Sampann Urad Dal Split,0.94,4,6,0.9,500,FALSE,500,low,3000
Personal Care,"Colgate Kids Toothpaste - 6+ Years, Strawberry Flavour",0.93,5,6,0.88,80,FALSE,80,low,480
Paan Corner,"Colgate Kids Toothpaste - 6+ Years, Strawberry Flavour",0.93,5,6,0.88,80,FALSE,80,low,480
Personal Care,Colgate Toothpaste For Kids Motu Oatlu,0.93,0,6,0.93,80,FALSE,80,low,480
Paan Corner,Colgate Toothpaste For Kids Motu Oatlu,0.93,0,6,0.93,80,FALSE,80,low,480
Cooking Essentials,Tata Sampann Unpolished Moong Dal ,0.92,4,4,0.88,500,FALSE,500,low,2000
Munchies,Tata Sampann Unpolished Moong Dal ,0.92,4,4,0.88,500,FALSE,500,low,2000
Packaged Food,Chings Secret Hot Garlic Instant Noodles,0.91,0,6,0.91,60,FALSE,60,low,360
Ice Cream & Desserts,Chings Secret Hot Garlic Instant Noodles,0.91,0,6,0.91,60,FALSE,60,low,360
Chocolates & Candies,Chings Secret Hot Garlic Instant Noodles,0.91,0,6,0.91,60,FALSE,60,low,360
Packaged Food,Ching's Secret Manchurian Noodles,0.91,0,5,0.91,360,FALSE,360,low,1800
Ice Cream & Desserts,Ching's Secret Manchurian Noodles,0.91,0,5,0.91,360,FALSE,360,low,1800
Chocolates & Candies,Ching's Secret Manchurian Noodles,0.91,0,5,0.91,360,FALSE,360,low,1800
Cooking Essentials,Tata Sampann High Protein Kali Urad,0.91,14,6,0.78,500,FALSE,500,low,3000
Munchies,Tata Sampann High Protein Kali Urad,0.91,14,6,0.78,500,FALSE,500,low,3000
Cooking Essentials,Tata Sampann High Protien Toor Dal - Split,0.91,2,0,0.89,500,TRUE,500,low,0
Munchies,Tata Sampann High Protien Toor Dal - Split,0.91,2,0,0.89,500,TRUE,500,low,0
Cooking Essentials,Top Ramen Masala,0.91,9,0,0.82,560,TRUE,560,low,0
Munchies,Top Ramen Masala,0.91,9,0,0.82,560,TRUE,560,low,0
Packaged Food,Top Ramen Masala,0.91,9,0,0.82,560,TRUE,560,low,0
Ice Cream & Desserts,Top Ramen Masala,0.91,9,0,0.82,560,TRUE,560,low,0
Chocolates & Candies,Top Ramen Masala,0.91,9,0,0.82,560,TRUE,560,low,0
Personal Care,Closeup Everfresh+ Anti-Germ Gel Toothpaste Red Hot,0.9,10,0,0.81,150,TRUE,150,low,0
Paan Corner,Closeup Everfresh+ Anti-Germ Gel Toothpaste Red Hot,0.9,10,0,0.81,150,TRUE,150,low,0
Cooking Essentials,Daawat Rozana Gold Basmati Rice,0.9,1,0,0.89,1000,TRUE,1,low,0
Munchies,Daawat Rozana Gold Basmati Rice,0.9,1,0,0.89,1000,TRUE,1,low,0
Personal Care,Dove Daily Shine Conditioner,0.9,10,1,0.81,80,FALSE,80,low,80
Paan Corner,Dove Daily Shine Conditioner,0.9,10,1,0.81,80,FALSE,80,low,80
Personal Care,Dove Dryness Care Conditioner Frizzy & Dry Hair,0.9,6,4,0.84,80,FALSE,80,low,320
Paan Corner,Dove Dryness Care Conditioner Frizzy & Dry Hair,0.9,6,4,0.84,80,FALSE,80,low,320
Cooking Essentials,Everest Hingraj Powder,0.9,10,2,0.81,50,FALSE,50,low,100
Munchies,Everest Hingraj Powder,0.9,10,2,0.81,50,FALSE,50,low,100
Cooking Essentials,Gits Medu Vada Instant Snack Mix,0.9,4,6,0.86,200,FALSE,200,low,1200
Munchies,Gits Medu Vada Instant Snack Mix,0.9,4,6,0.86,200,FALSE,200,low,1200
Personal Care,Himalaya Prickly Heat Baby Powder,0.9,10,6,0.81,100,FALSE,100,low,600
Paan Corner,Himalaya Prickly Heat Baby Powder,0.9,10,6,0.81,100,FALSE,100,low,600
Biscuits,Lotte Choco Pie Cocoa Pie,0.9,10,6,0.81,168,FALSE,168,low,1008
Home & Cleaning,Odomos lotion - Mosquito Repellent,0.9,8,6,0.82,120,FALSE,120,low,720
Home & Cleaning,Odomos Mosquito Repellent Spray,0.9,8,0,0.82,100,TRUE,100,low,0
Personal Care,Patanjali Saundarya Aloe Vera Gel,0.9,0,5,0.9,150,FALSE,150,low,750
Paan Corner,Patanjali Saundarya Aloe Vera Gel,0.9,0,5,0.9,150,FALSE,150,low,750
Cooking Essentials,Popular Essentials Green Moong Whole,0.9,16,3,0.75,500,FALSE,500,low,1500
Munchies,Popular Essentials Green Moong Whole,0.9,16,3,0.75,500,FALSE,500,low,1500
Cooking Essentials,Popular Essentials Mace/Javitri,0.9,10,3,0.81,20,FALSE,20,low,60
Munchies,Popular Essentials Mace/Javitri,0.9,10,3,0.81,20,FALSE,20,low,60
Cooking Essentials,Popular Essentials Moth Whole,0.9,10,6,0.81,500,FALSE,500,low,3000
Munchies,Popular Essentials Moth Whole,0.9,10,6,0.81,500,FALSE,500,low,3000
Cooking Essentials,Popular Essentials Pumpkin Seeds,0.9,16,6,0.75,100,FALSE,100,low,600
Munchies,Popular Essentials Pumpkin Seeds,0.9,16,6,0.75,100,FALSE,100,low,600
Cooking Essentials,Popular Essentials Red Rajma,0.9,10,6,0.81,500,FALSE,500,low,3000
Munchies,Popular Essentials Red Rajma,0.9,10,6,0.81,500,FALSE,500,low,3000
Cooking Essentials,Popular Essentials Sattu Atta,0.9,12,3,0.79,500,FALSE,500,low,1500
Munchies,Popular Essentials Sattu Atta,0.9,12,3,0.79,500,FALSE,500,low,1500
Cooking Essentials,Popular Essentials Urad Gola White(Un-Polished),0.9,10,6,0.81,500,FALSE,500,low,3000
Munchies,Popular Essentials Urad Gola White(Un-Polished),0.9,10,6,0.81,500,FALSE,500,low,3000
Cooking Essentials,Praakritik Organic Raw Sugar,0.9,6,6,0.84,500,FALSE,500,low,3000
Munchies,Praakritik Organic Raw Sugar,0.9,6,6,0.84,500,FALSE,500,low,3000
Home & Cleaning,Scotch Brite Silver Sparks Scrub Pad,0.9,10,6,0.81,348,FALSE,3,low,2088
Personal Care,Stayfree Dry-Max All Night Ultra-Dry Sanitary Pad,0.9,10,6,0.81,406,FALSE,7,low,2436
Paan Corner,Stayfree Dry-Max All Night Ultra-Dry Sanitary Pad,0.9,10,6,0.81,406,FALSE,7,low,2436
Health & Hygiene,Stayfree Dry-Max All Night Ultra-Dry Sanitary Pad,0.9,10,6,0.81,406,FALSE,7,low,2436
Packaged Food,Switz Samosa Dough Sheets,0.9,4,6,0.86,50,FALSE,50,low,300
Ice Cream & Desserts,Switz Samosa Dough Sheets,0.9,4,6,0.86,50,FALSE,50,low,300
Chocolates & Candies,Switz Samosa Dough Sheets,0.9,4,6,0.86,50,FALSE,50,low,300
Packaged Food,Switz Spring Roll Dough Sheets,0.9,4,6,0.86,1160,FALSE,20,medium,6960
Ice Cream & Desserts,Switz Spring Roll Dough Sheets,0.9,4,6,0.86,1160,FALSE,20,medium,6960
Chocolates & Candies,Switz Spring Roll Dough Sheets,0.9,4,6,0.86,1160,FALSE,20,medium,6960
Personal Care,Whisper Bindazzz Nights XL + Sanitary Pad,0.9,0,0,0.9,406,TRUE,7,low,0
Paan Corner,Whisper Bindazzz Nights XL + Sanitary Pad,0.9,0,0,0.9,406,TRUE,7,low,0
Health & Hygiene,Whisper Bindazzz Nights XL + Sanitary Pad,0.9,0,0,0.9,406,TRUE,7,low,0
Personal Care,Whisper Choice Regular Sanitary Pads,0.9,0,6,0.9,1160,FALSE,20,medium,6960
Personal Care,Whisper Choice Regular Sanitary Pads,0.9,3,0,0.87,58,TRUE,20,low,0
Paan Corner,Whisper Choice Regular Sanitary Pads,0.9,0,6,0.9,1160,FALSE,20,medium,6960
Paan Corner,Whisper Choice Regular Sanitary Pads,0.9,3,0,0.87,58,TRUE,20,low,0
Health & Hygiene,Whisper Choice Regular Sanitary Pads,0.9,0,6,0.9,1160,FALSE,20,medium,6960
Health & Hygiene,Whisper Choice Regular Sanitary Pads,0.9,3,0,0.87,58,TRUE,20,low,0
Personal Care,Dettol Original Liquid Handwash,0.89,4,6,0.85,200,FALSE,200,low,1200
Paan Corner,Dettol Original Liquid Handwash,0.89,4,6,0.85,200,FALSE,200,low,1200
Home & Cleaning,Godrej Good Night Gold Flash Liquid Vapouriser,0.89,0,0,0.89,60,TRUE,60,low,0
"Dairy, Bread & Batter",Gowardhan Classic Block Fresh Paneer,0.89,8,6,0.81,200,FALSE,200,low,1200
Beverages,Gowardhan Classic Block Fresh Paneer,0.89,8,6,0.81,200,FALSE,200,low,1200
Cooking Essentials,Keya Wonder Red Hot Chilli Flakes,0.89,10,2,0.8,40,FALSE,40,low,80
Munchies,Keya Wonder Red Hot Chilli Flakes,0.89,10,2,0.8,40,FALSE,40,low,80
"Dairy, Bread & Batter",Nestle A+ Slim Milk,0.89,0,0,0.89,1000,TRUE,1,low,0
Beverages,Nestle A+ Slim Milk,0.89,0,0,0.89,1000,TRUE,1,low,0
Cooking Essentials,On1y Sea Salt Grinder,0.89,0,6,0.89,100,FALSE,100,low,600
Munchies,On1y Sea Salt Grinder,0.89,0,6,0.89,100,FALSE,100,low,600
Fruits & Vegetables,Pineapple Slice,0.89,15,3,0.75,200,FALSE,200,low,600
Cooking Essentials,Satyam Nighties Spices  Chilli Bore,0.89,10,6,0.8,100,FALSE,100,low,600
Munchies,Satyam Nighties Spices  Chilli Bore,0.89,10,6,0.8,100,FALSE,100,low,600
Packaged Food,Smith & Jones Masala Noodles,0.89,0,5,0.89,480,FALSE,480,low,2400
Ice Cream & Desserts,Smith & Jones Masala Noodles,0.89,0,5,0.89,480,FALSE,480,low,2400
Chocolates & Candies,Smith & Jones Masala Noodles,0.89,0,5,0.89,480,FALSE,480,low,2400
Packaged Food,Veeba Cheese and Chilli Sandwich Spread,0.89,11,6,0.79,275,FALSE,275,low,1650
Ice Cream & Desserts,Veeba Cheese and Chilli Sandwich Spread,0.89,11,6,0.79,275,FALSE,275,low,1650
Chocolates & Candies,Veeba Cheese and Chilli Sandwich Spread,0.89,11,6,0.79,275,FALSE,275,low,1650
"Dairy, Bread & Batter",Amul Delicious Fat Spread - Cholesterol Free,0.88,2,2,0.86,500,FALSE,500,low,1000
Beverages,Amul Delicious Fat Spread - Cholesterol Free,0.88,2,2,0.86,500,FALSE,500,low,1000
Packaged Food,Amul Delicious Fat Spread - Cholesterol Free,0.88,2,2,0.86,500,FALSE,500,low,1000
Ice Cream & Desserts,Amul Delicious Fat Spread - Cholesterol Free,0.88,2,2,0.86,500,FALSE,500,low,1000
Chocolates & Candies,Amul Delicious Fat Spread - Cholesterol Free,0.88,2,2,0.86,500,FALSE,500,low,1000
Personal Care,Dabur Amla Hair Oil,0.88,0,2,0.88,180,FALSE,180,low,360
Paan Corner,Dabur Amla Hair Oil,0.88,0,2,0.88,180,FALSE,180,low,360
Personal Care,Gillette Presto Ready Shaver 5 Cartridges ,0.88,6,6,0.82,290,FALSE,5,low,1740
Paan Corner,Gillette Presto Ready Shaver 5 Cartridges ,0.88,6,6,0.82,290,FALSE,5,low,1740
Cooking Essentials,Tata Sampann Moong Chilka ,0.88,6,0,0.82,500,TRUE,500,low,0
Munchies,Tata Sampann Moong Chilka ,0.88,6,0,0.82,500,TRUE,500,low,0
Cooking Essentials,Satyam Pulses Masur Dal,0.87,6,6,0.81,500,FALSE,500,low,3000
Munchies,Satyam Pulses Masur Dal,0.87,6,6,0.81,500,FALSE,500,low,3000
Home & Cleaning,Rin Detergent Powder,0.86,2,0,0.84,1000,TRUE,1,low,0
"Dairy, Bread & Batter",Amul Cheese - Pepper,0.85,3,6,0.82,200,FALSE,200,low,1200
Beverages,Amul Cheese - Pepper,0.85,3,6,0.82,200,FALSE,200,low,1200
"Dairy, Bread & Batter",Amul Cheese Spread Creamy,0.85,5,6,0.8,180,FALSE,180,low,1080
Beverages,Amul Cheese Spread Creamy,0.85,5,6,0.8,180,FALSE,180,low,1080
Packaged Food,Amul Cheese Spread Creamy,0.85,5,6,0.8,180,FALSE,180,low,1080
Ice Cream & Desserts,Amul Cheese Spread Creamy,0.85,5,6,0.8,180,FALSE,180,low,1080
Chocolates & Candies,Amul Cheese Spread Creamy,0.85,5,6,0.8,180,FALSE,180,low,1080
"Dairy, Bread & Batter",Amul Cheese Spread Spicy Garlic,0.85,3,0,0.82,200,TRUE,200,low,0
Beverages,Amul Cheese Spread Spicy Garlic,0.85,3,0,0.82,200,TRUE,200,low,0
Packaged Food,Amul Cheese Spread Spicy Garlic,0.85,3,0,0.82,200,TRUE,200,low,0
Ice Cream & Desserts,Amul Cheese Spread Spicy Garlic,0.85,3,0,0.82,200,TRUE,200,low,0
Chocolates & Candies,Amul Cheese Spread Spicy Garlic,0.85,3,0,0.82,200,TRUE,200,low,0
"Dairy, Bread & Batter",Amul Cheese Spread Yummy Plain,0.85,0,0,0.85,200,TRUE,200,low,0
Beverages,Amul Cheese Spread Yummy Plain,0.85,0,0,0.85,200,TRUE,200,low,0
Packaged Food,Amul Cheese Spread Yummy Plain,0.85,0,0,0.85,200,TRUE,200,low,0
Ice Cream & Desserts,Amul Cheese Spread Yummy Plain,0.85,0,0,0.85,200,TRUE,200,low,0
Chocolates & Candies,Amul Cheese Spread Yummy Plain,0.85,0,0,0.85,200,TRUE,200,low,0
Cooking Essentials,Arden Eggs Brown,0.85,7,4,0.79,348,FALSE,6,low,1392
Munchies,Arden Eggs Brown,0.85,7,4,0.79,348,FALSE,6,low,1392
"Dairy, Bread & Batter",Arden Eggs Brown,0.85,7,4,0.79,348,FALSE,6,low,1392
Beverages,Arden Eggs Brown,0.85,7,4,0.79,348,FALSE,6,low,1392
"Meats, Fish & Eggs",Arden Eggs Brown,0.85,7,4,0.79,348,FALSE,6,low,1392
Packaged Food,Ching's Secret Green Chilli Sauce,0.85,4,1,0.81,680,FALSE,680,low,680
Ice Cream & Desserts,Ching's Secret Green Chilli Sauce,0.85,4,1,0.81,680,FALSE,680,low,680
Chocolates & Candies,Ching's Secret Green Chilli Sauce,0.85,4,1,0.81,680,FALSE,680,low,680
Personal Care,Fem Fairness Natural Gold Skin Bleach,0.85,7,4,0.79,64,FALSE,64,low,256
Paan Corner,Fem Fairness Natural Gold Skin Bleach,0.85,7,4,0.79,64,FALSE,64,low,256
Personal Care,Fem Fairness Naturals Saffron Skin Bleach,0.85,15,4,0.72,64,FALSE,64,low,256
Paan Corner,Fem Fairness Naturals Saffron Skin Bleach,0.85,15,4,0.72,64,FALSE,64,low,256
Home & Cleaning,Hem Mantra Masala Agarbatti,0.85,7,1,0.79,50,FALSE,50,low,50
Packaged Food,Mother's Recipe Mixed Pickle,0.85,9,2,0.77,300,FALSE,300,low,600
Ice Cream & Desserts,Mother's Recipe Mixed Pickle,0.85,9,2,0.77,300,FALSE,300,low,600
Chocolates & Candies,Mother's Recipe Mixed Pickle,0.85,9,2,0.77,300,FALSE,300,low,600
Personal Care,Patanjali Kesh Kanti Aloe Vera Hair Cleanser,0.85,0,5,0.85,200,FALSE,200,low,1000
Paan Corner,Patanjali Kesh Kanti Aloe Vera Hair Cleanser,0.85,0,5,0.85,200,FALSE,200,low,1000
Personal Care,Patanjali Kesh Kanti Reetha Hair Cleanser,0.85,0,5,0.85,200,FALSE,200,low,1000
Paan Corner,Patanjali Kesh Kanti Reetha Hair Cleanser,0.85,0,5,0.85,200,FALSE,200,low,1000
Cooking Essentials,Popular Essentials Green Moong Chilka/Chilka (Un-Polished),0.85,7,5,0.79,500,FALSE,500,low,2500
Munchies,Popular Essentials Green Moong Chilka/Chilka (Un-Polished),0.85,7,5,0.79,500,FALSE,500,low,2500
Cooking Essentials,Popular Essentials Kabuli Chana Regular,0.85,9,6,0.77,500,FALSE,500,low,3000
Munchies,Popular Essentials Kabuli Chana Regular,0.85,9,6,0.77,500,FALSE,500,low,3000
Cooking Essentials,Popular Essentials Urad Dal Split (Un-Polished),0.85,9,5,0.77,500,FALSE,500,low,2500
Munchies,Popular Essentials Urad Dal Split (Un-Polished),0.85,9,5,0.77,500,FALSE,500,low,2500
Packaged Food,Veeba Carrot & Cucumber Sandwich Spread,0.85,10,6,0.76,250,FALSE,250,low,1500
Ice Cream & Desserts,Veeba Carrot & Cucumber Sandwich Spread,0.85,10,6,0.76,250,FALSE,250,low,1500
Chocolates & Candies,Veeba Carrot & Cucumber Sandwich Spread,0.85,10,6,0.76,250,FALSE,250,low,1500
Health & Hygiene,Vicks Vaporub,0.85,9,6,0.77,25,FALSE,25,low,150
Packaged Food,Yummiez American Sweet Corn,0.85,0,0,0.85,400,TRUE,400,low,0
Ice Cream & Desserts,Yummiez American Sweet Corn,0.85,0,0,0.85,400,TRUE,400,low,0
Chocolates & Candies,Yummiez American Sweet Corn,0.85,0,0,0.85,400,TRUE,400,low,0
Health & Hygiene,Zandu Balm,0.85,10,5,0.76,25,FALSE,25,low,125
Personal Care,"Godrej No.1 Bathing Soap, Jasmine",0.84,0,0,0.84,400,TRUE,100,low,0
Paan Corner,"Godrej No.1 Bathing Soap, Jasmine",0.84,0,0,0.84,400,TRUE,100,low,0
Health & Hygiene,Durex Air Ultra Thin Condoms,0.82,0,6,0.82,174,FALSE,3,low,1044
Home & Cleaning,Harpic Hygienic Toilet Cleaner Rim Block Citrus,0.82,6,6,0.77,26,FALSE,26,low,156
Home & Cleaning,Harpic Hygienic Toilet Cleaner Rim Block Jasmine,0.82,6,4,0.77,26,FALSE,26,low,104
Fruits & Vegetables,Orange Nagpur,0.82,15,3,0.69,232,FALSE,4,low,696
Home & Cleaning,Oxi Green Phenyl - Pine ,0.82,9,6,0.74,1000,FALSE,1,low,6000
Personal Care,Oxylife Natural Radiance 5 Creme Bleach - With Active Oxygen,0.82,9,0,0.74,27,TRUE,27,low,0
Paan Corner,Oxylife Natural Radiance 5 Creme Bleach - With Active Oxygen,0.82,9,0,0.74,27,TRUE,27,low,0
Personal Care,Parachute Jasmine Hair Oil,0.82,9,6,0.74,190,FALSE,190,low,1140
Paan Corner,Parachute Jasmine Hair Oil,0.82,9,6,0.74,190,FALSE,190,low,1140
Fruits & Vegetables,Pear Green Imported,0.82,15,3,0.69,116,FALSE,2,low,348
Cooking Essentials,Satyam Chilli  Bedgi,0.82,10,5,0.73,100,FALSE,100,low,500
Munchies,Satyam Chilli  Bedgi,0.82,10,5,0.73,100,FALSE,100,low,500
Cooking Essentials,24 Mantra Bura Sugar (Demerara),0.8,10,6,0.72,500,FALSE,500,low,3000
Munchies,24 Mantra Bura Sugar (Demerara),0.8,10,6,0.72,500,FALSE,500,low,3000
Cooking Essentials,24 Mantra Organic Jaggery Powder,0.8,15,6,0.68,500,FALSE,500,low,3000
Munchies,24 Mantra Organic Jaggery Powder,0.8,15,6,0.68,500,FALSE,500,low,3000
Biscuits,Britannia Bourbon Biscuit Buy 4 Get 1 Free,0.8,10,2,0.72,500,FALSE,500,low,1000
Biscuits,Britannia Good Day Butter Cookies,0.8,10,6,0.72,600,FALSE,600,low,3600
Biscuits,Britannia Marie Gold (Buy 4 Get 1 Free),0.8,0,0,0.8,600,TRUE,600,low,0
Biscuits,Cadbury Oreo Chocolatey Sandwich Biscuits Family Pack,0.8,0,0,0.8,300,TRUE,300,low,0
Personal Care,Dabur Gulabari Rose Water Daily Glow,0.8,6,2,0.75,250,FALSE,250,low,500
Paan Corner,Dabur Gulabari Rose Water Daily Glow,0.8,6,2,0.75,250,FALSE,250,low,500
Cooking Essentials,Everest Dry Mango Powder,0.8,0,5,0.8,100,FALSE,100,low,500
Munchies,Everest Dry Mango Powder,0.8,0,5,0.8,100,FALSE,100,low,500
Personal Care,Garnier Colour Naturals Hair Colour - 1 Natural Black,0.8,0,1,0.8,60,FALSE,60,low,60
Paan Corner,Garnier Colour Naturals Hair Colour - 1 Natural Black,0.8,0,1,0.8,60,FALSE,60,low,60
Personal Care,Himalaya Baby Powder,0.8,8,4,0.73,100,FALSE,100,low,400
Paan Corner,Himalaya Baby Powder,0.8,8,4,0.73,100,FALSE,100,low,400
Personal Care,Himalaya Diaper Rash Cream,0.8,10,2,0.72,20,FALSE,20,low,40
Paan Corner,Himalaya Diaper Rash Cream,0.8,10,2,0.72,20,FALSE,20,low,40
Cooking Essentials,iD Idli & Dosa Batter ,0.8,15,6,0.68,1000,FALSE,1,low,6000
Munchies,iD Idli & Dosa Batter ,0.8,15,6,0.68,1000,FALSE,1,low,6000
"Dairy, Bread & Batter",iD Idli & Dosa Batter ,0.8,15,6,0.68,1000,FALSE,1,low,6000
Beverages,iD Idli & Dosa Batter ,0.8,15,6,0.68,1000,FALSE,1,low,6000
Packaged Food,iD Idli & Dosa Batter ,0.8,15,6,0.68,1000,FALSE,1,low,6000
Ice Cream & Desserts,iD Idli & Dosa Batter ,0.8,15,6,0.68,1000,FALSE,1,low,6000
Chocolates & Candies,iD Idli & Dosa Batter ,0.8,15,6,0.68,1000,FALSE,1,low,6000
Packaged Food,iD Malabar Parota ,0.8,10,4,0.72,400,FALSE,400,low,1600
Ice Cream & Desserts,iD Malabar Parota ,0.8,10,4,0.72,400,FALSE,400,low,1600
Chocolates & Candies,iD Malabar Parota ,0.8,10,4,0.72,400,FALSE,400,low,1600
Packaged Food,iD Wheat Lachha Paratha,0.8,12,6,0.7,400,FALSE,400,low,2400
Ice Cream & Desserts,iD Wheat Lachha Paratha,0.8,12,6,0.7,400,FALSE,400,low,2400
Chocolates & Candies,iD Wheat Lachha Paratha,0.8,12,6,0.7,400,FALSE,400,low,2400
Packaged Food,ITC Master Chef Classic Aloo Tikki,0.8,10,3,0.72,320,FALSE,320,low,960
Ice Cream & Desserts,ITC Master Chef Classic Aloo Tikki,0.8,10,3,0.72,320,FALSE,320,low,960
Chocolates & Candies,ITC Master Chef Classic Aloo Tikki,0.8,10,3,0.72,320,FALSE,320,low,960
Biscuits,Lotte Choco Pie ,0.8,10,3,0.72,168,FALSE,168,low,504
Home & Cleaning,Origami Disposable Spoons,0.8,10,3,0.72,1160,FALSE,20,medium,3480
Home & Cleaning,Origami Good Karma Paper Serviettes ,0.8,10,6,0.72,50,FALSE,50,low,300
Home & Cleaning,Origami So Soft Tissue Roll Single - 340 Pulls 3 Ply,0.8,0,1,0.8,58,FALSE,1,low,58
Cooking Essentials,Popular Essentials Black Urad Split,0.8,10,4,0.72,500,FALSE,500,low,2000
Munchies,Popular Essentials Black Urad Split,0.8,10,4,0.72,500,FALSE,500,low,2000
Cooking Essentials,Popular Essentials Byadagi Chilli Stemless,0.8,0,6,0.8,100,FALSE,100,low,600
Munchies,Popular Essentials Byadagi Chilli Stemless,0.8,0,6,0.8,100,FALSE,100,low,600
Cooking Essentials,Popular Essentials Pancharatna Dal,0.8,10,6,0.72,500,FALSE,500,low,3000
Munchies,Popular Essentials Pancharatna Dal,0.8,10,6,0.72,500,FALSE,500,low,3000
Cooking Essentials,Popular Essentials Soya Beans ,0.8,6,6,0.75,500,FALSE,500,low,3000
Munchies,Popular Essentials Soya Beans ,0.8,6,6,0.75,500,FALSE,500,low,3000
Cooking Essentials,Popular Essentials Toor Dal (Un-Polished),0.8,7,0,0.74,500,TRUE,500,low,0
Munchies,Popular Essentials Toor Dal (Un-Polished),0.8,7,0,0.74,500,TRUE,500,low,0
Cooking Essentials,Popular Essentials Urad Gola Black (Un-Polished),0.8,10,6,0.72,500,FALSE,500,low,3000
Munchies,Popular Essentials Urad Gola Black (Un-Polished),0.8,10,6,0.72,500,FALSE,500,low,3000
Cooking Essentials,Popular Essentials White Peas (Un-Polished),0.8,10,5,0.72,500,FALSE,500,low,2500
Munchies,Popular Essentials White Peas (Un-Polished),0.8,10,5,0.72,500,FALSE,500,low,2500
"Dairy, Bread & Batter",Prabhat Malai Paneer Pouch,0.8,0,0,0.8,200,TRUE,200,low,0
Beverages,Prabhat Malai Paneer Pouch,0.8,0,0,0.8,200,TRUE,200,low,0
Home & Cleaning,Scotch BOPP Packaging Tape,0.8,15,0,0.68,58,TRUE,1,low,0
Home & Cleaning,Shubh kart - Shubhkart Sambrani Cup Black 12n,0.8,6,4,0.75,696,FALSE,12,low,2784
Biscuits,Sunfeast Dark Fantasy Choco Creme,0.8,27,4,0.58,300,FALSE,300,low,1200
Biscuits,Sunfeast Dark Fantasy Vanilla Creme,0.8,15,6,0.68,300,FALSE,300,low,1800
Packaged Food,Top Ramen Masala Oat Masala,0.8,10,6,0.72,280,FALSE,280,low,1680
Ice Cream & Desserts,Top Ramen Masala Oat Masala,0.8,10,6,0.72,280,FALSE,280,low,1680
Chocolates & Candies,Top Ramen Masala Oat Masala,0.8,10,6,0.72,280,FALSE,280,low,1680
Cooking Essentials,"Top Ramen Noodles, Atta",0.8,0,1,0.8,280,FALSE,280,low,280
Munchies,"Top Ramen Noodles, Atta",0.8,0,1,0.8,280,FALSE,280,low,280
Packaged Food,"Top Ramen Noodles, Atta",0.8,0,1,0.8,280,FALSE,280,low,280
Ice Cream & Desserts,"Top Ramen Noodles, Atta",0.8,0,1,0.8,280,FALSE,280,low,280
Chocolates & Candies,"Top Ramen Noodles, Atta",0.8,0,1,0.8,280,FALSE,280,low,280
Cooking Essentials,Daawat Rozana Super Basmati Rice,0.79,0,0,0.79,1000,TRUE,1,low,0
Munchies,Daawat Rozana Super Basmati Rice,0.79,0,0,0.79,1000,TRUE,1,low,0
Personal Care,Dettol Skincare Liquid Hand Wash,0.79,0,6,0.79,200,FALSE,200,low,1200
Paan Corner,Dettol Skincare Liquid Hand Wash,0.79,0,6,0.79,200,FALSE,200,low,1200
Packaged Food,Dr Oetker Cucumber & Carrot Sandwich Spread Veg,0.79,0,0,0.79,250,TRUE,250,low,0
Ice Cream & Desserts,Dr Oetker Cucumber & Carrot Sandwich Spread Veg,0.79,0,0,0.79,250,TRUE,250,low,0
Chocolates & Candies,Dr Oetker Cucumber & Carrot Sandwich Spread Veg,0.79,0,0,0.79,250,TRUE,250,low,0
Personal Care,Johnson's Baby Skincare Wipes,0.79,6,6,0.74,1160,FALSE,20,medium,6960
Paan Corner,Johnson's Baby Skincare Wipes,0.79,6,6,0.74,1160,FALSE,20,medium,6960
Cooking Essentials,Mothers Recipe Papad Chana Masala,0.79,10,6,0.71,200,FALSE,200,low,1200
Munchies,Mothers Recipe Papad Chana Masala,0.79,10,6,0.71,200,FALSE,200,low,1200
Home & Cleaning,Om Bhakti Camphor Small,0.79,10,6,0.71,25,FALSE,25,low,150
Cooking Essentials,Quaker Oats,0.79,0,2,0.79,400,FALSE,400,low,800
Munchies,Quaker Oats,0.79,0,2,0.79,400,FALSE,400,low,800
Packaged Food,Quaker Oats,0.79,0,2,0.79,400,FALSE,400,low,800
Ice Cream & Desserts,Quaker Oats,0.79,0,2,0.79,400,FALSE,400,low,800
Chocolates & Candies,Quaker Oats,0.79,0,2,0.79,400,FALSE,400,low,800
Personal Care,Vaseline Skin Protecting Jelly,0.79,13,6,0.68,50,FALSE,50,low,300
Paan Corner,Vaseline Skin Protecting Jelly,0.79,13,6,0.68,50,FALSE,50,low,300
Packaged Food,Veeba Eggless Mayonnaise,0.79,11,5,0.7,250,FALSE,250,low,1250
Ice Cream & Desserts,Veeba Eggless Mayonnaise,0.79,11,5,0.7,250,FALSE,250,low,1250
Chocolates & Candies,Veeba Eggless Mayonnaise,0.79,11,5,0.7,250,FALSE,250,low,1250
Home & Cleaning,"""Origami Good Karma Paper Serviettes - 100 napkins (1 ply)""",0.78,10,6,0.7,58,FALSE,1,low,348
Cooking Essentials,Everest Garam Masala,0.78,7,5,0.72,100,FALSE,100,low,500
Munchies,Everest Garam Masala,0.78,7,5,0.72,100,FALSE,100,low,500
"Dairy, Bread & Batter",Nestle A+ Actiplus Probiotic Dahi Plain Curd,0.78,3,5,0.75,400,FALSE,400,low,2000
Beverages,Nestle A+ Actiplus Probiotic Dahi Plain Curd,0.78,3,5,0.75,400,FALSE,400,low,2000
Health & Hygiene,Nestle A+ Actiplus Probiotic Dahi Plain Curd,0.78,3,5,0.75,400,FALSE,400,low,2000
"Dairy, Bread & Batter",Nestle A+ Slim Dahi - Low Fat,0.78,3,0,0.75,400,TRUE,400,low,0
Beverages,Nestle A+ Slim Dahi - Low Fat,0.78,3,0,0.75,400,TRUE,400,low,0
"Dairy, Bread & Batter",Amul Malai Paneer Fresh ,0.76,3,0,0.73,200,TRUE,200,low,0
Beverages,Amul Malai Paneer Fresh ,0.76,3,0,0.73,200,TRUE,200,low,0
Cooking Essentials,Mother's Recipe Paste Ginger & Garlic,0.76,10,4,0.68,300,FALSE,300,low,1200
Munchies,Mother's Recipe Paste Ginger & Garlic,0.76,10,4,0.68,300,FALSE,300,low,1200
Cooking Essentials,24 Mantra Organic Red Poha,0.75,8,1,0.69,500,FALSE,500,low,500
Munchies,24 Mantra Organic Red Poha,0.75,8,1,0.69,500,FALSE,500,low,500
Cooking Essentials,Aashirvaad Breakfast Instant Mix - Rice Idli,0.75,30,6,0.52,200,FALSE,200,low,1200
Munchies,Aashirvaad Breakfast Instant Mix - Rice Idli,0.75,30,6,0.52,200,FALSE,200,low,1200
Cooking Essentials,Aashirvaad Instant Mix - Rice Dosa,0.75,30,6,0.52,200,FALSE,200,low,1200
Munchies,Aashirvaad Instant Mix - Rice Dosa,0.75,30,6,0.52,200,FALSE,200,low,1200
Packaged Food,Aashirvaad Suji Halwa With Jaggery,0.75,0,6,0.75,70,FALSE,70,low,420
Ice Cream & Desserts,Aashirvaad Suji Halwa With Jaggery,0.75,0,6,0.75,70,FALSE,70,low,420
Chocolates & Candies,Aashirvaad Suji Halwa With Jaggery,0.75,0,6,0.75,70,FALSE,70,low,420
"Dairy, Bread & Batter",Amul Cheese Sauce Jalapeno,0.75,0,5,0.75,200,FALSE,200,low,1000
Beverages,Amul Cheese Sauce Jalapeno,0.75,0,5,0.75,200,FALSE,200,low,1000
"Dairy, Bread & Batter",Amul Cheese Sauce Mexican Salsa,0.75,4,1,0.72,200,FALSE,200,low,200
Beverages,Amul Cheese Sauce Mexican Salsa,0.75,4,1,0.72,200,FALSE,200,low,200
"Dairy, Bread & Batter",Amul Frozen Malai Paneer,0.75,2,6,0.73,200,FALSE,200,low,1200
Beverages,Amul Frozen Malai Paneer,0.75,2,6,0.73,200,FALSE,200,low,1200
"Dairy, Bread & Batter",Amul Slim Trim Skimmed Milk,0.75,0,0,0.75,1000,TRUE,1,low,0
Beverages,Amul Slim Trim Skimmed Milk,0.75,0,0,0.75,1000,TRUE,1,low,0
Home & Cleaning,Aro Aluminium Container with Lid 230 ml,0.75,9,3,0.68,25,FALSE,25,low,75
Biscuits,Britannia 50-50 Maska Chaska Biscuit,0.75,10,6,0.675,300,FALSE,300,low,1800
Biscuits,Britannia Nutrichoice 5 Grain Digestive Biscuits,0.75,0,0,0.75,200,TRUE,200,low,0
Personal Care,Colgate Sensitive Everyday Protection Anticavity Toothpaste,0.75,0,6,0.75,40,FALSE,40,low,240
Paan Corner,Colgate Sensitive Everyday Protection Anticavity Toothpaste,0.75,0,6,0.75,40,FALSE,40,low,240
Personal Care,Dabur Gulabari Rose Glow Face Cleanse,0.75,5,4,0.71,100,FALSE,100,low,400
Paan Corner,Dabur Gulabari Rose Glow Face Cleanse,0.75,5,4,0.71,100,FALSE,100,low,400
Home & Cleaning,Dabur Odomos Naturals Mosquito Repellant Gel,0.75,8,4,0.69,80,FALSE,80,low,320
Personal Care,Dettol Lather Shaving Cream,0.75,5,6,0.71,78,FALSE,78,low,468
Paan Corner,Dettol Lather Shaving Cream,0.75,5,6,0.71,78,FALSE,78,low,468
Cooking Essentials,Everest Dry Ginger Powder,0.75,9,4,0.68,100,FALSE,100,low,400
Munchies,Everest Dry Ginger Powder,0.75,9,4,0.68,100,FALSE,100,low,400
Home & Cleaning,Gala Scrubber Pad,0.75,9,5,0.68,290,FALSE,5,low,1450
Cooking Essentials,Gits Jalebi with Maker Dessert Mix,0.75,16,6,0.63,100,FALSE,100,low,600
Munchies,Gits Jalebi with Maker Dessert Mix,0.75,16,6,0.63,100,FALSE,100,low,600
Personal Care,Godrej Nupur Henna,0.75,0,5,0.75,150,FALSE,120,low,750
Paan Corner,Godrej Nupur Henna,0.75,0,5,0.75,150,FALSE,120,low,750
"Meats, Fish & Eggs",Godrej Real Good Chicken Liver Sealed ,0.75,9,1,0.68,200,FALSE,200,low,200
Home & Cleaning,Good Knight Fabric Personal Mosquito Repellent Roll On,0.75,0,3,0.75,8,FALSE,8,low,24
Cooking Essentials,ITC Master Chef Butter Chicken,0.75,30,6,0.52,80,FALSE,80,low,480
Munchies,ITC Master Chef Butter Chicken,0.75,30,6,0.52,80,FALSE,80,low,480
Cooking Essentials,ITC Master Chef Hyderabadi Biryani,0.75,30,5,0.52,80,FALSE,80,low,400
Munchies,ITC Master Chef Hyderabadi Biryani,0.75,30,5,0.52,80,FALSE,80,low,400
Cooking Essentials,ITC Master Chef Vegetable Biryani Cooking Paste,0.75,30,5,0.52,80,FALSE,80,low,400
Munchies,ITC Master Chef Vegetable Biryani Cooking Paste,0.75,30,5,0.52,80,FALSE,80,low,400
Fruits & Vegetables,Lemon,0.75,16,3,0.63,200,FALSE,200,low,600
Health & Hygiene,Moov Pain Relief Specialist,0.75,5,6,0.71,15,FALSE,15,low,90
Packaged Food,MTR Vermicelli Payasam,0.75,0,6,0.75,180,FALSE,180,low,1080
Ice Cream & Desserts,MTR Vermicelli Payasam,0.75,0,6,0.75,180,FALSE,180,low,1080
Chocolates & Candies,MTR Vermicelli Payasam,0.75,0,6,0.75,180,FALSE,180,low,1080
Home & Cleaning,Odonil Air Freshner Lavender Meadows,0.75,5,4,0.71,75,FALSE,75,low,300
Personal Care,Old Spice Lime Lather Shaving Cream,0.75,0,6,0.75,70,FALSE,70,low,420
Paan Corner,Old Spice Lime Lather Shaving Cream,0.75,0,6,0.75,70,FALSE,70,low,420
Personal Care,Old Spice Original Lather Shaving Cream,0.75,9,6,0.68,70,FALSE,70,low,420
Paan Corner,Old Spice Original Lather Shaving Cream,0.75,9,6,0.68,70,FALSE,70,low,420
Personal Care,Origami Aloe Vera Wipes,0.75,13,4,0.65,25,FALSE,25,low,100
Paan Corner,Origami Aloe Vera Wipes,0.75,13,4,0.65,25,FALSE,25,low,100
Personal Care,Patanjali Kesh Kanti Natural Hair Cleanser,0.75,9,4,0.68,200,FALSE,200,low,800
Paan Corner,Patanjali Kesh Kanti Natural Hair Cleanser,0.75,9,4,0.68,200,FALSE,200,low,800
Personal Care,Pears Pure & Gentle Glycerin Bath Soap,0.75,0,6,0.75,125,FALSE,125,low,750
Paan Corner,Pears Pure & Gentle Glycerin Bath Soap,0.75,0,6,0.75,125,FALSE,125,low,750
Cooking Essentials,Popular Essentials Cloves (Lavang),0.75,17,6,0.62,50,FALSE,50,low,300
Munchies,Popular Essentials Cloves (Lavang),0.75,17,6,0.62,50,FALSE,50,low,300
Cooking Essentials,Popular Essentials HMT Kolam Steam,0.75,0,3,0.75,1000,FALSE,1,low,3000
Munchies,Popular Essentials HMT Kolam Steam,0.75,0,3,0.75,1000,FALSE,1,low,3000
Cooking Essentials,Popular Essentials Sona Masouri Raw Rice,0.75,0,0,0.75,1000,TRUE,1,low,0
Munchies,Popular Essentials Sona Masouri Raw Rice,0.75,0,0,0.75,1000,TRUE,1,low,0
Home & Cleaning,Scotch Brite Scrub Pad,0.75,9,6,0.68,290,FALSE,5,low,1740
Cooking Essentials,Sugarfree Natural Green Stevia Leaves Zero Calorie,0.75,0,2,0.75,100,FALSE,100,low,200
Munchies,Sugarfree Natural Green Stevia Leaves Zero Calorie,0.75,0,2,0.75,100,FALSE,100,low,200
"Dairy, Bread & Batter",Suguna Vitamin D Egg,0.75,17,0,0.62,348,TRUE,6,low,0
Beverages,Suguna Vitamin D Egg,0.75,17,0,0.62,348,TRUE,6,low,0
"Meats, Fish & Eggs",Suguna Vitamin D Egg,0.75,17,0,0.62,348,TRUE,6,low,0
Biscuits,The Bake Shop Masala Lavash,0.75,6,6,0.7,100,FALSE,200,low,600
Biscuits,The Bake Shop Whole Wheat Multigrain Lavash,0.75,6,3,0.7,100,FALSE,200,low,300
Packaged Food,Veeba Pasta And Pizza Sauce,0.75,13,5,0.65,280,FALSE,280,low,1400
Ice Cream & Desserts,Veeba Pasta And Pizza Sauce,0.75,13,5,0.65,280,FALSE,280,low,1400
Chocolates & Candies,Veeba Pasta And Pizza Sauce,0.75,13,5,0.65,280,FALSE,280,low,1400
Packaged Food,Veeba Pizza Topping,0.75,6,4,0.7,280,FALSE,280,low,1120
Ice Cream & Desserts,Veeba Pizza Topping,0.75,6,4,0.7,280,FALSE,280,low,1120
Chocolates & Candies,Veeba Pizza Topping,0.75,6,4,0.7,280,FALSE,280,low,1120
Personal Care,Woodward's Gripe Water,0.75,0,6,0.75,200,FALSE,200,low,1200
Paan Corner,Woodward's Gripe Water,0.75,0,6,0.75,200,FALSE,200,low,1200
Cooking Essentials,Eastern Super Garam Masala,0.74,6,2,0.69,200,FALSE,200,low,400
Munchies,Eastern Super Garam Masala,0.74,6,2,0.69,200,FALSE,200,low,400
Cooking Essentials,Everest Chicken Masala,0.74,2,6,0.72,100,FALSE,100,low,600
Munchies,Everest Chicken Masala,0.74,2,6,0.72,100,FALSE,100,low,600
Cooking Essentials,Everest Meat Masala Powder,0.74,9,3,0.67,100,FALSE,100,low,300
Munchies,Everest Meat Masala Powder,0.74,9,3,0.67,100,FALSE,100,low,300
"Meats, Fish & Eggs",Everest Meat Masala Powder,0.74,9,3,0.67,100,FALSE,100,low,300
Cooking Essentials,Everest Tandoori Chicken Masala,0.74,9,3,0.67,100,FALSE,100,low,300
Munchies,Everest Tandoori Chicken Masala,0.74,9,3,0.67,100,FALSE,100,low,300
"Meats, Fish & Eggs",Everest Tandoori Chicken Masala,0.74,9,3,0.67,100,FALSE,100,low,300
Home & Cleaning,Robin Dazzling Liquid Blue After Wash,0.74,5,6,0.7,200,FALSE,200,low,1200
Packaged Food,Veeba English Mustard,0.74,6,2,0.69,300,FALSE,300,low,600
Ice Cream & Desserts,Veeba English Mustard,0.74,6,2,0.69,300,FALSE,300,low,600
Chocolates & Candies,Veeba English Mustard,0.74,6,2,0.69,300,FALSE,300,low,600
Cooking Essentials,Maggi Special Masala Spicy Yummy Noodles,0.72,0,0,0.72,280,TRUE,280,low,0
Munchies,Maggi Special Masala Spicy Yummy Noodles,0.72,0,0,0.72,280,TRUE,280,low,0
Packaged Food,Maggi Special Masala Spicy Yummy Noodles,0.72,0,0,0.72,280,TRUE,280,low,0
Ice Cream & Desserts,Maggi Special Masala Spicy Yummy Noodles,0.72,0,0,0.72,280,TRUE,280,low,0
Chocolates & Candies,Maggi Special Masala Spicy Yummy Noodles,0.72,0,0,0.72,280,TRUE,280,low,0
"Dairy, Bread & Batter",Suguna Active - DHA,0.72,13,4,0.62,348,FALSE,6,low,1392
Beverages,Suguna Active - DHA,0.72,13,4,0.62,348,FALSE,6,low,1392
"Meats, Fish & Eggs",Suguna Active - DHA,0.72,13,4,0.62,348,FALSE,6,low,1392
"Dairy, Bread & Batter",Suguna Heart- Omega3,0.72,13,4,0.62,348,FALSE,6,low,1392
Beverages,Suguna Heart- Omega3,0.72,13,4,0.62,348,FALSE,6,low,1392
"Meats, Fish & Eggs",Suguna Heart- Omega3,0.72,13,4,0.62,348,FALSE,6,low,1392
"Dairy, Bread & Batter",Suguna Nourish Egg ,0.72,16,0,0.6,348,TRUE,6,low,0
Beverages,Suguna Nourish Egg ,0.72,16,0,0.6,348,TRUE,6,low,0
"Meats, Fish & Eggs",Suguna Nourish Egg ,0.72,16,0,0.6,348,TRUE,6,low,0
"Dairy, Bread & Batter",Suguna Sharp Egg ,0.72,13,3,0.62,348,FALSE,6,low,1044
Beverages,Suguna Sharp Egg ,0.72,13,3,0.62,348,FALSE,6,low,1044
"Meats, Fish & Eggs",Suguna Sharp Egg ,0.72,13,3,0.62,348,FALSE,6,low,1044
"Dairy, Bread & Batter",Amul Cheese Slices,0.71,1,0,0.7,100,TRUE,100,low,0
Beverages,Amul Cheese Slices,0.71,1,0,0.7,100,TRUE,100,low,0
Personal Care,Revive Revive Liquid,0.71,0,6,0.71,200,FALSE,200,low,1200
Paan Corner,Revive Revive Liquid,0.71,0,6,0.71,200,FALSE,200,low,1200
Cooking Essentials,24 Mantra Organic Cumin,0.7,7,2,0.65,100,FALSE,100,low,200
Munchies,24 Mantra Organic Cumin,0.7,7,2,0.65,100,FALSE,100,low,200
Cooking Essentials,24 Mantra Organic Cumin Powder,0.7,0,6,0.7,100,FALSE,100,low,600
Munchies,24 Mantra Organic Cumin Powder,0.7,0,6,0.7,100,FALSE,100,low,600
Cooking Essentials,24 Mantra Organic Jowar Flour,0.7,7,6,0.65,500,FALSE,500,low,3000
Munchies,24 Mantra Organic Jowar Flour,0.7,7,6,0.65,500,FALSE,500,low,3000
Cooking Essentials,24 Mantra Red Chilly Whole,0.7,7,1,0.65,100,FALSE,100,low,100
Munchies,24 Mantra Red Chilly Whole,0.7,7,1,0.65,100,FALSE,100,low,100
Home & Cleaning,Airwick EverFresh Gel Bathroom Air Freshener - Citrus Splash,0.7,10,6,0.63,50,FALSE,50,low,300
Home & Cleaning,Airwick EverFresh Gel Bathroom Air Freshener - Lavender Dew,0.7,10,6,0.63,50,FALSE,50,low,300
Biscuits,Britannia Milk Bikis Cream Biscuit,0.7,0,0,0.7,500,TRUE,500,low,0
Biscuits,Britannia Nutri Choice Ragi Cookies,0.7,10,6,0.63,150,FALSE,150,low,900
Biscuits,Cadbury Oreo Dipped Biscuit,0.7,10,1,0.63,150,FALSE,150,low,150
Home & Cleaning,Chakaachak Dustpan Grey,0.7,2,5,0.68,58,FALSE,1,low,290
Fruits & Vegetables,Dragon Fruit Imported,0.7,15,3,0.59,58,FALSE,1,low,174
Cooking Essentials,Eastern Chicken Masala,0.7,7,3,0.65,100,FALSE,100,low,300
Munchies,Eastern Chicken Masala,0.7,7,3,0.65,100,FALSE,100,low,300
"Meats, Fish & Eggs",Eastern Chicken Masala,0.7,7,3,0.65,100,FALSE,100,low,300
Cooking Essentials,Everest Coriander Powder,0.7,10,0,0.63,200,TRUE,200,low,0
Munchies,Everest Coriander Powder,0.7,10,0,0.63,200,TRUE,200,low,0
Cooking Essentials,Everest Kitchen King Masala,0.7,14,2,0.6,100,FALSE,100,low,200
Munchies,Everest Kitchen King Masala,0.7,14,2,0.6,100,FALSE,100,low,200
Cooking Essentials,Everest Pav Bhaji Masala,0.7,0,2,0.7,100,FALSE,100,low,200
Munchies,Everest Pav Bhaji Masala,0.7,0,2,0.7,100,FALSE,100,low,200
Cooking Essentials,Everest Shahi Biryani Masala,0.7,14,6,0.6,50,FALSE,50,low,300
Munchies,Everest Shahi Biryani Masala,0.7,14,6,0.6,50,FALSE,50,low,300
Fruits & Vegetables,Guava Thai,0.7,15,3,0.59,116,FALSE,2,low,348
Personal Care,Johnson's Baby Soap,0.7,0,6,0.7,100,FALSE,100,low,600
Paan Corner,Johnson's Baby Soap,0.7,0,6,0.7,100,FALSE,100,low,600
Personal Care,Lux International Creamy White Soap Bar,0.7,10,6,0.63,125,FALSE,125,low,750
Paan Corner,Lux International Creamy White Soap Bar,0.7,10,6,0.63,125,FALSE,125,low,750
"Dairy, Bread & Batter",Nestle A+ Nourish Dahi,0.7,2,6,0.68,400,FALSE,400,low,2400
Beverages,Nestle A+ Nourish Dahi,0.7,2,6,0.68,400,FALSE,400,low,2400
Biscuits,Parle Monaco Classic Salty Biscuits,0.7,0,4,0.7,400,FALSE,400,low,1600
Cooking Essentials,Popular Essentials Fried Gram (Bengal Gram),0.7,10,6,0.63,500,FALSE,500,low,3000
Munchies,Popular Essentials Fried Gram (Bengal Gram),0.7,10,6,0.63,500,FALSE,500,low,3000
Cooking Essentials,Popular Essentials Masoor Dal Split (Un-Polished),0.7,10,4,0.63,500,FALSE,500,low,2000
Munchies,Popular Essentials Masoor Dal Split (Un-Polished),0.7,10,4,0.63,500,FALSE,500,low,2000
Cooking Essentials,Popular Essentials Regular White Lobia,0.7,10,6,0.63,500,FALSE,500,low,3000
Munchies,Popular Essentials Regular White Lobia,0.7,10,6,0.63,500,FALSE,500,low,3000
Cooking Essentials,Popular Essentials Salted Murmure ,0.7,18,6,0.57,400,FALSE,400,low,2400
Munchies,Popular Essentials Salted Murmure ,0.7,18,6,0.57,400,FALSE,400,low,2400
Cooking Essentials,Popular Essentials Star Anise,0.7,10,5,0.63,25,FALSE,25,low,125
Munchies,Popular Essentials Star Anise,0.7,10,5,0.63,25,FALSE,25,low,125
Cooking Essentials,Praakritik Organic Indrayani Rice,0.7,0,6,0.7,500,FALSE,500,low,3000
Munchies,Praakritik Organic Indrayani Rice,0.7,0,6,0.7,500,FALSE,500,low,3000
"Dairy, Bread & Batter",So Good Almond Milk - Natural Unsweetened,0.7,0,4,0.7,200,FALSE,200,low,800
Beverages,So Good Almond Milk - Natural Unsweetened,0.7,0,4,0.7,200,FALSE,200,low,800
Biscuits,Sunfeast Farmlite Nuts Digestive,0.7,11,6,0.62,250,FALSE,250,low,1500
Cooking Essentials,Sunfeast YiPPee! Magic Masala Noodles,0.7,10,3,0.63,405,FALSE,405,low,1215
Munchies,Sunfeast YiPPee! Magic Masala Noodles,0.7,10,3,0.63,405,FALSE,405,low,1215
Packaged Food,Sunfeast YiPPee! Magic Masala Noodles,0.7,10,3,0.63,405,FALSE,405,low,1215
Ice Cream & Desserts,Sunfeast YiPPee! Magic Masala Noodles,0.7,10,3,0.63,405,FALSE,405,low,1215
Chocolates & Candies,Sunfeast YiPPee! Magic Masala Noodles,0.7,10,3,0.63,405,FALSE,405,low,1215
Cooking Essentials,Weikfield Cocoa Powder,0.7,7,6,0.65,50,FALSE,50,low,300
Munchies,Weikfield Cocoa Powder,0.7,7,6,0.65,50,FALSE,50,low,300
Home & Cleaning,A1 Biodegradable Garbage Dustbin Bags,0.69,0,6,0.69,30,FALSE,30,low,180
Home & Cleaning,Om Bhakti Wick for Diya - Vanaspati Ghee Cotton Wicks Small ,0.69,11,6,0.61,30,FALSE,30,low,180
Home & Cleaning,Rin Fabric Whitener Detergent,0.69,10,0,0.62,500,TRUE,500,low,0
Personal Care,Savlon Moisture Shield Hand Wash,0.69,0,5,0.69,200,FALSE,200,low,1000
Paan Corner,Savlon Moisture Shield Hand Wash,0.69,0,5,0.69,200,FALSE,200,low,1000
Packaged Food,Veeba Favourites Eggless Burger Mayonnaise,0.69,8,0,0.63,250,TRUE,250,low,0
Ice Cream & Desserts,Veeba Favourites Eggless Burger Mayonnaise,0.69,8,0,0.63,250,TRUE,250,low,0
Chocolates & Candies,Veeba Favourites Eggless Burger Mayonnaise,0.69,8,0,0.63,250,TRUE,250,low,0
Packaged Food,Amul Happy Treats French Fries,0.68,4,1,0.65,425,FALSE,425,low,425
Ice Cream & Desserts,Amul Happy Treats French Fries,0.68,4,1,0.65,425,FALSE,425,low,425
Chocolates & Candies,Amul Happy Treats French Fries,0.68,4,1,0.65,425,FALSE,425,low,425
Home & Cleaning,Chakaachak Deluxe Dustpan Grey,0.68,2,3,0.66,58,FALSE,1,low,174
Home & Cleaning,Cherry Blossom Wax Shoe Polish Black,0.68,5,6,0.64,40,FALSE,40,low,240
Home & Cleaning,Cherry Blossom Wax Shoe Polish Dark Tan,0.68,5,6,0.64,40,FALSE,40,low,240
Home & Cleaning,Eveready Ultima Alkaline Battery AAA,0.68,0,6,0.68,116,FALSE,2,low,696
Fruits & Vegetables,Onion,0.68,16,3,0.57,3000,FALSE,3,medium,9000
Packaged Food,Smith & Jones Masala Noodles,0.68,10,5,0.61,360,FALSE,360,low,1800
Ice Cream & Desserts,Smith & Jones Masala Noodles,0.68,10,5,0.61,360,FALSE,360,low,1800
Chocolates & Candies,Smith & Jones Masala Noodles,0.68,10,5,0.61,360,FALSE,360,low,1800
Personal Care,Bajaj Almond Drops Hair Oil,0.67,10,0,0.6,100,TRUE,100,low,0
Paan Corner,Bajaj Almond Drops Hair Oil,0.67,10,0,0.6,100,TRUE,100,low,0
Cooking Essentials,Everest Turmeric Powder,0.67,10,0,0.6,200,TRUE,200,low,0
Munchies,Everest Turmeric Powder,0.67,10,0,0.6,200,TRUE,200,low,0
"Dairy, Bread & Batter",Amul Taaza Toned Homogenised Milk,0.66,3,0,0.64,1000,TRUE,1,low,0
Beverages,Amul Taaza Toned Homogenised Milk,0.66,3,0,0.64,1000,TRUE,1,low,0
Home & Cleaning,Dettol Antiseptic Disinfectant Liquid,0.66,0,6,0.66,125,FALSE,125,low,750
Health & Hygiene,Dettol Antiseptic Disinfectant Liquid,0.66,0,6,0.66,125,FALSE,125,low,750
Cooking Essentials,Suhana Biryani Masala,0.66,0,6,0.66,50,FALSE,50,low,300
Munchies,Suhana Biryani Masala,0.66,0,6,0.66,50,FALSE,50,low,300
Cooking Essentials,Suhana Spice Mix - Chicken Biryani,0.66,0,6,0.66,50,FALSE,50,low,300
Munchies,Suhana Spice Mix - Chicken Biryani,0.66,0,6,0.66,50,FALSE,50,low,300
"Meats, Fish & Eggs",Suhana Spice Mix - Chicken Biryani,0.66,0,6,0.66,50,FALSE,50,low,300
Cooking Essentials,24 Mantra Organic Ragi Flour,0.65,20,4,0.52,500,FALSE,500,low,2000
Munchies,24 Mantra Organic Ragi Flour,0.65,20,4,0.52,500,FALSE,500,low,2000
Cooking Essentials,Arden Eggs White,0.65,15,4,0.55,348,FALSE,6,low,1392
Munchies,Arden Eggs White,0.65,15,4,0.55,348,FALSE,6,low,1392
"Dairy, Bread & Batter",Arden Eggs White,0.65,15,4,0.55,348,FALSE,6,low,1392
Beverages,Arden Eggs White,0.65,15,4,0.55,348,FALSE,6,low,1392
"Meats, Fish & Eggs",Arden Eggs White,0.65,15,4,0.55,348,FALSE,6,low,1392
Biscuits,Britannia Toastea (Premium Bake Rusk),0.65,0,6,0.65,400,FALSE,400,low,2400
Packaged Food,Dabur Hommade - Kalonji Tamatar Ki Chutney,0.65,6,6,0.61,200,FALSE,200,low,1200
Ice Cream & Desserts,Dabur Hommade - Kalonji Tamatar Ki Chutney,0.65,6,6,0.61,200,FALSE,200,low,1200
Chocolates & Candies,Dabur Hommade - Kalonji Tamatar Ki Chutney,0.65,6,6,0.61,200,FALSE,200,low,1200
Packaged Food,Dabur Hommade - Rajasthan Ki Garlic Chutne,0.65,6,6,0.61,200,FALSE,200,low,1200
Ice Cream & Desserts,Dabur Hommade - Rajasthan Ki Garlic Chutne,0.65,6,6,0.61,200,FALSE,200,low,1200
Chocolates & Candies,Dabur Hommade - Rajasthan Ki Garlic Chutne,0.65,6,6,0.61,200,FALSE,200,low,1200
Cooking Essentials,Everest Chat Masala,0.65,9,0,0.59,100,TRUE,100,low,0
Munchies,Everest Chat Masala,0.65,9,0,0.59,100,TRUE,100,low,0
Personal Care,Fem Fairness Naturals Gold Skin Bleach,0.65,9,3,0.59,24,FALSE,24,low,72
Paan Corner,Fem Fairness Naturals Gold Skin Bleach,0.65,9,3,0.59,24,FALSE,24,low,72
Personal Care,Fem Fairness Naturals Hair Removal Cream Fair & Soft - Gold,0.65,10,4,0.58,40,FALSE,40,low,160
Paan Corner,Fem Fairness Naturals Hair Removal Cream Fair & Soft - Gold,0.65,10,4,0.58,40,FALSE,40,low,160
Personal Care,Fem Fairness Naturals Hair Removal Cream Fair & Soft - Rose,0.65,10,6,0.58,40,FALSE,40,low,240
Paan Corner,Fem Fairness Naturals Hair Removal Cream Fair & Soft - Rose,0.65,10,6,0.58,40,FALSE,40,low,240
Cooking Essentials,Gits Khaman Dhokla Instant Snack Mix,0.65,6,6,0.61,180,FALSE,180,low,1080
Munchies,Gits Khaman Dhokla Instant Snack Mix,0.65,6,6,0.61,180,FALSE,180,low,1080
Packaged Food,Knorr International Mexican Tomato Corn Soup ,0.65,6,3,0.61,52,FALSE,52,low,156
Ice Cream & Desserts,Knorr International Mexican Tomato Corn Soup ,0.65,6,3,0.61,52,FALSE,52,low,156
Chocolates & Candies,Knorr International Mexican Tomato Corn Soup ,0.65,6,3,0.61,52,FALSE,52,low,156
Home & Cleaning,Mangaldeep Rose Puja Agarbatti ,0.65,9,4,0.59,120,FALSE,120,low,480
Health & Hygiene,Patanjali Hing Goli,0.65,10,4,0.58,100,FALSE,100,low,400
Cooking Essentials,Popular Essentials Bajra Whole,0.65,13,6,0.56,1000,FALSE,1,low,6000
Munchies,Popular Essentials Bajra Whole,0.65,13,6,0.56,1000,FALSE,1,low,6000
Cooking Essentials,Popular Essentials Black Masoor Whole (Un-Polished),0.65,10,3,0.58,500,FALSE,500,low,1500
Munchies,Popular Essentials Black Masoor Whole (Un-Polished),0.65,10,3,0.58,500,FALSE,500,low,1500
Cooking Essentials,Popular Essentials Sona Masouri Steam Rice,0.65,9,6,0.59,1000,FALSE,1,low,6000
Munchies,Popular Essentials Sona Masouri Steam Rice,0.65,9,6,0.59,1000,FALSE,1,low,6000
Home & Cleaning,Scotch-Brite Scrub Sponge Ideal For Dishwash Liquid,0.65,9,0,0.59,116,TRUE,2,low,0
Home & Cleaning,Shubh kart - Nirmal 5 in 1 Agarbatti Zipper - 150g,0.65,13,6,0.56,150,FALSE,150,low,900
Home & Cleaning,Shubh kart - Nirmal Eco Box Chandan Agarbatti - 100g,0.65,13,5,0.56,100,FALSE,100,low,500
Home & Cleaning,Shubh kart - Nirmal Eco Box Sugandhi Mogra Agarbatti - 100g,0.65,13,6,0.56,100,FALSE,100,low,600
Cooking Essentials,Sugarfree Gold Low Calorie Sweetner,0.65,6,3,0.61,110,FALSE,100,low,330
Munchies,Sugarfree Gold Low Calorie Sweetner,0.65,6,3,0.61,110,FALSE,100,low,330
Biscuits,The Bake Shop Jeera Khari,0.65,0,0,0.65,200,TRUE,200,low,0
Biscuits,The Bake Shop Maska Khari,0.65,6,0,0.61,200,TRUE,100,low,0
Biscuits,The Bake Shop Methi Khari Simply Delicious,0.65,6,2,0.61,200,FALSE,200,low,400
"Dairy, Bread & Batter",The Bake Shop Multi Grain Bread,0.65,0,0,0.65,400,TRUE,400,low,0
Beverages,The Bake Shop Multi Grain Bread,0.65,0,0,0.65,400,TRUE,400,low,0
Biscuits,The Bake Shop Whole Wheat Oats Khari,0.65,6,5,0.61,200,FALSE,200,low,1000
Cooking Essentials,Weikfield Drinking Chocolate Powder,0.65,10,6,0.58,100,FALSE,100,low,600
Munchies,Weikfield Drinking Chocolate Powder,0.65,10,6,0.58,100,FALSE,100,low,600
Cooking Essentials,24 Mantra Organic Whole Wheat Atta,0.64,7,0,0.59,1000,TRUE,1,low,0
Munchies,24 Mantra Organic Whole Wheat Atta,0.64,7,0,0.59,1000,TRUE,1,low,0
Cooking Essentials,Aashirvaad Multigrain Atta,0.64,3,2,0.62,1000,FALSE,1,low,2000
Munchies,Aashirvaad Multigrain Atta,0.64,3,2,0.62,1000,FALSE,1,low,2000
Cooking Essentials,Aashirvaad Select Atta,0.64,0,6,0.64,1000,FALSE,1,low,6000
Munchies,Aashirvaad Select Atta,0.64,0,6,0.64,1000,FALSE,1,low,6000
Home & Cleaning,Mortein PowerGard Rat Kill Cake,0.64,6,6,0.6,100,FALSE,100,low,600
Cooking Essentials,Tata Sampann High Protien Chana Dal - Split,0.64,0,0,0.64,500,TRUE,500,low,0
Munchies,Tata Sampann High Protien Chana Dal - Split,0.64,0,0,0.64,500,TRUE,500,low,0
Cooking Essentials,Tata Sampann Kala Chana,0.64,0,5,0.64,500,FALSE,500,low,2500
Munchies,Tata Sampann Kala Chana,0.64,0,5,0.64,500,FALSE,500,low,2500
Cooking Essentials,Amul Fresh Cream,0.63,0,0,0.63,250,TRUE,250,low,0
Munchies,Amul Fresh Cream,0.63,0,0,0.63,250,TRUE,250,low,0
"Dairy, Bread & Batter",Amul Fresh Cream,0.63,0,0,0.63,250,TRUE,250,low,0
Beverages,Amul Fresh Cream,0.63,0,0,0.63,250,TRUE,250,low,0
Cooking Essentials,Eastern Tamarind,0.63,0,6,0.63,200,FALSE,200,low,1200
Munchies,Eastern Tamarind,0.63,0,6,0.63,200,FALSE,200,low,1200
Home & Cleaning,Colin Glass and Surface Cleaner Liquid Spray Regular,0.62,6,5,0.58,250,FALSE,250,low,1250
Cooking Essentials,Dabur Keora water - Authentic flavour for Biryani's and Desserts,0.62,6,6,0.58,250,FALSE,250,low,1500
Munchies,Dabur Keora water - Authentic flavour for Biryani's and Desserts,0.62,6,6,0.58,250,FALSE,250,low,1500
"Dairy, Bread & Batter",Suguna Nourish Egg,0.62,0,0,0.62,696,TRUE,12,low,0
Beverages,Suguna Nourish Egg,0.62,0,0,0.62,696,TRUE,12,low,0
"Meats, Fish & Eggs",Suguna Nourish Egg,0.62,0,0,0.62,696,TRUE,12,low,0
Home & Cleaning,Apsara Non Dust Eraser,0.6,10,5,0.54,1160,FALSE,20,medium,5800
Biscuits,Bauli Moonfills Pack of 4,0.6,10,6,0.54,180,FALSE,190,low,1080
"Dairy, Bread & Batter",Bio Nutrients Pure Diet Tofu Gold ,0.6,5,5,0.57,200,FALSE,200,low,1000
Beverages,Bio Nutrients Pure Diet Tofu Gold ,0.6,5,5,0.57,200,FALSE,200,low,1000
Biscuits,Cadbury Chocobakes Choc Filled Cookies,0.6,0,6,0.6,150,FALSE,150,low,900
Cooking Essentials,Ching's Schezwan Masala Instant Noodles,0.6,0,1,0.6,240,FALSE,240,low,240
Munchies,Ching's Schezwan Masala Instant Noodles,0.6,0,1,0.6,240,FALSE,240,low,240
Packaged Food,Ching's Schezwan Masala Instant Noodles,0.6,0,1,0.6,240,FALSE,240,low,240
Ice Cream & Desserts,Ching's Schezwan Masala Instant Noodles,0.6,0,1,0.6,240,FALSE,240,low,240
Chocolates & Candies,Ching's Schezwan Masala Instant Noodles,0.6,0,1,0.6,240,FALSE,240,low,240
Packaged Food,Ching's Secret Chowmein Hakka Noodles Masala,0.6,10,2,0.54,100,FALSE,100,low,200
Ice Cream & Desserts,Ching's Secret Chowmein Hakka Noodles Masala,0.6,10,2,0.54,100,FALSE,100,low,200
Chocolates & Candies,Ching's Secret Chowmein Hakka Noodles Masala,0.6,10,2,0.54,100,FALSE,100,low,200
Cooking Essentials,"Ching's Secret Instant Noodles, Hot Garlic",0.6,0,4,0.6,240,FALSE,240,low,960
Munchies,"Ching's Secret Instant Noodles, Hot Garlic",0.6,0,4,0.6,240,FALSE,240,low,960
Packaged Food,"Ching's Secret Instant Noodles, Hot Garlic",0.6,0,4,0.6,240,FALSE,240,low,960
Ice Cream & Desserts,"Ching's Secret Instant Noodles, Hot Garlic",0.6,0,4,0.6,240,FALSE,240,low,960
Chocolates & Candies,"Ching's Secret Instant Noodles, Hot Garlic",0.6,0,4,0.6,240,FALSE,240,low,960
Packaged Food,Chings Secret Manchurian Instant Noodle,0.6,0,6,0.6,240,FALSE,240,low,1440
Ice Cream & Desserts,Chings Secret Manchurian Instant Noodle,0.6,0,6,0.6,240,FALSE,240,low,1440
Chocolates & Candies,Chings Secret Manchurian Instant Noodle,0.6,0,6,0.6,240,FALSE,240,low,1440
Cooking Essentials,Ching's Singapore Curry Instant Noodles,0.6,0,4,0.6,240,FALSE,240,low,960
Munchies,Ching's Singapore Curry Instant Noodles,0.6,0,4,0.6,240,FALSE,240,low,960
Packaged Food,Ching's Singapore Curry Instant Noodles,0.6,0,4,0.6,240,FALSE,240,low,960
Ice Cream & Desserts,Ching's Singapore Curry Instant Noodles,0.6,0,4,0.6,240,FALSE,240,low,960
Chocolates & Candies,Ching's Singapore Curry Instant Noodles,0.6,0,4,0.6,240,FALSE,240,low,960
Personal Care,Dove Pink Rosa Beauty Bathinhg Bar,0.6,0,6,0.6,100,FALSE,100,low,600
Paan Corner,Dove Pink Rosa Beauty Bathinhg Bar,0.6,0,6,0.6,100,FALSE,100,low,600
Health & Hygiene,Fine Life Cotton Balls,0.6,0,0,0.6,50,TRUE,50,low,0
Cooking Essentials,Flying Bird Premium Orange Artificial Food Essence,0.6,0,6,0.6,20,FALSE,20,low,120
Munchies,Flying Bird Premium Orange Artificial Food Essence,0.6,0,6,0.6,20,FALSE,20,low,120
Cooking Essentials,Gits Rice Dosa Instant Breakfast Mix,0.6,5,5,0.57,200,FALSE,200,low,1000
Munchies,Gits Rice Dosa Instant Breakfast Mix,0.6,5,5,0.57,200,FALSE,200,low,1000
"Dairy, Bread & Batter",iD Curd Cup,0.6,0,6,0.6,400,FALSE,400,low,2400
Beverages,iD Curd Cup,0.6,0,6,0.6,400,FALSE,400,low,2400
Packaged Food,Kellogg's Chocos Combo Pack,0.6,6,0,0.56,156,TRUE,156,low,0
Ice Cream & Desserts,Kellogg's Chocos Combo Pack,0.6,6,0,0.56,156,TRUE,156,low,0
Chocolates & Candies,Kellogg's Chocos Combo Pack,0.6,6,0,0.56,156,TRUE,156,low,0
Packaged Food,Lijjat Garlic Papad,0.6,5,5,0.57,200,FALSE,200,low,1000
Ice Cream & Desserts,Lijjat Garlic Papad,0.6,5,5,0.57,200,FALSE,200,low,1000
Chocolates & Candies,Lijjat Garlic Papad,0.6,5,5,0.57,200,FALSE,200,low,1000
Packaged Food,Lijjat Moong Papad,0.6,5,0,0.57,200,TRUE,200,low,0
Ice Cream & Desserts,Lijjat Moong Papad,0.6,5,0,0.57,200,TRUE,200,low,0
Chocolates & Candies,Lijjat Moong Papad,0.6,5,0,0.57,200,TRUE,200,low,0
Packaged Food,Lijjat Udad Mini Papad,0.6,6,6,0.56,200,FALSE,200,low,1200
Ice Cream & Desserts,Lijjat Udad Mini Papad,0.6,6,6,0.56,200,FALSE,200,low,1200
Chocolates & Candies,Lijjat Udad Mini Papad,0.6,6,6,0.56,200,FALSE,200,low,1200
Packaged Food,Lijjat Urad Papad,0.6,5,0,0.57,200,TRUE,200,low,0
Ice Cream & Desserts,Lijjat Urad Papad,0.6,5,0,0.57,200,TRUE,200,low,0
Chocolates & Candies,Lijjat Urad Papad,0.6,5,0,0.57,200,TRUE,200,low,0
Cooking Essentials,Madhur Sugar,0.6,6,0,0.56,1000,TRUE,1,low,0
Munchies,Madhur Sugar,0.6,6,0,0.56,1000,TRUE,1,low,0
Fruits & Vegetables,Mango Raw,0.6,16,3,0.5,500,FALSE,500,low,1500
Packaged Food,Pantai Green Curry Paste,0.6,6,6,0.56,50,FALSE,50,low,300
Ice Cream & Desserts,Pantai Green Curry Paste,0.6,6,6,0.56,50,FALSE,50,low,300
Chocolates & Candies,Pantai Green Curry Paste,0.6,6,6,0.56,50,FALSE,50,low,300
Packaged Food,Pantai Red Curry Paste,0.6,0,4,0.6,50,FALSE,50,low,200
Ice Cream & Desserts,Pantai Red Curry Paste,0.6,0,4,0.6,50,FALSE,50,low,200
Chocolates & Candies,Pantai Red Curry Paste,0.6,0,4,0.6,50,FALSE,50,low,200
Biscuits,Parle Hide & Seek Choco Rolls,0.6,0,1,0.6,120,FALSE,120,low,120
Biscuits,Parle Monaco Jeffs Zeera Biscuit,0.6,10,4,0.54,200,FALSE,200,low,800
Biscuits,Parle Monaco Sixer Salted Biscuits ,0.6,10,0,0.54,200,TRUE,200,low,0
Cooking Essentials,Pillsbury Multi Grain Atta,0.6,6,3,0.56,1000,FALSE,1,low,3000
Munchies,Pillsbury Multi Grain Atta,0.6,6,3,0.56,1000,FALSE,1,low,3000
Cooking Essentials,Popular Essentials Black Raisins Seedless,0.6,10,0,0.54,100,TRUE,100,low,0
Munchies,Popular Essentials Black Raisins Seedless,0.6,10,0,0.54,100,TRUE,100,low,0
Cooking Essentials,Popular Essentials Chana Dal (Un-Polished),0.6,10,6,0.54,500,FALSE,500,low,3000
Munchies,Popular Essentials Chana Dal (Un-Polished),0.6,10,6,0.54,500,FALSE,500,low,3000
Cooking Essentials,Popular Essentials Double Beans White,0.6,10,6,0.54,250,FALSE,250,low,1500
Munchies,Popular Essentials Double Beans White,0.6,10,6,0.54,250,FALSE,250,low,1500
Cooking Essentials,Popular Essentials Idli Rice,0.6,10,4,0.54,1000,FALSE,1,low,4000
Munchies,Popular Essentials Idli Rice,0.6,10,4,0.54,1000,FALSE,1,low,4000
Cooking Essentials,Popular Essentials Pe Shah Jeera ,0.6,15,6,0.51,50,FALSE,50,low,300
Munchies,Popular Essentials Pe Shah Jeera ,0.6,15,6,0.51,50,FALSE,50,low,300
Cooking Essentials,Popular Essentials Refined Sugar,0.6,0,6,0.6,1000,FALSE,1,low,6000
Munchies,Popular Essentials Refined Sugar,0.6,0,6,0.6,1000,FALSE,1,low,6000
Cooking Essentials,Popular Essentials Rice Flour,0.6,0,3,0.6,1000,FALSE,1,low,3000
Munchies,Popular Essentials Rice Flour,0.6,0,3,0.6,1000,FALSE,1,low,3000
Cooking Essentials,Popular Essentials Sabja/Basil Seeds,0.6,15,0,0.51,100,TRUE,100,low,0
Munchies,Popular Essentials Sabja/Basil Seeds,0.6,15,0,0.51,100,TRUE,100,low,0
Cooking Essentials,Popular Essentials Sabudana,0.6,10,0,0.54,500,TRUE,500,low,0
Munchies,Popular Essentials Sabudana,0.6,10,0,0.54,500,TRUE,500,low,0
Cooking Essentials,Praakritik Organic Natural Rock Salt,0.6,6,3,0.56,500,FALSE,500,low,1500
Munchies,Praakritik Organic Natural Rock Salt,0.6,6,3,0.56,500,FALSE,500,low,1500
Fruits & Vegetables,Safal Frozen Mixed Vegetables,0.6,5,0,0.57,500,TRUE,500,low,0
Packaged Food,Safal Frozen Mixed Vegetables,0.6,5,0,0.57,500,TRUE,500,low,0
Ice Cream & Desserts,Safal Frozen Mixed Vegetables,0.6,5,0,0.57,500,TRUE,500,low,0
Chocolates & Candies,Safal Frozen Mixed Vegetables,0.6,5,0,0.57,500,TRUE,500,low,0
Cooking Essentials,Smith & Jones Pasta Masala,0.6,10,5,0.54,108,FALSE,108,low,540
Munchies,Smith & Jones Pasta Masala,0.6,10,5,0.54,108,FALSE,108,low,540
Biscuits,Sunfeast Farmlite 5 Seed Digestive,0.6,0,2,0.6,250,FALSE,250,low,500
Biscuits,Sunfeast Farmlite Oats & Almonds Biscuits Packet,0.6,10,3,0.54,150,FALSE,150,low,450
Cooking Essentials,Sunfeast Yippee! Mood Masala Noodles,0.6,28,3,0.43,260,FALSE,260,low,780
Munchies,Sunfeast Yippee! Mood Masala Noodles,0.6,28,3,0.43,260,FALSE,260,low,780
Packaged Food,Sunfeast Yippee! Mood Masala Noodles,0.6,28,3,0.43,260,FALSE,260,low,780
Ice Cream & Desserts,Sunfeast Yippee! Mood Masala Noodles,0.6,28,3,0.43,260,FALSE,260,low,780
Chocolates & Candies,Sunfeast Yippee! Mood Masala Noodles,0.6,28,3,0.43,260,FALSE,260,low,780
Biscuits,The Bake Shop Jeera Ajwain Bread Sticks,0.6,6,6,0.56,100,FALSE,100,low,600
Biscuits,The Bake Shop Milk & Raisin Toast (Rusk),0.6,6,4,0.56,200,FALSE,200,low,800
Biscuits,The Bake Shop Whole Wheat Bread Sticks,0.6,6,1,0.56,100,FALSE,100,low,100
Biscuits,The Bake Shop Whole Wheat Multigrain Toast (Rusk),0.6,6,2,0.56,200,FALSE,200,low,400
Biscuits,The Bake Shop Whole Wheat Toast (Rusk) ,0.6,6,4,0.56,200,FALSE,200,low,800
Packaged Food,The Whole Truth Energy Bar Choco Cranberry Fudge,0.6,26,6,0.44,40,FALSE,40,low,240
Ice Cream & Desserts,The Whole Truth Energy Bar Choco Cranberry Fudge,0.6,26,6,0.44,40,FALSE,40,low,240
Chocolates & Candies,The Whole Truth Energy Bar Choco Cranberry Fudge,0.6,26,6,0.44,40,FALSE,40,low,240
Packaged Food,The Whole Truth Vegan Almond Choco Fudge Energy Bar No Sugar,0.6,20,6,0.48,40,FALSE,40,low,240
Ice Cream & Desserts,The Whole Truth Vegan Almond Choco Fudge Energy Bar No Sugar,0.6,20,6,0.48,40,FALSE,40,low,240
Chocolates & Candies,The Whole Truth Vegan Almond Choco Fudge Energy Bar No Sugar,0.6,20,6,0.48,40,FALSE,40,low,240
Packaged Food,The Whole Truth Vegan Fig Apricot & Orange Energy Bar No Sugar,0.6,20,6,0.48,40,FALSE,40,low,240
Ice Cream & Desserts,The Whole Truth Vegan Fig Apricot & Orange Energy Bar No Sugar,0.6,20,6,0.48,40,FALSE,40,low,240
Chocolates & Candies,The Whole Truth Vegan Fig Apricot & Orange Energy Bar No Sugar,0.6,20,6,0.48,40,FALSE,40,low,240
Packaged Food,The Whole Truth Vegan Mocha Almond Fudge Energy Bar No Sugar,0.6,20,6,0.48,40,FALSE,40,low,240
Ice Cream & Desserts,The Whole Truth Vegan Mocha Almond Fudge Energy Bar No Sugar,0.6,20,6,0.48,40,FALSE,40,low,240
Chocolates & Candies,The Whole Truth Vegan Mocha Almond Fudge Energy Bar No Sugar,0.6,20,6,0.48,40,FALSE,40,low,240
Cooking Essentials,Top Ramen Chicken Noodles,0.6,10,1,0.54,280,FALSE,280,low,280
Munchies,Top Ramen Chicken Noodles,0.6,10,1,0.54,280,FALSE,280,low,280
Packaged Food,Top Ramen Chicken Noodles,0.6,10,1,0.54,280,FALSE,280,low,280
Ice Cream & Desserts,Top Ramen Chicken Noodles,0.6,10,1,0.54,280,FALSE,280,low,280
Chocolates & Candies,Top Ramen Chicken Noodles,0.6,10,1,0.54,280,FALSE,280,low,280
Packaged Food,Wingreens Farms Tangy Cheese Pita Chips & Mexican Salsa Dip,0.6,15,1,0.51,70,FALSE,70,low,70
Ice Cream & Desserts,Wingreens Farms Tangy Cheese Pita Chips & Mexican Salsa Dip,0.6,15,1,0.51,70,FALSE,70,low,70
Chocolates & Candies,Wingreens Farms Tangy Cheese Pita Chips & Mexican Salsa Dip,0.6,15,1,0.51,70,FALSE,70,low,70
"Dairy, Bread & Batter",Amul Butter - Pasteurised (School Pack),0.59,3,6,0.57,100,FALSE,100,low,600
Beverages,Amul Butter - Pasteurised (School Pack),0.59,3,6,0.57,100,FALSE,100,low,600
Fruits & Vegetables,Banana Elaichi ,0.58,15,3,0.49,348,FALSE,6,low,1044
Fruits & Vegetables,Biryani /Pulav Mix,0.58,15,3,0.49,250,FALSE,250,low,750
Personal Care,Dabur Meswak Toothpaste,0.58,5,6,0.55,100,FALSE,100,low,600
Paan Corner,Dabur Meswak Toothpaste,0.58,5,6,0.55,100,FALSE,100,low,600
Personal Care,Hamam Soap Bar Neem Tulsi and Aloe Vera,0.58,0,6,0.58,150,FALSE,150,low,900
Paan Corner,Hamam Soap Bar Neem Tulsi and Aloe Vera,0.58,0,6,0.58,150,FALSE,150,low,900
Cooking Essentials,Maggi Masala Ae Magic,0.58,6,0,0.54,72,TRUE,72,low,0
Munchies,Maggi Masala Ae Magic,0.58,6,0,0.54,72,TRUE,72,low,0
Fruits & Vegetables,Pomegranate Peeled,0.58,15,2,0.49,100,FALSE,100,low,200
Fruits & Vegetables,Watermelon ,0.58,15,3,0.49,58,FALSE,1,low,174
Cooking Essentials,Amul Mithai Mate Condensed Sweetened Milk,0.56,3,4,0.54,200,FALSE,200,low,800
Munchies,Amul Mithai Mate Condensed Sweetened Milk,0.56,3,4,0.54,200,FALSE,200,low,800
"Dairy, Bread & Batter",Amul Mithai Mate Condensed Sweetened Milk,0.56,3,4,0.54,200,FALSE,200,low,800
Beverages,Amul Mithai Mate Condensed Sweetened Milk,0.56,3,4,0.54,200,FALSE,200,low,800
Cooking Essentials,Satyam Nighties Spices  Chilli Pandi,0.56,7,5,0.52,100,FALSE,100,low,500
Munchies,Satyam Nighties Spices  Chilli Pandi,0.56,7,5,0.52,100,FALSE,100,low,500
Home & Cleaning,"""Godrej Aer Power Pocket - Long Lasting Bathroom Fragrance Fresh Blossom""",0.55,0,6,0.55,10,FALSE,10,low,60
Packaged Food,Aashirvaad Instant Meals - Khatta Meetha Pohaa With Millets,0.55,30,5,0.38,80,FALSE,80,low,400
Ice Cream & Desserts,Aashirvaad Instant Meals - Khatta Meetha Pohaa With Millets,0.55,30,5,0.38,80,FALSE,80,low,400
Chocolates & Candies,Aashirvaad Instant Meals - Khatta Meetha Pohaa With Millets,0.55,30,5,0.38,80,FALSE,80,low,400
Packaged Food,Aashirvaad Suji Halwa With Jaggery,0.55,30,6,0.38,80,FALSE,80,low,480
Ice Cream & Desserts,Aashirvaad Suji Halwa With Jaggery,0.55,30,6,0.38,80,FALSE,80,low,480
Chocolates & Candies,Aashirvaad Suji Halwa With Jaggery,0.55,30,6,0.38,80,FALSE,80,low,480
"Dairy, Bread & Batter",Britannia Multigrain Bread ,0.55,0,4,0.55,400,FALSE,400,low,1600
Beverages,Britannia Multigrain Bread ,0.55,0,4,0.55,400,FALSE,400,low,1600
Packaged Food,Ching's Instant Hot and Sour Soup,0.55,0,5,0.55,55,FALSE,55,low,275
Ice Cream & Desserts,Ching's Instant Hot and Sour Soup,0.55,0,5,0.55,55,FALSE,55,low,275
Chocolates & Candies,Ching's Instant Hot and Sour Soup,0.55,0,5,0.55,55,FALSE,55,low,275
Packaged Food,Ching's Red Chilli Sauce,0.55,0,6,0.55,200,FALSE,200,low,1200
Ice Cream & Desserts,Ching's Red Chilli Sauce,0.55,0,6,0.55,200,FALSE,200,low,1200
Chocolates & Candies,Ching's Red Chilli Sauce,0.55,0,6,0.55,200,FALSE,200,low,1200
Packaged Food,Ching's Secret Manchow Soup,0.55,0,3,0.55,55,FALSE,55,low,165
Ice Cream & Desserts,Ching's Secret Manchow Soup,0.55,0,3,0.55,55,FALSE,55,low,165
Chocolates & Candies,Ching's Secret Manchow Soup,0.55,0,3,0.55,55,FALSE,55,low,165
Packaged Food,"Ching's Secret Sauce, Green Chilli",0.55,0,5,0.55,190,FALSE,190,low,950
Ice Cream & Desserts,"Ching's Secret Sauce, Green Chilli",0.55,0,5,0.55,190,FALSE,190,low,950
Chocolates & Candies,"Ching's Secret Sauce, Green Chilli",0.55,0,5,0.55,190,FALSE,190,low,950
Packaged Food,Ching's Secret Sweet Corn Soup,0.55,0,6,0.55,55,FALSE,55,low,330
Ice Cream & Desserts,Ching's Secret Sweet Corn Soup,0.55,0,6,0.55,55,FALSE,55,low,330
Chocolates & Candies,Ching's Secret Sweet Corn Soup,0.55,0,6,0.55,55,FALSE,55,low,330
Packaged Food,Ching's Secret Tomato Soup,0.55,0,6,0.55,55,FALSE,55,low,330
Ice Cream & Desserts,Ching's Secret Tomato Soup,0.55,0,6,0.55,55,FALSE,55,low,330
Chocolates & Candies,Ching's Secret Tomato Soup,0.55,0,6,0.55,55,FALSE,55,low,330
Packaged Food,Del Monte Green Chili Sauce,0.55,0,3,0.55,190,FALSE,190,low,570
Ice Cream & Desserts,Del Monte Green Chili Sauce,0.55,0,3,0.55,190,FALSE,190,low,570
Chocolates & Candies,Del Monte Green Chili Sauce,0.55,0,3,0.55,190,FALSE,190,low,570
Packaged Food,Del Monte Natural Vinegar ,0.55,3,0,0.53,180,TRUE,180,low,0
Ice Cream & Desserts,Del Monte Natural Vinegar ,0.55,3,0,0.53,180,TRUE,180,low,0
Chocolates & Candies,Del Monte Natural Vinegar ,0.55,3,0,0.53,180,TRUE,180,low,0
Packaged Food,Del Monte Red Chili Sauce,0.55,0,5,0.55,190,FALSE,190,low,950
Ice Cream & Desserts,Del Monte Red Chili Sauce,0.55,0,5,0.55,190,FALSE,190,low,950
Chocolates & Candies,Del Monte Red Chili Sauce,0.55,0,5,0.55,190,FALSE,190,low,950
Packaged Food,Del Monte Schezwan Sauce,0.55,0,0,0.55,190,TRUE,190,low,0
Ice Cream & Desserts,Del Monte Schezwan Sauce,0.55,0,0,0.55,190,TRUE,190,low,0
Chocolates & Candies,Del Monte Schezwan Sauce,0.55,0,0,0.55,190,TRUE,190,low,0
Biscuits,Dukes Sour & Cream Onion Nibbles Baked,0.55,25,3,0.41,150,FALSE,150,low,450
Cooking Essentials,Everest Tea Masala,0.55,9,2,0.5,50,FALSE,50,low,100
Munchies,Everest Tea Masala,0.55,9,2,0.5,50,FALSE,50,low,100
Cooking Essentials,Gits Dessert Mix China Grass Bombay Halwa,0.55,0,4,0.55,80,FALSE,80,low,320
Munchies,Gits Dessert Mix China Grass Bombay Halwa,0.55,0,4,0.55,80,FALSE,80,low,320
Personal Care,Godrej Aer Power Pocket - Long Lasting Bathroom Fragrance Floral Delight,0.55,0,6,0.55,10,FALSE,10,low,60
Paan Corner,Godrej Aer Power Pocket - Long Lasting Bathroom Fragrance Floral Delight,0.55,0,6,0.55,10,FALSE,10,low,60
Home & Cleaning,Godrej Aer Power Pocket - Long Lasting Bathroom Fragrance Lavender Bloom,0.55,0,4,0.55,10,FALSE,10,low,40
Home & Cleaning,Godrej Aer Power Pocket Berry Rush,0.55,0,3,0.55,10,FALSE,10,low,30
Personal Care,Godrej Cinthol Lime Talc,0.55,0,3,0.55,100,FALSE,100,low,300
Paan Corner,Godrej Cinthol Lime Talc,0.55,0,3,0.55,100,FALSE,100,low,300
Packaged Food,Knorr Chinese Hot And Sour Veg Soup,0.55,3,1,0.53,43,FALSE,43,low,43
Ice Cream & Desserts,Knorr Chinese Hot And Sour Veg Soup,0.55,3,1,0.53,43,FALSE,43,low,43
Chocolates & Candies,Knorr Chinese Hot And Sour Veg Soup,0.55,3,1,0.53,43,FALSE,43,low,43
Packaged Food,"Knorr Classic Tomato Soup With 100% Real Vegetabls, No Added Preservatives",0.55,0,6,0.55,53,FALSE,53,low,318
Ice Cream & Desserts,"Knorr Classic Tomato Soup With 100% Real Vegetabls, No Added Preservatives",0.55,0,6,0.55,53,FALSE,53,low,318
Chocolates & Candies,"Knorr Classic Tomato Soup With 100% Real Vegetabls, No Added Preservatives",0.55,0,6,0.55,53,FALSE,53,low,318
Packaged Food,Knorr Sweet Corn Chicken Soup,0.55,0,2,0.55,42,FALSE,42,low,84
Ice Cream & Desserts,Knorr Sweet Corn Chicken Soup,0.55,0,2,0.55,42,FALSE,42,low,84
Chocolates & Candies,Knorr Sweet Corn Chicken Soup,0.55,0,2,0.55,42,FALSE,42,low,84
Personal Care,Listerine Original Mouthwash,0.55,9,6,0.5,80,FALSE,80,low,480
Paan Corner,Listerine Original Mouthwash,0.55,9,6,0.5,80,FALSE,80,low,480
Packaged Food,Mother's Recipe Bhel Puri Chutney,0.55,9,4,0.5,200,FALSE,200,low,800
Ice Cream & Desserts,Mother's Recipe Bhel Puri Chutney,0.55,9,4,0.5,200,FALSE,200,low,800
Chocolates & Candies,Mother's Recipe Bhel Puri Chutney,0.55,9,4,0.5,200,FALSE,200,low,800
Packaged Food,Mothers Recipe Tamrind Date Chutney ,0.55,9,2,0.5,200,FALSE,200,low,400
Ice Cream & Desserts,Mothers Recipe Tamrind Date Chutney ,0.55,9,2,0.5,200,FALSE,200,low,400
Chocolates & Candies,Mothers Recipe Tamrind Date Chutney ,0.55,9,2,0.5,200,FALSE,200,low,400
Packaged Food,MTR Roasted Vermicelli ,0.55,0,1,0.55,400,FALSE,400,low,400
Ice Cream & Desserts,MTR Roasted Vermicelli ,0.55,0,1,0.55,400,FALSE,400,low,400
Chocolates & Candies,MTR Roasted Vermicelli ,0.55,0,1,0.55,400,FALSE,400,low,400
Home & Cleaning,Odonil Zipper Blissful Citrus,0.55,0,1,0.55,10,FALSE,10,low,10
Cooking Essentials,Popular Essentials Black Brown Chana (Un-Polished),0.55,9,0,0.5,500,TRUE,500,low,0
Munchies,Popular Essentials Black Brown Chana (Un-Polished),0.55,9,0,0.5,500,TRUE,500,low,0
Cooking Essentials,Popular Essentials Dhania (Coriander Seeds),0.55,16,4,0.46,200,FALSE,200,low,800
Munchies,Popular Essentials Dhania (Coriander Seeds),0.55,16,4,0.46,200,FALSE,200,low,800
Home & Cleaning,Pril Bar Tub,0.55,0,1,0.55,500,FALSE,500,low,500
Packaged Food,The Whole Truth Cranberry Mini Protein Bar No Sugar,0.55,20,6,0.44,27,FALSE,27,low,162
Ice Cream & Desserts,The Whole Truth Cranberry Mini Protein Bar No Sugar,0.55,20,6,0.44,27,FALSE,27,low,162
Chocolates & Candies,The Whole Truth Cranberry Mini Protein Bar No Sugar,0.55,20,6,0.44,27,FALSE,27,low,162
Packaged Food,The Whole Truth Double Cocoa Mini Protein Bar No Sugar,0.55,20,5,0.44,27,FALSE,27,low,135
Ice Cream & Desserts,The Whole Truth Double Cocoa Mini Protein Bar No Sugar,0.55,20,5,0.44,27,FALSE,27,low,135
Chocolates & Candies,The Whole Truth Double Cocoa Mini Protein Bar No Sugar,0.55,20,5,0.44,27,FALSE,27,low,135
Packaged Food,The Whole Truth Mini Protein Bar - Coconut Cocoa No Added Sugar,0.55,25,6,0.41,27,FALSE,27,low,162
Ice Cream & Desserts,The Whole Truth Mini Protein Bar - Coconut Cocoa No Added Sugar,0.55,25,6,0.41,27,FALSE,27,low,162
Chocolates & Candies,The Whole Truth Mini Protein Bar - Coconut Cocoa No Added Sugar,0.55,25,6,0.41,27,FALSE,27,low,162
Packaged Food,The Whole Truth Mini Protein Bar - Coffee Cocoa No Added Sugar,0.55,20,6,0.44,27,FALSE,27,low,162
Ice Cream & Desserts,The Whole Truth Mini Protein Bar - Coffee Cocoa No Added Sugar,0.55,20,6,0.44,27,FALSE,27,low,162
Chocolates & Candies,The Whole Truth Mini Protein Bar - Coffee Cocoa No Added Sugar,0.55,20,6,0.44,27,FALSE,27,low,162
Packaged Food,The Whole Truth Mini Protein Bar - Peanut Butter No Added Sugar,0.55,25,6,0.41,27,FALSE,27,low,162
Ice Cream & Desserts,The Whole Truth Mini Protein Bar - Peanut Butter No Added Sugar,0.55,25,6,0.41,27,FALSE,27,low,162
Chocolates & Candies,The Whole Truth Mini Protein Bar - Peanut Butter No Added Sugar,0.55,25,6,0.41,27,FALSE,27,low,162
Packaged Food,The Whole Truth Peanut Cocoa Mini Protein Bar No Sugar ,0.55,25,6,0.41,27,FALSE,27,low,162
Ice Cream & Desserts,The Whole Truth Peanut Cocoa Mini Protein Bar No Sugar ,0.55,25,6,0.41,27,FALSE,27,low,162
Chocolates & Candies,The Whole Truth Peanut Cocoa Mini Protein Bar No Sugar ,0.55,25,6,0.41,27,FALSE,27,low,162
Fruits & Vegetables,Banana Nendran,0.54,16,6,0.45,500,FALSE,500,low,3000
Fruits & Vegetables,Banana Red,0.54,16,6,0.45,500,FALSE,500,low,3000
Cooking Essentials,D'lecta Dairy Cream,0.54,5,6,0.51,200,FALSE,200,low,1200
Munchies,D'lecta Dairy Cream,0.54,5,6,0.51,200,FALSE,200,low,1200
"Dairy, Bread & Batter",D'lecta Dairy Cream,0.54,5,6,0.51,200,FALSE,200,low,1200
Beverages,D'lecta Dairy Cream,0.54,5,6,0.51,200,FALSE,200,low,1200
Health & Hygiene,"Eno Cooling Sachets - Cool Mint, 6 Pieces Carton",0.54,11,0,0.48,5,TRUE,5,low,0
Fruits & Vegetables,Guava,0.54,16,3,0.45,232,FALSE,4,low,696
Fruits & Vegetables,Orange,0.54,16,3,0.45,116,FALSE,2,low,348
Fruits & Vegetables,Papaya,0.54,16,3,0.45,58,FALSE,1,low,174
"Dairy, Bread & Batter",President Butter - Salted,0.54,0,6,0.54,100,FALSE,100,low,600
Beverages,President Butter - Salted,0.54,0,6,0.54,100,FALSE,100,low,600
Cooking Essentials,Aashirvaad Superior MP Whole Wheat Atta,0.53,1,0,0.52,1000,TRUE,1,low,0
Munchies,Aashirvaad Superior MP Whole Wheat Atta,0.53,1,0,0.52,1000,TRUE,1,low,0
Cooking Essentials,Pillsbury Chakki Fresh Atta,0.52,0,4,0.52,1000,FALSE,1,low,4000
Munchies,Pillsbury Chakki Fresh Atta,0.52,0,4,0.52,1000,FALSE,1,low,4000
Fruits & Vegetables,Tender Coconut,0.51,15,3,0.43,58,FALSE,1,low,174
"Dairy, Bread & Batter",Amul Butter - Pasteurised,0.5,2,6,0.49,100,FALSE,100,low,600
Beverages,Amul Butter - Pasteurised,0.5,2,6,0.49,100,FALSE,100,low,600
Biscuits,Britannia Good Day Chunky Cookies,0.5,15,6,0.425,120,FALSE,120,low,720
Biscuits,Britannia Toastea Premium Bake Rusk,0.5,6,0,0.47,300,TRUE,300,low,0
Home & Cleaning,Chakaachak Floor Cleaning Pocha,0.5,2,6,0.49,58,FALSE,1,low,348
Home & Cleaning,Chakaachak Floor Pocha Large,0.5,0,1,0.5,58,FALSE,1,low,58
Packaged Food,Ching's Secret Chilli Vinegar,0.5,0,4,0.5,170,FALSE,170,low,680
Ice Cream & Desserts,Ching's Secret Chilli Vinegar,0.5,0,4,0.5,170,FALSE,170,low,680
Chocolates & Candies,Ching's Secret Chilli Vinegar,0.5,0,4,0.5,170,FALSE,170,low,680
Personal Care,Closeup Everfresh+ Anti-Germ Gel Toothpaste Red Hot,0.5,2,1,0.49,80,FALSE,80,low,80
Paan Corner,Closeup Everfresh+ Anti-Germ Gel Toothpaste Red Hot,0.5,2,1,0.49,80,FALSE,80,low,80
Personal Care,Colgate Sensitive Soft Bristles Toothbrush,0.5,0,6,0.5,58,FALSE,1,low,348
Paan Corner,Colgate Sensitive Soft Bristles Toothbrush,0.5,0,6,0.5,58,FALSE,1,low,348
Cooking Essentials,Dabur Ginger Garlic Paste,0.5,6,0,0.47,200,TRUE,200,low,0
Munchies,Dabur Ginger Garlic Paste,0.5,6,0,0.47,200,TRUE,200,low,0
Cooking Essentials,Dabur Hommade - Garlic Paste,0.5,6,6,0.47,200,FALSE,200,low,1200
Munchies,Dabur Hommade - Garlic Paste,0.5,6,6,0.47,200,FALSE,200,low,1200
Cooking Essentials,Dabur Hommade - Ginger Paste,0.5,6,6,0.47,200,FALSE,200,low,1200
Munchies,Dabur Hommade - Ginger Paste,0.5,6,6,0.47,200,FALSE,200,low,1200
Biscuits,Dukes Nibbles - Ranch Crackers,0.5,0,6,0.5,150,FALSE,150,low,900
Home & Cleaning,Fevicol Mr.Original General Purpose White Glue ,0.5,2,6,0.49,105,FALSE,100,low,630
Cooking Essentials,Flying Bird Butter Scotch Essence,0.5,2,6,0.49,20,FALSE,20,low,120
Munchies,Flying Bird Butter Scotch Essence,0.5,2,6,0.49,20,FALSE,20,low,120
Cooking Essentials,Flying Bird Food Essence - Kewra,0.5,0,6,0.5,20,FALSE,20,low,120
Munchies,Flying Bird Food Essence - Kewra,0.5,0,6,0.5,20,FALSE,20,low,120
Cooking Essentials,Flying Bird Pineapple Artifical Food Essence,0.5,2,6,0.49,20,FALSE,20,low,120
Munchies,Flying Bird Pineapple Artifical Food Essence,0.5,2,6,0.49,20,FALSE,20,low,120
Cooking Essentials,Maggi Chilly Chow Cuppa Noodles,0.5,0,0,0.5,70,TRUE,70,low,0
Munchies,Maggi Chilly Chow Cuppa Noodles,0.5,0,0,0.5,70,TRUE,70,low,0
Packaged Food,Maggi Chilly Chow Cuppa Noodles,0.5,0,0,0.5,70,TRUE,70,low,0
Ice Cream & Desserts,Maggi Chilly Chow Cuppa Noodles,0.5,0,0,0.5,70,TRUE,70,low,0
Chocolates & Candies,Maggi Chilly Chow Cuppa Noodles,0.5,0,0,0.5,70,TRUE,70,low,0
Health & Hygiene,Moov Cream Regular,0.5,6,4,0.47,10,FALSE,10,low,40
Packaged Food,Mother's Recipe Ginger And Garlic Paste,0.5,24,0,0.38,200,TRUE,200,low,0
Ice Cream & Desserts,Mother's Recipe Ginger And Garlic Paste,0.5,24,0,0.38,200,TRUE,200,low,0
Chocolates & Candies,Mother's Recipe Ginger And Garlic Paste,0.5,24,0,0.38,200,TRUE,200,low,0
Packaged Food,Mother's Recipe Madras Appalam,0.5,10,6,0.45,100,FALSE,100,low,600
Ice Cream & Desserts,Mother's Recipe Madras Appalam,0.5,10,6,0.45,100,FALSE,100,low,600
Chocolates & Candies,Mother's Recipe Madras Appalam,0.5,10,6,0.45,100,FALSE,100,low,600
Cooking Essentials,Mother's Recipe Tamarind Paste,0.5,2,6,0.49,200,FALSE,200,low,1200
Cooking Essentials,Mother's Recipe Tamarind Paste,0.5,2,2,0.49,200,FALSE,200,low,400
Munchies,Mother's Recipe Tamarind Paste,0.5,2,6,0.49,200,FALSE,200,low,1200
Munchies,Mother's Recipe Tamarind Paste,0.5,2,2,0.49,200,FALSE,200,low,400
Packaged Food,Mother's Recipe Tamarind Paste,0.5,2,6,0.49,200,FALSE,200,low,1200
Packaged Food,Mother's Recipe Tamarind Paste,0.5,2,2,0.49,200,FALSE,200,low,400
Ice Cream & Desserts,Mother's Recipe Tamarind Paste,0.5,2,6,0.49,200,FALSE,200,low,1200
Ice Cream & Desserts,Mother's Recipe Tamarind Paste,0.5,2,2,0.49,200,FALSE,200,low,400
Chocolates & Candies,Mother's Recipe Tamarind Paste,0.5,2,6,0.49,200,FALSE,200,low,1200
Chocolates & Candies,Mother's Recipe Tamarind Paste,0.5,2,2,0.49,200,FALSE,200,low,400
Packaged Food,MTR Upma,0.5,10,6,0.45,160,FALSE,160,low,960
Ice Cream & Desserts,MTR Upma,0.5,10,6,0.45,160,FALSE,160,low,960
Chocolates & Candies,MTR Upma,0.5,10,6,0.45,160,FALSE,160,low,960
Cooking Essentials,Nissin Cup Noodles Tangy Tomato,0.5,10,2,0.45,70,FALSE,70,low,140
Munchies,Nissin Cup Noodles Tangy Tomato,0.5,10,2,0.45,70,FALSE,70,low,140
Packaged Food,Nissin Cup Noodles Tangy Tomato,0.5,10,2,0.45,70,FALSE,70,low,140
Ice Cream & Desserts,Nissin Cup Noodles Tangy Tomato,0.5,10,2,0.45,70,FALSE,70,low,140
Chocolates & Candies,Nissin Cup Noodles Tangy Tomato,0.5,10,2,0.45,70,FALSE,70,low,140
Home & Cleaning,Odomos Mosquito Repellent Cream ,0.5,8,6,0.46,50,FALSE,50,low,300
Biscuits,Parle Hide & Seek Choco Rolls,0.5,2,4,0.49,120,FALSE,120,low,480
Cooking Essentials,Popular Essentials Ajwain Whole,0.5,12,2,0.44,100,FALSE,100,low,200
Munchies,Popular Essentials Ajwain Whole,0.5,12,2,0.44,100,FALSE,100,low,200
Cooking Essentials,Popular Essentials Black Til,0.5,6,4,0.47,100,FALSE,100,low,400
Munchies,Popular Essentials Black Til,0.5,6,4,0.47,100,FALSE,100,low,400
Cooking Essentials,Popular Essentials Chia Seeds,0.5,2,0,0.49,100,TRUE,100,low,0
Munchies,Popular Essentials Chia Seeds,0.5,2,0,0.49,100,TRUE,100,low,0
Cooking Essentials,Popular Essentials Jowa Flour,0.5,2,5,0.49,500,FALSE,500,low,2500
Munchies,Popular Essentials Jowa Flour,0.5,2,5,0.49,500,FALSE,500,low,2500
Cooking Essentials,Popular Essentials Pure Jaggery,0.5,2,6,0.49,450,FALSE,450,low,2700
Munchies,Popular Essentials Pure Jaggery,0.5,2,6,0.49,450,FALSE,450,low,2700
Cooking Essentials,Saffola Soya Chunks Mealmaker,0.5,0,2,0.5,200,FALSE,200,low,400
Munchies,Saffola Soya Chunks Mealmaker,0.5,0,2,0.5,200,FALSE,200,low,400
Home & Cleaning,Scotch Brite Power Scrub Pad,0.5,2,6,0.49,58,FALSE,1,low,348
Personal Care,Set Wet Style Vertical Hold Hair Gel,0.5,10,4,0.45,50,FALSE,50,low,200
Paan Corner,Set Wet Style Vertical Hold Hair Gel,0.5,10,4,0.45,50,FALSE,50,low,200
Home & Cleaning,Surabhi Pure Camphor,0.5,2,6,0.49,25,FALSE,25,low,150
Cooking Essentials,The Bake Shop Bread Crumbs,0.5,6,3,0.47,400,FALSE,400,low,1200
Munchies,The Bake Shop Bread Crumbs,0.5,6,3,0.47,400,FALSE,400,low,1200
Biscuits,Unibic Oatmeal Digestive Cookies ,0.5,6,6,0.47,150,FALSE,150,low,900
Biscuits,Unibic SugarFree - Butter Cookies,0.5,16,6,0.42,75,FALSE,75,low,450
Biscuits,Unibic SugarFree - Oatmeal Cookies,0.5,16,3,0.42,75,FALSE,75,low,225
Personal Care,Woodwards Gripe Water ,0.5,0,4,0.5,130,FALSE,130,low,520
Paan Corner,Woodwards Gripe Water ,0.5,0,4,0.5,130,FALSE,130,low,520
Packaged Food,Yoga Bar Breakfast Protein Bar - Blueberry Pie,0.5,12,1,0.44,50,FALSE,50,low,50
Ice Cream & Desserts,Yoga Bar Breakfast Protein Bar - Blueberry Pie,0.5,12,1,0.44,50,FALSE,50,low,50
Chocolates & Candies,Yoga Bar Breakfast Protein Bar - Blueberry Pie,0.5,12,1,0.44,50,FALSE,50,low,50
Cooking Essentials,Eastern Cumin Powder,0.49,2,6,0.48,100,FALSE,100,low,600
Munchies,Eastern Cumin Powder,0.49,2,6,0.48,100,FALSE,100,low,600
Cooking Essentials,Quaker Oats Breakfast Cereals - With Flavour Mix Nutritious Rich Source Of Energy,0.49,8,6,0.45,200,FALSE,200,low,1200
Munchies,Quaker Oats Breakfast Cereals - With Flavour Mix Nutritious Rich Source Of Energy,0.49,8,6,0.45,200,FALSE,200,low,1200
Packaged Food,Quaker Oats Breakfast Cereals - With Flavour Mix Nutritious Rich Source Of Energy,0.49,8,6,0.45,200,FALSE,200,low,1200
Ice Cream & Desserts,Quaker Oats Breakfast Cereals - With Flavour Mix Nutritious Rich Source Of Energy,0.49,8,6,0.45,200,FALSE,200,low,1200
Chocolates & Candies,Quaker Oats Breakfast Cereals - With Flavour Mix Nutritious Rich Source Of Energy,0.49,8,6,0.45,200,FALSE,200,low,1200
Cooking Essentials,Weikfield Falooda Mix - Kesar Pista,0.49,2,3,0.48,200,FALSE,200,low,600
Munchies,Weikfield Falooda Mix - Kesar Pista,0.49,2,3,0.48,200,FALSE,200,low,600
Cooking Essentials,Weikfield Falooda Mix - Mango,0.49,2,0,0.48,200,TRUE,200,low,0
Munchies,Weikfield Falooda Mix - Mango,0.49,2,0,0.48,200,TRUE,200,low,0
Cooking Essentials,24 Mantra Organic Wheat Daliya ,0.48,2,2,0.47,500,FALSE,500,low,1000
Munchies,24 Mantra Organic Wheat Daliya ,0.48,2,2,0.47,500,FALSE,500,low,1000
Personal Care,Dabur Gulabari Premium Rose Water,0.48,2,0,0.47,120,TRUE,120,low,0
Paan Corner,Dabur Gulabari Premium Rose Water,0.48,2,0,0.47,120,TRUE,120,low,0
Cooking Essentials,Dabur Hommade Tamarind Paste,0.48,6,6,0.45,200,FALSE,200,low,1200
Munchies,Dabur Hommade Tamarind Paste,0.48,6,6,0.45,200,FALSE,200,low,1200
Packaged Food,Dabur Hommade Tamarind Paste,0.48,6,6,0.45,200,FALSE,200,low,1200
Ice Cream & Desserts,Dabur Hommade Tamarind Paste,0.48,6,6,0.45,200,FALSE,200,low,1200
Chocolates & Candies,Dabur Hommade Tamarind Paste,0.48,6,6,0.45,200,FALSE,200,low,1200
Cooking Essentials,Eastern Fish Masala,0.48,2,5,0.47,100,FALSE,100,low,500
Munchies,Eastern Fish Masala,0.48,2,5,0.47,100,FALSE,100,low,500
"Meats, Fish & Eggs",Eastern Fish Masala,0.48,2,5,0.47,100,FALSE,100,low,500
Biscuits,Parle Rusk Elaichi,0.48,2,6,0.47,300,FALSE,300,low,1800
Cooking Essentials,Sunfeast Yippee! Magic Masala Noodles,0.48,6,0,0.45,240,TRUE,240,low,0
Munchies,Sunfeast Yippee! Magic Masala Noodles,0.48,6,0,0.45,240,TRUE,240,low,0
Packaged Food,Sunfeast Yippee! Magic Masala Noodles,0.48,6,0,0.45,240,TRUE,240,low,0
Ice Cream & Desserts,Sunfeast Yippee! Magic Masala Noodles,0.48,6,0,0.45,240,TRUE,240,low,0
Chocolates & Candies,Sunfeast Yippee! Magic Masala Noodles,0.48,6,0,0.45,240,TRUE,240,low,0
Cooking Essentials,Everest Tikhalal Hot & Red Chilly Powder,0.47,2,0,0.46,100,TRUE,100,low,0
Munchies,Everest Tikhalal Hot & Red Chilly Powder,0.47,2,0,0.46,100,TRUE,100,low,0
Fruits & Vegetables,Papaya Cut,0.46,15,3,0.39,200,FALSE,200,low,600
Cooking Essentials,Smith & Jones Pasta Masala,0.46,0,6,0.46,54,FALSE,54,low,324
Munchies,Smith & Jones Pasta Masala,0.46,0,6,0.46,54,FALSE,54,low,324
"Dairy, Bread & Batter",Britannia 100% Whole Wheat Bread,0.45,0,4,0.45,450,FALSE,450,low,1800
Beverages,Britannia 100% Whole Wheat Bread,0.45,0,4,0.45,450,FALSE,450,low,1800
Biscuits,Britannia Good Day Pista Badam,0.45,2,1,0.44,200,FALSE,200,low,200
Biscuits,Britannia Milk Bikis Cream Biscuit,0.45,0,0,0.45,200,TRUE,200,low,0
Biscuits,Britannia Nutri Choice Digestive Biscuit,0.45,0,1,0.45,200,FALSE,150,low,200
Biscuits,Britannia Treart Creme Wafers Chocolate,0.45,11,6,0.4,60,FALSE,1,low,360
Biscuits,Britannia Treat Creme Wafers - Orange,0.45,11,6,0.4,60,FALSE,60,low,360
Biscuits,Britannia Treat Creme Wafers - Vanilla,0.45,11,6,0.4,60,FALSE,1,low,360
Biscuits,Britannia Vita Marie Gold Biscuit,0.45,0,0,0.45,300,TRUE,300,low,0
Home & Cleaning,Chakaachak Sponge Scrubber (Pack of 2),0.45,2,6,0.44,116,FALSE,2,low,696
Health & Hygiene,Dabur Hajmola Imli Digestive Tablets,0.45,6,6,0.42,120,FALSE,120,low,720
Health & Hygiene,Dabur Hajmola Pudina - Digestive Tablets,0.45,6,6,0.42,120,FALSE,120,low,720
Health & Hygiene,Dabur Regular Hajmola,0.45,6,6,0.42,120,FALSE,120,low,720
Biscuits,Dukes Waffy Chocolate Wafers,0.45,51,4,0.22,60,FALSE,75,low,240
Biscuits,Dukes Waffy Orange Wafers,0.45,51,5,0.22,60,FALSE,75,low,300
Biscuits,Dukes Waffy Strawberry Wafers,0.45,51,2,0.22,60,FALSE,75,low,120
"Dairy, Bread & Batter",Epigamia Natural Greek Yogurt,0.45,0,6,0.45,90,FALSE,90,low,540
Beverages,Epigamia Natural Greek Yogurt,0.45,0,6,0.45,90,FALSE,90,low,540
Health & Hygiene,Hajmola Anardana Digestive Tablets,0.45,6,2,0.42,120,FALSE,180,low,240
Biscuits,McVitie's Oat Cookies,0.45,0,2,0.45,120,FALSE,120,low,240
Cooking Essentials,Popular Essentials Red Poha,0.45,4,6,0.43,500,FALSE,500,low,3000
Munchies,Popular Essentials Red Poha,0.45,4,6,0.43,500,FALSE,500,low,3000
Cooking Essentials,Popular Essentials Saunf/Fennel Seeds,0.45,2,6,0.44,100,FALSE,100,low,600
Munchies,Popular Essentials Saunf/Fennel Seeds,0.45,2,6,0.44,100,FALSE,100,low,600
Cooking Essentials,Suhana Mutton Gravy Mix,0.45,0,4,0.45,80,FALSE,80,low,320
Munchies,Suhana Mutton Gravy Mix,0.45,0,4,0.45,80,FALSE,80,low,320
Biscuits,Unibic Choco Kiss Cookies,0.45,15,5,0.38,75,FALSE,75,low,375
Home & Cleaning,Vim Dishwash Bar,0.45,0,0,0.45,600,TRUE,600,low,0
Cooking Essentials,Weikfield Veg Jelly Crystals - Mango,0.45,2,6,0.44,90,FALSE,90,low,540
Munchies,Weikfield Veg Jelly Crystals - Mango,0.45,2,6,0.44,90,FALSE,90,low,540
Cooking Essentials,Weikfield Veg Jelly Crystals - Orange,0.45,2,6,0.44,90,FALSE,90,low,540
Munchies,Weikfield Veg Jelly Crystals - Orange,0.45,2,6,0.44,90,FALSE,90,low,540
Cooking Essentials,Weikfield Veg Jelly Crystals - Raspberry,0.45,2,6,0.44,90,FALSE,90,low,540
Munchies,Weikfield Veg Jelly Crystals - Raspberry,0.45,2,6,0.44,90,FALSE,90,low,540
Cooking Essentials,Weikfield Veg Jelly Crystals - Strawberry,0.45,2,6,0.44,90,FALSE,90,low,540
Munchies,Weikfield Veg Jelly Crystals - Strawberry,0.45,2,6,0.44,90,FALSE,90,low,540
Health & Hygiene,Zandu Balm Ulter Power For Strong Headache Bodyache & Cold,0.45,8,6,0.41,8,FALSE,8,low,48
Cooking Essentials,Ching’s Secret Chowmein Hakka Noodles Masala ,0.44,0,2,0.44,60,FALSE,60,low,120
Munchies,Ching’s Secret Chowmein Hakka Noodles Masala ,0.44,0,2,0.44,60,FALSE,60,low,120
Packaged Food,Ching’s Secret Chowmein Hakka Noodles Masala ,0.44,0,2,0.44,60,FALSE,60,low,120
Ice Cream & Desserts,Ching’s Secret Chowmein Hakka Noodles Masala ,0.44,0,2,0.44,60,FALSE,60,low,120
Chocolates & Candies,Ching’s Secret Chowmein Hakka Noodles Masala ,0.44,0,2,0.44,60,FALSE,60,low,120
Cooking Essentials,Ching's Paneer Chilli Masala,0.44,0,4,0.44,60,FALSE,60,low,240
Munchies,Ching's Paneer Chilli Masala,0.44,0,4,0.44,60,FALSE,60,low,240
Cooking Essentials,Ching's Schezwan Fried Rice(Miracle Masala),0.44,0,5,0.44,60,FALSE,60,low,300
Munchies,Ching's Schezwan Fried Rice(Miracle Masala),0.44,0,5,0.44,60,FALSE,60,low,300
Cooking Essentials,Ching's Secret Veg Manchurian Masala,0.44,0,6,0.44,60,FALSE,60,low,360
Munchies,Ching's Secret Veg Manchurian Masala,0.44,0,6,0.44,60,FALSE,60,low,360
Cooking Essentials,Maggi 2-Minute Instant Noodles - Masala,0.44,0,0,0.44,280,TRUE,280,low,0
Munchies,Maggi 2-Minute Instant Noodles - Masala,0.44,0,0,0.44,280,TRUE,280,low,0
Packaged Food,Maggi 2-Minute Instant Noodles - Masala,0.44,0,0,0.44,280,TRUE,280,low,0
Ice Cream & Desserts,Maggi 2-Minute Instant Noodles - Masala,0.44,0,0,0.44,280,TRUE,280,low,0
Chocolates & Candies,Maggi 2-Minute Instant Noodles - Masala,0.44,0,0,0.44,280,TRUE,280,low,0
Cooking Essentials,Smith & Jones Shahi Paneer Masala Mix,0.44,0,6,0.44,60,FALSE,60,low,360
Munchies,Smith & Jones Shahi Paneer Masala Mix,0.44,0,6,0.44,60,FALSE,60,low,360
Cooking Essentials,Tata Sampann Poha,0.44,6,0,0.41,500,TRUE,500,low,0
Munchies,Tata Sampann Poha,0.44,6,0,0.41,500,TRUE,500,low,0
Cooking Essentials,Satyam Puffed Rice Kurmura (A),0.43,0,6,0.43,200,FALSE,200,low,1200
Munchies,Satyam Puffed Rice Kurmura (A),0.43,0,6,0.43,200,FALSE,200,low,1200
Fruits & Vegetables,Beans Broad,0.42,16,3,0.35,250,FALSE,250,low,750
"Dairy, Bread & Batter",Britannia Brown Bread ,0.42,0,4,0.42,400,FALSE,400,low,1600
Beverages,Britannia Brown Bread ,0.42,0,4,0.42,400,FALSE,400,low,1600
Home & Cleaning,Chakaachak Power Scrub (Pack of 2),0.42,2,6,0.41,116,FALSE,2,low,696
Cooking Essentials,Everest Amchur Powder,0.42,2,0,0.41,50,TRUE,50,low,0
Munchies,Everest Amchur Powder,0.42,2,0,0.41,50,TRUE,50,low,0
Cooking Essentials,Everest Garam Masala,0.42,2,2,0.41,50,FALSE,50,low,100
Munchies,Everest Garam Masala,0.42,2,2,0.41,50,FALSE,50,low,100
Cooking Essentials,Everest Shahi Paneer Masala,0.42,4,5,0.4,50,FALSE,50,low,250
Munchies,Everest Shahi Paneer Masala,0.42,4,5,0.4,50,FALSE,50,low,250
Packaged Food,MTR Seviyan Vermicelli ,0.42,0,2,0.42,400,FALSE,400,low,800
Ice Cream & Desserts,MTR Seviyan Vermicelli ,0.42,0,2,0.42,400,FALSE,400,low,800
Chocolates & Candies,MTR Seviyan Vermicelli ,0.42,0,2,0.42,400,FALSE,400,low,800
Fruits & Vegetables,Muskmelon,0.42,16,3,0.35,58,FALSE,1,low,174
Cooking Essentials,Smith & Jones Mutter Paneer Masala,0.42,0,6,0.42,60,FALSE,60,low,360
Munchies,Smith & Jones Mutter Paneer Masala,0.42,0,6,0.42,60,FALSE,60,low,360
Personal Care,Stayfree Secure Dry Cover Extra Large Sanitary Pad,0.42,2,0,0.41,406,TRUE,7,low,0
Paan Corner,Stayfree Secure Dry Cover Extra Large Sanitary Pad,0.42,2,0,0.41,406,TRUE,7,low,0
Health & Hygiene,Stayfree Secure Dry Cover Extra Large Sanitary Pad,0.42,2,0,0.41,406,TRUE,7,low,0
Fruits & Vegetables,Tomato Hybrid,0.42,16,3,0.35,1000,FALSE,1,low,3000
Fruits & Vegetables,Zucchini Yellow,0.42,16,3,0.35,250,FALSE,500,low,750
Fruits & Vegetables,Safal Frozen Corn,0.41,4,0,0.39,200,TRUE,200,low,0
Packaged Food,Safal Frozen Corn,0.41,4,0,0.39,200,TRUE,200,low,0
Ice Cream & Desserts,Safal Frozen Corn,0.41,4,0,0.39,200,TRUE,200,low,0
Chocolates & Candies,Safal Frozen Corn,0.41,4,0,0.39,200,TRUE,200,low,0
Cooking Essentials,24 Mantra Organic Puffed Rice,0.4,2,6,0.39,200,FALSE,200,low,1200
Munchies,24 Mantra Organic Puffed Rice,0.4,2,6,0.39,200,FALSE,200,low,1200
"Dairy, Bread & Batter",Amul Lite Spread,0.4,2,5,0.39,100,FALSE,100,low,500
Beverages,Amul Lite Spread,0.4,2,5,0.39,100,FALSE,100,low,500
Packaged Food,Amul Lite Spread,0.4,2,5,0.39,100,FALSE,100,low,500
Ice Cream & Desserts,Amul Lite Spread,0.4,2,5,0.39,100,FALSE,100,low,500
Chocolates & Candies,Amul Lite Spread,0.4,2,5,0.39,100,FALSE,100,low,500
Packaged Food,Bambino Popular Vermicelli ,0.4,2,3,0.39,400,FALSE,400,low,1200
Ice Cream & Desserts,Bambino Popular Vermicelli ,0.4,2,3,0.39,400,FALSE,400,low,1200
Chocolates & Candies,Bambino Popular Vermicelli ,0.4,2,3,0.39,400,FALSE,400,low,1200
Biscuits,Britannia Good Day Cashew Cookies Packet,0.4,5,0,0.38,200,TRUE,200,low,0
"Dairy, Bread & Batter",Britannia Healthy Slice Sandwich Bread,0.4,0,4,0.4,450,FALSE,450,low,1800
Beverages,Britannia Healthy Slice Sandwich Bread,0.4,0,4,0.4,450,FALSE,450,low,1800
Home & Cleaning,Chakaachak Mini Cloth Brush,0.4,2,1,0.39,58,FALSE,1,low,58
Health & Hygiene,Epigamia Fruit Yogurt Alphonso Mango,0.4,50,6,0.2,75,FALSE,75,low,450
Health & Hygiene,Epigamia Fruit Yogurt Strawberry,0.4,50,0,0.2,75,TRUE,75,low,0
Health & Hygiene,Epigamia Fruit Yogurt Vanilla,0.4,50,6,0.2,75,FALSE,75,low,450
Cooking Essentials,Everest Powder - Egg Curry Masala,0.4,2,6,0.39,50,FALSE,50,low,300
Munchies,Everest Powder - Egg Curry Masala,0.4,2,6,0.39,50,FALSE,50,low,300
"Meats, Fish & Eggs",Everest Powder - Egg Curry Masala,0.4,2,6,0.39,50,FALSE,50,low,300
Home & Cleaning,Fevistik Super Glue Stick,0.4,2,6,0.39,15,FALSE,15,low,90
Health & Hygiene,Iodex Body Pain Expert ,0.4,2,6,0.39,8,FALSE,8,low,48
Packaged Food,Maggi Magic Cubes Chicken,0.4,2,0,0.39,40,TRUE,40,low,0
Ice Cream & Desserts,Maggi Magic Cubes Chicken,0.4,2,0,0.39,40,TRUE,40,low,0
Chocolates & Candies,Maggi Magic Cubes Chicken,0.4,2,0,0.39,40,TRUE,40,low,0
Cooking Essentials,Maggi Magic Cubes Extra Chicken,0.4,2,6,0.39,48,FALSE,48,low,288
Munchies,Maggi Magic Cubes Extra Chicken,0.4,2,6,0.39,48,FALSE,48,low,288
Cooking Essentials,Parachute Oil ,0.4,7,3,0.37,100,FALSE,100,low,300
Munchies,Parachute Oil ,0.4,7,3,0.37,100,FALSE,100,low,300
Biscuits,Patanjali Atta Doodh Rusk,0.4,0,0,0.4,300,TRUE,300,low,0
Cooking Essentials,Popular Essentials Brown Sugar,0.4,0,0,0.4,500,TRUE,500,low,0
Munchies,Popular Essentials Brown Sugar,0.4,0,0,0.4,500,TRUE,500,low,0
Cooking Essentials,Popular Essentials Guntur Chilli Stemless,0.4,2,2,0.39,100,FALSE,100,low,200
Munchies,Popular Essentials Guntur Chilli Stemless,0.4,2,2,0.39,100,FALSE,100,low,200
Cooking Essentials,Popular Essentials Horse Gram,0.4,10,4,0.36,500,FALSE,500,low,2000
Munchies,Popular Essentials Horse Gram,0.4,10,4,0.36,500,FALSE,500,low,2000
Cooking Essentials,Popular Essentials Jeera/Cumin Seeds,0.4,5,3,0.38,100,FALSE,100,low,300
Munchies,Popular Essentials Jeera/Cumin Seeds,0.4,5,3,0.38,100,FALSE,100,low,300
Cooking Essentials,Popular Essentials Nylon Til,0.4,2,6,0.39,100,FALSE,100,low,600
Munchies,Popular Essentials Nylon Til,0.4,2,6,0.39,100,FALSE,100,low,600
Cooking Essentials,Popular Essentials White Til,0.4,5,1,0.38,100,FALSE,100,low,100
Munchies,Popular Essentials White Til,0.4,5,1,0.38,100,FALSE,100,low,100
Packaged Food,Smith & Jones Pink Pasta Sauce Mix,0.4,0,4,0.4,46,FALSE,46,low,184
Ice Cream & Desserts,Smith & Jones Pink Pasta Sauce Mix,0.4,0,4,0.4,46,FALSE,46,low,184
Chocolates & Candies,Smith & Jones Pink Pasta Sauce Mix,0.4,0,4,0.4,46,FALSE,46,low,184
Packaged Food,Smith & Jones Red Pasta Sauce Mix,0.4,0,6,0.4,46,FALSE,46,low,276
Ice Cream & Desserts,Smith & Jones Red Pasta Sauce Mix,0.4,0,6,0.4,46,FALSE,46,low,276
Chocolates & Candies,Smith & Jones Red Pasta Sauce Mix,0.4,0,6,0.4,46,FALSE,46,low,276
Packaged Food,Smith & Jones White Pasta Sauce Mix,0.4,0,3,0.4,46,FALSE,46,low,138
Ice Cream & Desserts,Smith & Jones White Pasta Sauce Mix,0.4,0,3,0.4,46,FALSE,46,low,138
Chocolates & Candies,Smith & Jones White Pasta Sauce Mix,0.4,0,3,0.4,46,FALSE,46,low,138
Cooking Essentials,Suhana Paneer Tikka Masala Mix,0.4,5,6,0.38,50,FALSE,50,low,300
Munchies,Suhana Paneer Tikka Masala Mix,0.4,5,6,0.38,50,FALSE,50,low,300
Cooking Essentials,Tata Salt Lite,0.4,10,6,0.36,1000,FALSE,1,low,6000
Munchies,Tata Salt Lite,0.4,10,6,0.36,1000,FALSE,1,low,6000
"Dairy, Bread & Batter",The Bake Shop Foot Long,0.4,0,1,0.4,200,FALSE,200,low,200
Beverages,The Bake Shop Foot Long,0.4,0,1,0.4,200,FALSE,200,low,200
"Dairy, Bread & Batter",The Bake Shop Whole Wheat Bread,0.4,0,0,0.4,400,TRUE,400,low,0
Beverages,The Bake Shop Whole Wheat Bread,0.4,0,0,0.4,400,TRUE,400,low,0
"Dairy, Bread & Batter",The Bake Shop Whole Wheat Ladi Pav,0.4,0,0,0.4,200,TRUE,200,low,0
Beverages,The Bake Shop Whole Wheat Ladi Pav,0.4,0,0,0.4,200,TRUE,200,low,0
Packaged Food,Unibic Almond & Oats Protein Bar,0.4,17,4,0.33,30,FALSE,30,low,120
Ice Cream & Desserts,Unibic Almond & Oats Protein Bar,0.4,17,4,0.33,30,FALSE,30,low,120
Chocolates & Candies,Unibic Almond & Oats Protein Bar,0.4,17,4,0.33,30,FALSE,30,low,120
Packaged Food,Unibic Fruit & Nut Real Cranberries & Almonds Protein Bar,0.4,17,6,0.33,30,FALSE,30,low,180
Ice Cream & Desserts,Unibic Fruit & Nut Real Cranberries & Almonds Protein Bar,0.4,17,6,0.33,30,FALSE,30,low,180
Chocolates & Candies,Unibic Fruit & Nut Real Cranberries & Almonds Protein Bar,0.4,17,6,0.33,30,FALSE,30,low,180
Biscuits,"Unibic Snack Bar - Multigrain, Choco",0.4,17,6,0.33,30,FALSE,30,low,180
Packaged Food,Yoga Bar Multigrain Energy Bar Nuts And Seeds,0.4,12,4,0.35,38,FALSE,38,low,152
Ice Cream & Desserts,Yoga Bar Multigrain Energy Bar Nuts And Seeds,0.4,12,4,0.35,38,FALSE,38,low,152
Chocolates & Candies,Yoga Bar Multigrain Energy Bar Nuts And Seeds,0.4,12,4,0.35,38,FALSE,38,low,152
Health & Hygiene,Zandu Balm,0.4,10,4,0.36,8,FALSE,8,low,32
Cooking Essentials,Everest Chicken Masala,0.39,2,1,0.38,50,FALSE,50,low,50
Munchies,Everest Chicken Masala,0.39,2,1,0.38,50,FALSE,50,low,50
Cooking Essentials,Everest Tandoori Chicken Masala,0.39,2,5,0.38,50,FALSE,50,low,250
Munchies,Everest Tandoori Chicken Masala,0.39,2,5,0.38,50,FALSE,50,low,250
"Meats, Fish & Eggs",Everest Tandoori Chicken Masala,0.39,2,5,0.38,50,FALSE,50,low,250
Cooking Essentials,Satyam Thin Poha Patla,0.38,7,0,0.35,500,TRUE,500,low,0
Munchies,Satyam Thin Poha Patla,0.38,7,0,0.35,500,TRUE,500,low,0
Fruits & Vegetables,Sweet Potato ,0.38,15,3,0.32,500,FALSE,500,low,1500
Cooking Essentials,Everest Kitchen King Masala,0.37,2,6,0.36,50,FALSE,50,low,300
Munchies,Everest Kitchen King Masala,0.37,2,6,0.36,50,FALSE,50,low,300
Cooking Essentials,Everest Pav Bhaji Masala,0.37,10,4,0.33,50,FALSE,50,low,200
Munchies,Everest Pav Bhaji Masala,0.37,10,4,0.33,50,FALSE,50,low,200
Cooking Essentials,Pillsbury Vanilla Custard Powder,0.37,2,6,0.36,100,FALSE,100,low,600
Munchies,Pillsbury Vanilla Custard Powder,0.37,2,6,0.36,100,FALSE,100,low,600
Cooking Essentials,Weikfield Vanilla Flavoured Custard Powder,0.37,0,6,0.37,100,FALSE,100,low,600
Munchies,Weikfield Vanilla Flavoured Custard Powder,0.37,0,6,0.37,100,FALSE,100,low,600
Fruits & Vegetables,Zama Organics Sweet Potato,0.37,16,3,0.31,250,FALSE,250,low,750
Fruits & Vegetables,Broccoli,0.36,16,3,0.3,500,FALSE,500,low,1500
Fruits & Vegetables,Coconut Big,0.36,16,3,0.3,58,FALSE,1,low,174
Fruits & Vegetables,Sweet Corn,0.36,16,3,0.3,116,FALSE,2,low,348
Cooking Essentials,"""Maggi Magic Cubes, Vegetarian Masala (Free 2 Cubes Inside)""",0.35,2,6,0.34,48,FALSE,48,low,288
Munchies,"""Maggi Magic Cubes, Vegetarian Masala (Free 2 Cubes Inside)""",0.35,2,6,0.34,48,FALSE,48,low,288
Cooking Essentials,"""Maggi Magic Cubes, Vegetarian Masala""",0.35,2,1,0.34,40,FALSE,40,low,40
Munchies,"""Maggi Magic Cubes, Vegetarian Masala""",0.35,2,1,0.34,40,FALSE,40,low,40
Cooking Essentials,24 Mantra Turmeric Powder,0.35,2,6,0.34,100,FALSE,100,low,600
Munchies,24 Mantra Turmeric Powder,0.35,2,6,0.34,100,FALSE,100,low,600
Fruits & Vegetables,Baby Corn Peeled,0.35,17,3,0.29,250,FALSE,250,low,750
Biscuits,Britannia Bourbon Chocolate Cream Biscuits,0.35,2,0,0.34,150,TRUE,150,low,0
"Dairy, Bread & Batter",Britannia Cheese Garlic Bread,0.35,0,0,0.35,300,TRUE,300,low,0
Beverages,Britannia Cheese Garlic Bread,0.35,0,0,0.35,300,TRUE,300,low,0
Biscuits,Britannia Nutri Choice Cracker Sugar Free Biscuit,0.35,0,0,0.35,300,TRUE,300,low,0
Biscuits,Britannia Pure Magic - Chocolush,0.35,2,6,0.34,100,FALSE,100,low,600
Biscuits,Britannia Pure Magic Vanilla Creme Biscuit,0.35,17,4,0.29,100,FALSE,100,low,400
Biscuits,Britannia Toastea Premium Bake Rusk,0.35,0,3,0.35,182,FALSE,182,low,546
Home & Cleaning,Chakaachak Super Scrub Pad (Pack of 3),0.35,2,2,0.34,174,FALSE,3,low,348
Cooking Essentials,Everest Chaat Masala,0.35,2,1,0.34,50,FALSE,50,low,50
Munchies,Everest Chaat Masala,0.35,2,1,0.34,50,FALSE,50,low,50
Cooking Essentials,Flying Bird Vanilla Essence,0.35,2,6,0.34,20,FALSE,20,low,120
Munchies,Flying Bird Vanilla Essence,0.35,2,6,0.34,20,FALSE,20,low,120
Home & Cleaning,Gala Scrubber Cleaner Home Everyday Scrub,0.35,2,6,0.34,58,FALSE,1,low,348
"Dairy, Bread & Batter",iD Curd Pouch,0.35,2,6,0.34,400,FALSE,400,low,2400
Beverages,iD Curd Pouch,0.35,2,6,0.34,400,FALSE,400,low,2400
Personal Care,Lux International Creamy White Soap Bar,0.35,2,6,0.34,75,FALSE,75,low,450
Paan Corner,Lux International Creamy White Soap Bar,0.35,2,6,0.34,75,FALSE,75,low,450
Fruits & Vegetables,Mixed Sprouts,0.35,17,3,0.29,200,FALSE,200,low,600
Fruits & Vegetables,Moong Sprouts,0.35,17,0,0.29,200,TRUE,200,low,0
"Dairy, Bread & Batter",Nestle A+ Nourish Dahi,0.35,2,6,0.34,200,FALSE,200,low,1200
Beverages,Nestle A+ Nourish Dahi,0.35,2,6,0.34,200,FALSE,200,low,1200
Biscuits,Open Secret Choco Almond Tiffin Pack,0.35,22,3,0.27,25,FALSE,25,low,75
Biscuits,Open Secret White Choco Tiffin Pack,0.35,22,1,0.27,25,FALSE,25,low,25
Biscuits,Parle Fab! Jam-In Cream Filled ,0.35,2,0,0.34,150,TRUE,150,low,0
Biscuits,Parle Milano Mixed Berries Cookies,0.35,2,3,0.34,75,FALSE,75,low,225
Packaged Food,Pedigree Puppy Chicken Chunks in Gravy ,0.35,2,0,0.34,70,TRUE,70,low,0
Ice Cream & Desserts,Pedigree Puppy Chicken Chunks in Gravy ,0.35,2,0,0.34,70,TRUE,70,low,0
Chocolates & Candies,Pedigree Puppy Chicken Chunks in Gravy ,0.35,2,0,0.34,70,TRUE,70,low,0
Cooking Essentials,Popular Essentials Bansi Sooji,0.35,2,3,0.34,500,FALSE,500,low,1500
Munchies,Popular Essentials Bansi Sooji,0.35,2,3,0.34,500,FALSE,500,low,1500
Cooking Essentials,Popular Essentials Broken Wheat/Daliya,0.35,2,6,0.34,500,FALSE,500,low,3000
Munchies,Popular Essentials Broken Wheat/Daliya,0.35,2,6,0.34,500,FALSE,500,low,3000
Cooking Essentials,Popular Essentials Chiroti Sooji,0.35,2,6,0.34,500,FALSE,500,low,3000
Munchies,Popular Essentials Chiroti Sooji,0.35,2,6,0.34,500,FALSE,500,low,3000
Cooking Essentials,Popular Essentials Cinnamon Whole (Dalchini),0.35,5,6,0.33,25,FALSE,25,low,150
Munchies,Popular Essentials Cinnamon Whole (Dalchini),0.35,5,6,0.33,25,FALSE,25,low,150
Fruits & Vegetables,Potato,0.35,17,3,0.29,1000,FALSE,1,low,3000
Cooking Essentials,Satyam Poha Jada,0.35,8,0,0.32,500,TRUE,500,low,0
Munchies,Satyam Poha Jada,0.35,8,0,0.32,500,TRUE,500,low,0
Biscuits,Sunfeast Dark Fantasy Bourbon Bliss,0.35,17,0,0.29,150,TRUE,150,low,0
Biscuits,Sunfeast Dark Fantasy Bourbon Bliss,0.35,0,0,0.35,150,TRUE,150,low,0
Biscuits,Sunfeast Dark Fantasy Choco Fills,0.35,8,0,0.32,75,TRUE,75,low,0
Cooking Essentials,Tata Tea Gold,0.35,0,0,0.35,100,TRUE,200,low,0
Munchies,Tata Tea Gold,0.35,0,0,0.35,100,TRUE,200,low,0
Fruits & Vegetables,Tomato Cherry ,0.35,17,3,0.29,200,FALSE,200,low,600
Packaged Food,Whiskas Wet  Meal (Adult - Cat Food)  Chicken in Gravy,0.35,2,2,0.34,85,FALSE,85,low,170
Ice Cream & Desserts,Whiskas Wet  Meal (Adult - Cat Food)  Chicken in Gravy,0.35,2,2,0.34,85,FALSE,85,low,170
Chocolates & Candies,Whiskas Wet  Meal (Adult - Cat Food)  Chicken in Gravy,0.35,2,2,0.34,85,FALSE,85,low,170
Packaged Food,Whiskas Wet  Meal (Kitten - Cat Food)  Chicken in Gravy,0.35,5,2,0.33,85,FALSE,85,low,170
Ice Cream & Desserts,Whiskas Wet  Meal (Kitten - Cat Food)  Chicken in Gravy,0.35,5,2,0.33,85,FALSE,85,low,170
Chocolates & Candies,Whiskas Wet  Meal (Kitten - Cat Food)  Chicken in Gravy,0.35,5,2,0.33,85,FALSE,85,low,170
Fruits & Vegetables,Zucchini Green,0.35,17,3,0.29,250,FALSE,250,low,750
Cooking Essentials,Everest Sambhar Masala,0.34,2,0,0.33,50,TRUE,50,low,0
Munchies,Everest Sambhar Masala,0.34,2,0,0.33,50,TRUE,50,low,0
Fruits & Vegetables,Beans French,0.33,15,3,0.28,250,FALSE,250,low,750
"Dairy, Bread & Batter",Britannia Sandwich White Bread,0.33,0,4,0.33,350,FALSE,350,low,1400
Beverages,Britannia Sandwich White Bread,0.33,0,4,0.33,350,FALSE,350,low,1400
Home & Cleaning,Dettol Antiseptic Liquid,0.33,0,4,0.33,60,FALSE,60,low,240
Health & Hygiene,Dettol Antiseptic Liquid,0.33,0,4,0.33,60,FALSE,60,low,240
Cooking Essentials,Everest Chole Masala,0.33,3,1,0.32,50,FALSE,50,low,50
Munchies,Everest Chole Masala,0.33,3,1,0.32,50,FALSE,50,low,50
Cooking Essentials,Everest Rajma Masala,0.33,3,5,0.32,50,FALSE,50,low,250
Munchies,Everest Rajma Masala,0.33,3,5,0.32,50,FALSE,50,low,250
Personal Care,"Godrej Expert Rich Crème, Burgundy",0.33,0,6,0.33,20,FALSE,20,low,120
Paan Corner,"Godrej Expert Rich Crème, Burgundy",0.33,0,6,0.33,20,FALSE,20,low,120
Cooking Essentials,Weikfield Baking Powder,0.33,3,6,0.32,100,FALSE,100,low,600
Munchies,Weikfield Baking Powder,0.33,3,6,0.32,100,FALSE,100,low,600
Fruits & Vegetables,Amla,0.32,15,3,0.27,250,FALSE,250,low,750
Biscuits,Britannia 50-50 Maska Chaska Biscuits,0.32,3,6,0.31,120,FALSE,120,low,720
Packaged Food,Ching's Secret Just Soak - Whole Wheat Veg Hakka Noodle,0.32,0,3,0.32,150,FALSE,150,low,450
Ice Cream & Desserts,Ching's Secret Just Soak - Whole Wheat Veg Hakka Noodle,0.32,0,3,0.32,150,FALSE,150,low,450
Chocolates & Candies,Ching's Secret Just Soak - Whole Wheat Veg Hakka Noodle,0.32,0,3,0.32,150,FALSE,150,low,450
Fruits & Vegetables,Coccinia,0.32,15,3,0.27,250,FALSE,250,low,750
Cooking Essentials,Everest Coriander Powder,0.32,3,0,0.31,100,TRUE,100,low,0
Munchies,Everest Coriander Powder,0.32,3,0,0.31,100,TRUE,100,low,0
Personal Care,Whisper Choice Sanitary Pad ,0.32,9,0,0.29,406,TRUE,7,low,0
Paan Corner,Whisper Choice Sanitary Pad ,0.32,9,0,0.29,406,TRUE,7,low,0
Health & Hygiene,Whisper Choice Sanitary Pad ,0.32,9,0,0.29,406,TRUE,7,low,0
Cooking Essentials,Everest Pani Puri Masala,0.31,3,6,0.3,50,FALSE,50,low,300
Munchies,Everest Pani Puri Masala,0.31,3,6,0.3,50,FALSE,50,low,300
"Dairy, Bread & Batter",Mother Dairy Ultra Full Cream Milk,0.31,0,4,0.31,500,FALSE,500,low,2000
Beverages,Mother Dairy Ultra Full Cream Milk,0.31,0,4,0.31,500,FALSE,500,low,2000
Packaged Food,Mothers Recipe Papad - Sabudana With Rock Salt,0.31,9,0,0.28,70,TRUE,70,low,0
Ice Cream & Desserts,Mothers Recipe Papad - Sabudana With Rock Salt,0.31,9,0,0.28,70,TRUE,70,low,0
Chocolates & Candies,Mothers Recipe Papad - Sabudana With Rock Salt,0.31,9,0,0.28,70,TRUE,70,low,0
Packaged Food,Mother's Recipe Potato Papad,0.31,9,0,0.28,70,TRUE,75,low,0
Ice Cream & Desserts,Mother's Recipe Potato Papad,0.31,9,0,0.28,70,TRUE,75,low,0
Chocolates & Candies,Mother's Recipe Potato Papad,0.31,9,0,0.28,70,TRUE,75,low,0
Biscuits,Baker Street Suji Rusk Large Pack,0.3,10,6,0.27,200,FALSE,200,low,1200
Fruits & Vegetables,Beans Cluster,0.3,16,3,0.25,250,FALSE,250,low,750
"Dairy, Bread & Batter",Britannia Atta Kulcha,0.3,0,0,0.3,250,TRUE,250,low,0
Beverages,Britannia Atta Kulcha,0.3,0,0,0.3,250,TRUE,250,low,0
"Dairy, Bread & Batter",Britannia Burger Bun with Sesame Seed,0.3,0,0,0.3,200,TRUE,200,low,0
Beverages,Britannia Burger Bun with Sesame Seed,0.3,0,0,0.3,200,TRUE,200,low,0
Biscuits,Britannia Good Day Choco Chip Cookies,0.3,3,6,0.29,100,FALSE,100,low,600
Biscuits,Britannia Good Day Nut Cookies,0.3,0,6,0.3,120,FALSE,120,low,720
Biscuits,Britannia Marie Gold Biscuits Packet,0.3,0,0,0.3,250,TRUE,250,low,0
Biscuits,Britannia Treat Burst Choco Creme Fills,0.3,0,3,0.3,120,FALSE,120,low,360
Biscuits,Cadbury Chocobakes Chocolate Filled Cookies ,0.3,0,5,0.3,75,FALSE,75,low,375
Biscuits,"Cadbury Oreo Creme Biscuit - Vanilla, Original 120 g",0.3,3,0,0.29,120,TRUE,120,low,0
Biscuits,Cadbury Oreo Strawberry Bicuits,0.3,3,0,0.29,120,TRUE,120,low,0
Fruits & Vegetables,Chilli Bhaji,0.3,16,3,0.25,250,FALSE,250,low,750
Packaged Food,Ching's Secret Just Soak - Veg Hakka Noodles,0.3,0,5,0.3,150,FALSE,150,low,750
Ice Cream & Desserts,Ching's Secret Just Soak - Veg Hakka Noodles,0.3,0,5,0.3,150,FALSE,150,low,750
Chocolates & Candies,Ching's Secret Just Soak - Veg Hakka Noodles,0.3,0,5,0.3,150,FALSE,150,low,750
Personal Care,Colgate Kids 0-2 Extra Soft Tooth Brush,0.3,16,6,0.25,58,FALSE,1,low,348
Paan Corner,Colgate Kids 0-2 Extra Soft Tooth Brush,0.3,16,6,0.25,58,FALSE,1,low,348
Home & Cleaning,Dettol Antiseptic Liquid,0.3,0,0,0.3,60,TRUE,60,low,0
Health & Hygiene,Dettol Antiseptic Liquid,0.3,0,0,0.3,60,TRUE,60,low,0
"Dairy, Bread & Batter",Epigamia Misti Doi,0.3,0,6,0.3,85,FALSE,85,low,510
Beverages,Epigamia Misti Doi,0.3,0,6,0.3,85,FALSE,85,low,510
Cooking Essentials,Everest Cumin Powder (Jeera),0.3,3,0,0.29,50,TRUE,50,low,0
Munchies,Everest Cumin Powder (Jeera),0.3,3,0,0.29,50,TRUE,50,low,0
Cooking Essentials,Everest Sabji Masala,0.3,3,6,0.29,50,FALSE,50,low,300
Munchies,Everest Sabji Masala,0.3,3,6,0.29,50,FALSE,50,low,300
Personal Care,Godrej Expert Creme Hair Natural Brown Colour ,0.3,0,6,0.3,20,FALSE,20,low,120
Paan Corner,Godrej Expert Creme Hair Natural Brown Colour ,0.3,0,6,0.3,20,FALSE,20,low,120
Personal Care,"Godrej Expert Rich Crème, Dark Brown",0.3,0,4,0.3,20,FALSE,20,low,80
Paan Corner,"Godrej Expert Rich Crème, Dark Brown",0.3,0,4,0.3,20,FALSE,20,low,80
Personal Care,"Godrej Expert Rich Crème, Natural Black",0.3,0,6,0.3,20,FALSE,20,low,120
Paan Corner,"Godrej Expert Rich Crème, Natural Black",0.3,0,6,0.3,20,FALSE,20,low,120
Personal Care,Lifebuoy Germ Protection Care Soap Bar,0.3,3,3,0.29,100,FALSE,125,low,300
Paan Corner,Lifebuoy Germ Protection Care Soap Bar,0.3,3,3,0.29,100,FALSE,125,low,300
Biscuits,McVitie's Butter Cookies,0.3,10,6,0.27,200,FALSE,200,low,1200
Biscuits,McVitie's Marie biscuits with Goodness of Calcium,0.3,0,6,0.3,250,FALSE,250,low,1500
Fruits & Vegetables,Methi,0.3,16,3,0.25,250,FALSE,250,low,750
"Dairy, Bread & Batter",Mother Dairy Classic Curd,0.3,3,6,0.29,400,FALSE,400,low,2400
Beverages,Mother Dairy Classic Curd,0.3,3,6,0.29,400,FALSE,400,low,2400
Home & Cleaning,Om Bhakti Gangajal Packed At Gangotri,0.3,3,6,0.29,220,FALSE,220,low,1320
Biscuits,Parle Fab Bourbon,0.3,0,3,0.3,150,FALSE,150,low,450
Biscuits,Parle Fab!o Vanilla Creme Sandwich Biscuit,0.3,3,6,0.29,120,FALSE,120,low,720
Biscuits,Parle Hide & Seek Choco Rolls,0.3,0,1,0.3,75,FALSE,75,low,75
Biscuits,Parle Hide & Seek Cookies With Added Almonds,0.3,3,1,0.29,100,FALSE,100,low,100
Cooking Essentials,Popular Essentials Cooking Soda,0.3,10,6,0.27,200,FALSE,200,low,1200
Munchies,Popular Essentials Cooking Soda,0.3,10,6,0.27,200,FALSE,200,low,1200
Cooking Essentials,Popular Essentials Idli Sooji ,0.3,6,6,0.28,500,FALSE,500,low,3000
Munchies,Popular Essentials Idli Sooji ,0.3,6,6,0.28,500,FALSE,500,low,3000
Fruits & Vegetables,Pumpkin Cut,0.3,16,3,0.25,200,FALSE,200,low,600
Fruits & Vegetables,Ridge Gourd,0.3,16,3,0.25,500,FALSE,500,low,1500
Fruits & Vegetables,Sapota,0.3,16,3,0.25,348,FALSE,6,low,1044
Home & Cleaning,Shubh kart - Nirmal sugandhi mogra wet dhoop zipper 20 sticks,0.3,6,6,0.28,1160,FALSE,20,medium,6960
Home & Cleaning,Shubh kart - Tejas Twisted Cotton Wicks 1000n,0.3,6,6,0.28,1000,FALSE,1000,low,6000
Personal Care,Stayfree Secure Cottony Soft Cover Sanitary Pad (Regular) with Wings,0.3,3,0,0.29,406,TRUE,7,low,0
Paan Corner,Stayfree Secure Cottony Soft Cover Sanitary Pad (Regular) with Wings,0.3,3,0,0.29,406,TRUE,7,low,0
Health & Hygiene,Stayfree Secure Cottony Soft Cover Sanitary Pad (Regular) with Wings,0.3,3,0,0.29,406,TRUE,7,low,0
Personal Care,Stayfree Secure Dry Cover Regular Sanitary Pad With Wings,0.3,3,6,0.29,406,FALSE,7,low,2436
Paan Corner,Stayfree Secure Dry Cover Regular Sanitary Pad With Wings,0.3,3,6,0.29,406,FALSE,7,low,2436
Health & Hygiene,Stayfree Secure Dry Cover Regular Sanitary Pad With Wings,0.3,3,6,0.29,406,FALSE,7,low,2436
Biscuits,Sunfeast Mom's Magic Cashew & Almond Cookies Packet,0.3,10,3,0.27,200,FALSE,200,low,600
Biscuits,Sunfeast Mom's Magic Rich Butter Cookies,0.3,10,6,0.27,200,FALSE,200,low,1200
Fruits & Vegetables,Sweet Lime,0.3,16,3,0.25,116,FALSE,2,low,348
"Dairy, Bread & Batter",The Bake Shop Pizza Base,0.3,0,1,0.3,150,FALSE,150,low,150
Beverages,The Bake Shop Pizza Base,0.3,0,1,0.3,150,FALSE,150,low,150
"Dairy, Bread & Batter",The Bake Shop Pizza Base Whole Wheat,0.3,0,0,0.3,150,TRUE,150,low,0
Beverages,The Bake Shop Pizza Base Whole Wheat,0.3,0,0,0.3,150,TRUE,150,low,0
"Dairy, Bread & Batter",The Bake Shop Premium White Sandwich Bread,0.3,0,1,0.3,400,FALSE,400,low,400
Beverages,The Bake Shop Premium White Sandwich Bread,0.3,0,1,0.3,400,FALSE,400,low,400
Biscuits,Unibic Daily Digestive (Multigrain Cookies),0.3,6,6,0.28,75,FALSE,75,low,450
Cooking Essentials,Weikfield Baking Soda,0.3,3,6,0.29,100,FALSE,100,low,600
Munchies,Weikfield Baking Soda,0.3,3,6,0.29,100,FALSE,100,low,600
Personal Care,Whisper Choice Regular Wing Sanitary Pad,0.3,0,2,0.3,406,FALSE,7,low,812
Paan Corner,Whisper Choice Regular Wing Sanitary Pad,0.3,0,2,0.3,406,FALSE,7,low,812
Health & Hygiene,Whisper Choice Regular Wing Sanitary Pad,0.3,0,2,0.3,406,FALSE,7,low,812
Fruits & Vegetables,Banana Robusta,0.29,17,3,0.24,348,FALSE,6,low,1044
Home & Cleaning,Chakaachak Super Strong Scrub,0.29,3,5,0.28,58,FALSE,1,low,290
Fruits & Vegetables,Colocasia ,0.29,17,6,0.24,500,FALSE,500,low,3000
Personal Care,Godrej Easy 5 Minute Natural Brown 4 Hair Colour,0.29,0,5,0.29,20,FALSE,20,low,100
Paan Corner,Godrej Easy 5 Minute Natural Brown 4 Hair Colour,0.29,0,5,0.29,20,FALSE,20,low,100
Biscuits,Britannia Marie Gold Biscuit,0.28,0,0,0.28,200,TRUE,200,low,0
Cooking Essentials,Sunfeast Pasta Treat Pack of Tomato Cheese,0.28,17,0,0.23,65,TRUE,65,low,0
Munchies,Sunfeast Pasta Treat Pack of Tomato Cheese,0.28,17,0,0.23,65,TRUE,65,low,0
Packaged Food,Sunfeast Pasta Treat Pack of Tomato Cheese,0.28,17,0,0.23,65,TRUE,65,low,0
Ice Cream & Desserts,Sunfeast Pasta Treat Pack of Tomato Cheese,0.28,17,0,0.23,65,TRUE,65,low,0
Chocolates & Candies,Sunfeast Pasta Treat Pack of Tomato Cheese,0.28,17,0,0.23,65,TRUE,65,low,0
Packaged Food,Sunfeast Yippee Tricolor Pasta Seasoning,0.28,17,1,0.23,65,FALSE,65,low,65
Ice Cream & Desserts,Sunfeast Yippee Tricolor Pasta Seasoning,0.28,17,1,0.23,65,FALSE,65,low,65
Chocolates & Candies,Sunfeast Yippee Tricolor Pasta Seasoning,0.28,17,1,0.23,65,FALSE,65,low,65
Cooking Essentials,Sunfeast Yippee! Pasta Treat - Sour Cream Onion,0.28,10,1,0.25,65,FALSE,65,low,65
Cooking Essentials,Sunfeast Yippee! Pasta Treat - Sour Cream Onion,0.28,17,3,0.23,65,FALSE,65,low,195
Munchies,Sunfeast Yippee! Pasta Treat - Sour Cream Onion,0.28,10,1,0.25,65,FALSE,65,low,65
Munchies,Sunfeast Yippee! Pasta Treat - Sour Cream Onion,0.28,17,3,0.23,65,FALSE,65,low,195
Packaged Food,Sunfeast Yippee! Pasta Treat - Sour Cream Onion,0.28,10,1,0.25,65,FALSE,65,low,65
Packaged Food,Sunfeast Yippee! Pasta Treat - Sour Cream Onion,0.28,17,3,0.23,65,FALSE,65,low,195
Ice Cream & Desserts,Sunfeast Yippee! Pasta Treat - Sour Cream Onion,0.28,10,1,0.25,65,FALSE,65,low,65
Ice Cream & Desserts,Sunfeast Yippee! Pasta Treat - Sour Cream Onion,0.28,17,3,0.23,65,FALSE,65,low,195
Chocolates & Candies,Sunfeast Yippee! Pasta Treat - Sour Cream Onion,0.28,10,1,0.25,65,FALSE,65,low,65
Chocolates & Candies,Sunfeast Yippee! Pasta Treat - Sour Cream Onion,0.28,17,3,0.23,65,FALSE,65,low,195
Fruits & Vegetables,Bottle Gourd ,0.26,15,3,0.22,58,FALSE,1,low,174
Fruits & Vegetables,Capsicum,0.26,19,3,0.21,500,FALSE,500,low,1500
Fruits & Vegetables,Cauliflower,0.26,15,3,0.22,58,FALSE,1,low,174
"Dairy, Bread & Batter",Amul Lactose Free Milk,0.25,4,0,0.24,250,TRUE,250,low,0
Beverages,Amul Lactose Free Milk,0.25,4,0,0.24,250,TRUE,250,low,0
Biscuits,Britannia Classic Little Hearts ,0.25,0,0,0.25,75,TRUE,75,low,0
Biscuits,Britannia Milk Bikis Milky Sandwich,0.25,0,0,0.25,120,TRUE,120,low,0
Biscuits,Britannia Nice Time Biscuit,0.25,0,0,0.25,150,TRUE,150,low,0
Biscuits,Britannia Nutri Choice Digestive Biscuits Packet,0.25,0,0,0.25,100,TRUE,100,low,0
Biscuits,Britannia Nutri Choice Oats Choco Almond Biscuit,0.25,10,0,0.225,100,TRUE,75,low,0
Biscuits,Britannia Nutri Choice Oats Milk Almond Biscuit,0.25,10,6,0.225,75,FALSE,75,low,450
Biscuits,Britannia Treat Jimjam Cream Biscuits ,0.25,0,0,0.25,100,TRUE,100,low,0
Biscuits,Britannnia 50-50 Sweet & Salty Biscuit,0.25,0,4,0.25,200,FALSE,200,low,800
Cooking Essentials,Dabur Ginger Garlic Paste,0.25,8,3,0.23,100,FALSE,100,low,300
Munchies,Dabur Ginger Garlic Paste,0.25,8,3,0.23,100,FALSE,100,low,300
Personal Care,Dettol Original Germ Protection Alcohol Based Hand Sanitizer,0.25,0,6,0.25,50,FALSE,50,low,300
Paan Corner,Dettol Original Germ Protection Alcohol Based Hand Sanitizer,0.25,0,6,0.25,50,FALSE,50,low,300
Health & Hygiene,Dettol Original Germ Protection Alcohol Based Hand Sanitizer,0.25,0,6,0.25,50,FALSE,50,low,300
Cooking Essentials,Everest Kasuri Methi,0.25,0,6,0.25,25,FALSE,25,low,150
Munchies,Everest Kasuri Methi,0.25,0,6,0.25,25,FALSE,25,low,150
Personal Care,Godrej Easy Natural Black Hair Colour,0.25,0,5,0.25,20,FALSE,20,low,100
Paan Corner,Godrej Easy Natural Black Hair Colour,0.25,0,5,0.25,20,FALSE,20,low,100
Fruits & Vegetables,Lettuce Iceberg,0.25,16,3,0.21,250,FALSE,250,low,750
Biscuits,Lotte Choco Pie Chocolate Cake,0.25,0,6,0.25,56,FALSE,56,low,336
Packaged Food,Maggi Ghee Tadka Upma Express Pouch,0.25,0,6,0.25,65,FALSE,65,low,390
Ice Cream & Desserts,Maggi Ghee Tadka Upma Express Pouch,0.25,0,6,0.25,65,FALSE,65,low,390
Chocolates & Candies,Maggi Ghee Tadka Upma Express Pouch,0.25,0,6,0.25,65,FALSE,65,low,390
"Dairy, Bread & Batter",Mother Dairy Toned Milk Pouch,0.25,0,4,0.25,500,FALSE,500,low,2000
Beverages,Mother Dairy Toned Milk Pouch,0.25,0,4,0.25,500,FALSE,500,low,2000
Cooking Essentials,MTR 3 Min Poha,0.25,0,6,0.25,60,FALSE,60,low,360
Munchies,MTR 3 Min Poha,0.25,0,6,0.25,60,FALSE,60,low,360
Packaged Food,MTR 3 Min Poha,0.25,0,6,0.25,60,FALSE,60,low,360
Ice Cream & Desserts,MTR 3 Min Poha,0.25,0,6,0.25,60,FALSE,60,low,360
Chocolates & Candies,MTR 3 Min Poha,0.25,0,6,0.25,60,FALSE,60,low,360
Packaged Food,MTR 3 Minute Breakfast - Magic Masala Upma,0.25,0,6,0.25,60,FALSE,60,low,360
Ice Cream & Desserts,MTR 3 Minute Breakfast - Magic Masala Upma,0.25,0,6,0.25,60,FALSE,60,low,360
Chocolates & Candies,MTR 3 Minute Breakfast - Magic Masala Upma,0.25,0,6,0.25,60,FALSE,60,low,360
Cooking Essentials,MTR Breakfast Khatta Meetha Poha Mix,0.25,20,6,0.2,60,FALSE,60,low,360
Munchies,MTR Breakfast Khatta Meetha Poha Mix,0.25,20,6,0.2,60,FALSE,60,low,360
Packaged Food,MTR Breakfast Khatta Meetha Poha Mix,0.25,20,6,0.2,60,FALSE,60,low,360
Ice Cream & Desserts,MTR Breakfast Khatta Meetha Poha Mix,0.25,20,6,0.2,60,FALSE,60,low,360
Chocolates & Candies,MTR Breakfast Khatta Meetha Poha Mix,0.25,20,6,0.2,60,FALSE,60,low,360
Packaged Food,MTR Vegetable Upma,0.25,0,0,0.25,60,TRUE,60,low,0
Ice Cream & Desserts,MTR Vegetable Upma,0.25,0,0,0.25,60,TRUE,60,low,0
Chocolates & Candies,MTR Vegetable Upma,0.25,0,0,0.25,60,TRUE,60,low,0
Home & Cleaning,Odomos Mosquito Repellent Cream,0.25,0,1,0.25,23,FALSE,25,low,23
Fruits & Vegetables,Onion,0.25,16,3,0.21,1000,FALSE,1,low,3000
Cooking Essentials,Popular Essentials Ajwain Whole,0.25,0,4,0.25,50,FALSE,50,low,200
Munchies,Popular Essentials Ajwain Whole,0.25,0,4,0.25,50,FALSE,50,low,200
Cooking Essentials,Popular Essentials Methi Seeds,0.25,0,5,0.25,100,FALSE,100,low,500
Munchies,Popular Essentials Methi Seeds,0.25,0,5,0.25,100,FALSE,100,low,500
Cooking Essentials,Popular Essentials Mustard Seeds Rai Yellow,0.25,0,5,0.25,100,FALSE,100,low,500
Munchies,Popular Essentials Mustard Seeds Rai Yellow,0.25,0,5,0.25,100,FALSE,100,low,500
Cooking Essentials,Popular Essentials Sunflower Seeds,0.25,0,6,0.25,50,FALSE,50,low,300
Munchies,Popular Essentials Sunflower Seeds,0.25,0,6,0.25,50,FALSE,50,low,300
Fruits & Vegetables,Sponge Gourd,0.25,16,2,0.21,300,FALSE,300,low,600
Biscuits,Sunfeast Nice Biscuit,0.25,12,0,0.22,150,TRUE,150,low,0
Home & Cleaning,Ujala Superme For Super Whiteness Of Clothes,0.25,0,0,0.25,75,TRUE,75,low,0
Biscuits,Unibic Cashew Cookies,0.25,8,6,0.23,75,FALSE,75,low,450
Biscuits,Unibic Choco Nut Cookies,0.25,8,0,0.23,75,TRUE,75,low,0
Biscuits,Unibic Fruit & Nut Cookies,0.25,8,3,0.23,67,FALSE,67,low,201
Biscuits,Unibic Honey Oatmeal Cookies,0.25,8,6,0.23,75,FALSE,75,low,450
Cooking Essentials,Weikfield Tomato Salsa Instant Pasta,0.25,0,1,0.25,77,FALSE,77,low,77
Munchies,Weikfield Tomato Salsa Instant Pasta,0.25,0,1,0.25,77,FALSE,77,low,77
Packaged Food,Weikfield Tomato Salsa Instant Pasta,0.25,0,1,0.25,77,FALSE,77,low,77
Ice Cream & Desserts,Weikfield Tomato Salsa Instant Pasta,0.25,0,1,0.25,77,FALSE,77,low,77
Chocolates & Candies,Weikfield Tomato Salsa Instant Pasta,0.25,0,1,0.25,77,FALSE,77,low,77
Packaged Food,Mothers Recipe Rice Papad Ajwain,0.24,0,0,0.24,75,TRUE,75,low,0
Ice Cream & Desserts,Mothers Recipe Rice Papad Ajwain,0.24,0,0,0.24,75,TRUE,75,low,0
Chocolates & Candies,Mothers Recipe Rice Papad Ajwain,0.24,0,0,0.24,75,TRUE,75,low,0
Cooking Essentials,Tata Salt,0.24,0,6,0.24,1000,FALSE,1,low,6000
Munchies,Tata Salt,0.24,0,6,0.24,1000,FALSE,1,low,6000
Fruits & Vegetables,Capsicum Green ,0.23,17,3,0.19,250,FALSE,250,low,750
Fruits & Vegetables,Lettuce Green,0.23,17,3,0.19,100,FALSE,100,low,300
Fruits & Vegetables,Radish White,0.23,17,6,0.19,500,FALSE,500,low,3000
Cooking Essentials,Satyam Puffed Rice Kurmura (R),0.23,0,6,0.23,200,FALSE,200,low,1200
Munchies,Satyam Puffed Rice Kurmura (R),0.23,0,6,0.23,200,FALSE,200,low,1200
Biscuits,Sunfeast Marie Light,0.23,13,1,0.2,200,FALSE,200,low,200
Home & Cleaning,Vim Dishwash Bar,0.23,4,0,0.22,300,TRUE,300,low,0
Cooking Essentials,Aashirvaad Iodised Salt ,0.22,13,0,0.19,1000,TRUE,1,low,0
Munchies,Aashirvaad Iodised Salt ,0.22,13,0,0.19,1000,TRUE,1,low,0
"Dairy, Bread & Batter",Britannia Pav,0.22,0,4,0.22,250,FALSE,250,low,1000
Beverages,Britannia Pav,0.22,0,4,0.22,250,FALSE,250,low,1000
Packaged Food,Maggi Imli Sauce Pichkoo,0.22,0,6,0.22,90,FALSE,90,low,540
Ice Cream & Desserts,Maggi Imli Sauce Pichkoo,0.22,0,6,0.22,90,FALSE,90,low,540
Chocolates & Candies,Maggi Imli Sauce Pichkoo,0.22,0,6,0.22,90,FALSE,90,low,540
Cooking Essentials,Weikfield Baking Powder,0.22,0,6,0.22,50,FALSE,50,low,300
Munchies,Weikfield Baking Powder,0.22,0,6,0.22,50,FALSE,50,low,300
Fruits & Vegetables,Basil,0.2,15,3,0.17,100,FALSE,100,low,300
Biscuits,Britannia Good Day Cashew Cookies,0.2,0,0,0.2,100,TRUE,100,low,0
Biscuits,Britannia Good Day Pista Badam,0.2,0,6,0.2,100,FALSE,100,low,600
Biscuits,Britannia Milk Bikis Biscuits Packet,0.2,0,3,0.2,200,FALSE,200,low,600
Biscuits,Britannia Treat Croissant Vanilla Creme Roll,0.2,10,2,0.18,47,FALSE,47,low,94
Biscuits,Britannia Treat Croissant Vanilla Creme Roll,0.2,0,6,0.2,47,FALSE,47,low,282
Personal Care,Colgate Kids 2+ Years Extra Soft Toothbrush,0.2,0,3,0.2,58,FALSE,1,low,174
Paan Corner,Colgate Kids 2+ Years Extra Soft Toothbrush,0.2,0,3,0.2,58,FALSE,1,low,174
Fruits & Vegetables,Coriander Leaves,0.2,15,3,0.17,100,FALSE,100,low,300
Packaged Food,Dabur Hommade - Imli Sauce Saunth,0.2,10,0,0.18,100,TRUE,100,low,0
Ice Cream & Desserts,Dabur Hommade - Imli Sauce Saunth,0.2,10,0,0.18,100,TRUE,100,low,0
Chocolates & Candies,Dabur Hommade - Imli Sauce Saunth,0.2,10,0,0.18,100,TRUE,100,low,0
Personal Care,Gellette Presto Ready Shaver,0.2,0,1,0.2,58,FALSE,1,low,58
Paan Corner,Gellette Presto Ready Shaver,0.2,0,1,0.2,58,FALSE,1,low,58
Packaged Food,"Kurkure Green Chutney, Rajasthani Style",0.2,0,0,0.2,90,TRUE,90,low,0
Ice Cream & Desserts,"Kurkure Green Chutney, Rajasthani Style",0.2,0,0,0.2,90,TRUE,90,low,0
Chocolates & Candies,"Kurkure Green Chutney, Rajasthani Style",0.2,0,0,0.2,90,TRUE,90,low,0
Fruits & Vegetables,Lettuce Red,0.2,15,3,0.17,100,FALSE,100,low,300
Home & Cleaning,Om Bhakti Wick for Diya - Cotton Long Batti ,0.2,0,6,0.2,75,FALSE,75,low,450
Cooking Essentials,Popular Essentials Mustard Seeds Rai Big,0.2,0,0,0.2,100,TRUE,100,low,0
Munchies,Popular Essentials Mustard Seeds Rai Big,0.2,0,0,0.2,100,TRUE,100,low,0
Cooking Essentials,Popular Essentials Mustard Seeds Rai Small,0.2,0,2,0.2,100,FALSE,100,low,200
Munchies,Popular Essentials Mustard Seeds Rai Small,0.2,0,2,0.2,100,FALSE,100,low,200
Fruits & Vegetables,Raw Banana,0.2,15,6,0.17,500,FALSE,500,low,3000
Cooking Essentials,Saffola Yummy Masala Noodles ,0.2,0,2,0.2,46,FALSE,46,low,92
Munchies,Saffola Yummy Masala Noodles ,0.2,0,2,0.2,46,FALSE,46,low,92
Packaged Food,Saffola Yummy Masala Noodles ,0.2,0,2,0.2,46,FALSE,46,low,92
Ice Cream & Desserts,Saffola Yummy Masala Noodles ,0.2,0,2,0.2,46,FALSE,46,low,92
Chocolates & Candies,Saffola Yummy Masala Noodles ,0.2,0,2,0.2,46,FALSE,46,low,92
"Dairy, Bread & Batter",The Bake Shop Burger Buns,0.2,0,0,0.2,100,TRUE,100,low,0
Beverages,The Bake Shop Burger Buns,0.2,0,0,0.2,100,TRUE,100,low,0
Cooking Essentials,Top Ramen  Noodles Curry Veg Pouch,0.2,0,1,0.2,70,FALSE,70,low,70
Munchies,Top Ramen  Noodles Curry Veg Pouch,0.2,0,1,0.2,70,FALSE,70,low,70
Packaged Food,Top Ramen  Noodles Curry Veg Pouch,0.2,0,1,0.2,70,FALSE,70,low,70
Ice Cream & Desserts,Top Ramen  Noodles Curry Veg Pouch,0.2,0,1,0.2,70,FALSE,70,low,70
Chocolates & Candies,Top Ramen  Noodles Curry Veg Pouch,0.2,0,1,0.2,70,FALSE,70,low,70
Health & Hygiene,Vicks Cough Drops Menthol,0.2,0,6,0.2,1160,FALSE,20,medium,6960
Fruits & Vegetables,Zama Organics Carrot,0.2,15,3,0.17,250,FALSE,250,low,750
Fruits & Vegetables,Baby Potato,0.19,15,3,0.16,500,FALSE,500,low,1500
Fruits & Vegetables,Brinjal Bharta,0.19,15,3,0.16,58,FALSE,1,low,174
Fruits & Vegetables,Carrot,0.19,21,3,0.15,500,FALSE,500,low,1500
Fruits & Vegetables,Chilli Green ,0.19,15,3,0.16,100,FALSE,100,low,300
Home & Cleaning,Om Bhakti Wick for Diya - Cotton Flower Batti ,0.19,0,4,0.19,60,FALSE,60,low,240
Home & Cleaning,Om Bhakti Wick for Diya - Cotton Long Batti ,0.19,0,4,0.19,50,FALSE,50,low,200
Fruits & Vegetables,Spinach,0.19,15,3,0.16,250,FALSE,250,low,750
"Dairy, Bread & Batter",Amul Delicious Fat Spread - Cholesterol Free,0.18,5,6,0.17,100,FALSE,100,low,600
Beverages,Amul Delicious Fat Spread - Cholesterol Free,0.18,5,6,0.17,100,FALSE,100,low,600
Packaged Food,Amul Delicious Fat Spread - Cholesterol Free,0.18,5,6,0.17,100,FALSE,100,low,600
Ice Cream & Desserts,Amul Delicious Fat Spread - Cholesterol Free,0.18,5,6,0.17,100,FALSE,100,low,600
Chocolates & Candies,Amul Delicious Fat Spread - Cholesterol Free,0.18,5,6,0.17,100,FALSE,100,low,600
Fruits & Vegetables,Bitter Gourd,0.18,16,3,0.15,250,FALSE,250,low,750
Fruits & Vegetables,Brinjal Small,0.18,16,3,0.15,250,FALSE,250,low,750
Cooking Essentials,Popular Essentials Plain Puffed Rice (Murmura/Muri),0.18,0,6,0.18,100,FALSE,100,low,600
Munchies,Popular Essentials Plain Puffed Rice (Murmura/Muri),0.18,0,6,0.18,100,FALSE,100,low,600
Fruits & Vegetables,Spring Onion ,0.18,16,3,0.15,250,FALSE,250,low,750
Home & Cleaning,Surf Excel Stain Eraser,0.18,0,1,0.18,150,FALSE,150,low,150
"Dairy, Bread & Batter",Britannia Fruit Bun,0.17,0,3,0.17,100,FALSE,100,low,300
Beverages,Britannia Fruit Bun,0.17,0,3,0.17,100,FALSE,100,low,300
Fruits & Vegetables,Garlic,0.17,23,3,0.13,200,FALSE,200,low,600
Fruits & Vegetables,Parsley,0.17,17,3,0.14,100,FALSE,100,low,300
Fruits & Vegetables,Beetroot,0.16,18,3,0.13,500,FALSE,500,low,1500
Home & Cleaning,Om Bhakti Cow Dung Cakes ,0.16,0,6,0.16,290,FALSE,5,low,1740
Biscuits,Bauli Moonfils - Vanilla,0.15,0,0,0.15,45,TRUE,45,low,0
Biscuits,Bauli Moonfils Choco Cream (With Egg),0.15,0,0,0.15,45,TRUE,45,low,0
Biscuits,Bauli Moonfils Choco Veg Puff Roll,0.15,0,2,0.15,45,FALSE,45,low,90
Biscuits,Bauli Moonfils Orange Puff Roll,0.15,0,0,0.15,45,TRUE,45,low,0
Biscuits,Bauli Moonfils Strawberry,0.15,0,5,0.15,45,FALSE,45,low,225
Biscuits,Bauli Moonfils Veg - Strawberry,0.15,0,5,0.15,45,FALSE,47,low,225
"Dairy, Bread & Batter",Britannia Burger Bun with Sesame Seed,0.15,0,4,0.15,100,FALSE,100,low,400
Beverages,Britannia Burger Bun with Sesame Seed,0.15,0,4,0.15,100,FALSE,100,low,400
Fruits & Vegetables,Cabbage ,0.15,13,3,0.13,58,FALSE,1,low,174
Cooking Essentials,Ching's Manchurian Instant Noodles,0.15,0,5,0.15,60,FALSE,60,low,300
Munchies,Ching's Manchurian Instant Noodles,0.15,0,5,0.15,60,FALSE,60,low,300
Packaged Food,Ching's Manchurian Instant Noodles,0.15,0,5,0.15,60,FALSE,60,low,300
Ice Cream & Desserts,Ching's Manchurian Instant Noodles,0.15,0,5,0.15,60,FALSE,60,low,300
Chocolates & Candies,Ching's Manchurian Instant Noodles,0.15,0,5,0.15,60,FALSE,60,low,300
Packaged Food,Ching's Secret Asian Hot Instant Soup,0.15,0,3,0.15,15,FALSE,15,low,45
Ice Cream & Desserts,Ching's Secret Asian Hot Instant Soup,0.15,0,3,0.15,15,FALSE,15,low,45
Chocolates & Candies,Ching's Secret Asian Hot Instant Soup,0.15,0,3,0.15,15,FALSE,15,low,45
Cooking Essentials,Ching's Secret Instant Hot Garlic Noodles,0.15,0,3,0.15,60,FALSE,60,low,180
Munchies,Ching's Secret Instant Hot Garlic Noodles,0.15,0,3,0.15,60,FALSE,60,low,180
Packaged Food,Ching's Secret Instant Hot Garlic Noodles,0.15,0,3,0.15,60,FALSE,60,low,180
Ice Cream & Desserts,Ching's Secret Instant Hot Garlic Noodles,0.15,0,3,0.15,60,FALSE,60,low,180
Chocolates & Candies,Ching's Secret Instant Hot Garlic Noodles,0.15,0,3,0.15,60,FALSE,60,low,180
Cooking Essentials,Ching's Secret Instant Schezwan Noodles,0.15,0,6,0.15,60,FALSE,60,low,360
Munchies,Ching's Secret Instant Schezwan Noodles,0.15,0,6,0.15,60,FALSE,60,low,360
Packaged Food,Ching's Secret Instant Schezwan Noodles,0.15,0,6,0.15,60,FALSE,60,low,360
Ice Cream & Desserts,Ching's Secret Instant Schezwan Noodles,0.15,0,6,0.15,60,FALSE,60,low,360
Chocolates & Candies,Ching's Secret Instant Schezwan Noodles,0.15,0,6,0.15,60,FALSE,60,low,360
Packaged Food,Ching's Secret Lemon Coriander Instant Soup,0.15,0,5,0.15,15,FALSE,15,low,75
Ice Cream & Desserts,Ching's Secret Lemon Coriander Instant Soup,0.15,0,5,0.15,15,FALSE,15,low,75
Chocolates & Candies,Ching's Secret Lemon Coriander Instant Soup,0.15,0,5,0.15,15,FALSE,15,low,75
Packaged Food,Ching's Secret Manchow Noodles Instant Soup,0.15,0,6,0.15,20,FALSE,20,low,120
Ice Cream & Desserts,Ching's Secret Manchow Noodles Instant Soup,0.15,0,6,0.15,20,FALSE,20,low,120
Chocolates & Candies,Ching's Secret Manchow Noodles Instant Soup,0.15,0,6,0.15,20,FALSE,20,low,120
Packaged Food,Ching's Secret Schezwan Fried Rice Masala,0.15,0,6,0.15,20,FALSE,20,low,120
Ice Cream & Desserts,Ching's Secret Schezwan Fried Rice Masala,0.15,0,6,0.15,20,FALSE,20,low,120
Chocolates & Candies,Ching's Secret Schezwan Fried Rice Masala,0.15,0,6,0.15,20,FALSE,20,low,120
Packaged Food,Ching's Secret Singapore Curry Instant Noodles,0.15,0,3,0.15,60,FALSE,60,low,180
Ice Cream & Desserts,Ching's Secret Singapore Curry Instant Noodles,0.15,0,3,0.15,60,FALSE,60,low,180
Chocolates & Candies,Ching's Secret Singapore Curry Instant Noodles,0.15,0,3,0.15,60,FALSE,60,low,180
Packaged Food,Ching's Secret Tomato Oats Instant Soup,0.15,0,3,0.15,20,FALSE,20,low,60
Ice Cream & Desserts,Ching's Secret Tomato Oats Instant Soup,0.15,0,3,0.15,20,FALSE,20,low,60
Chocolates & Candies,Ching's Secret Tomato Oats Instant Soup,0.15,0,3,0.15,20,FALSE,20,low,60
Cooking Essentials,Popular Essentials Coriander Seeds,0.15,0,5,0.15,50,FALSE,50,low,250
Munchies,Popular Essentials Coriander Seeds,0.15,0,5,0.15,50,FALSE,50,low,250
Cooking Essentials,Popular Essentials Misri Dana (Diamond Sugar) ,0.15,0,4,0.15,100,FALSE,100,low,400
Munchies,Popular Essentials Misri Dana (Diamond Sugar) ,0.15,0,4,0.15,100,FALSE,100,low,400
Cooking Essentials,Saffola Oats 100 % Natural,0.15,0,0,0.15,38,TRUE,38,low,0
Munchies,Saffola Oats 100 % Natural,0.15,0,0,0.15,38,TRUE,38,low,0
Packaged Food,Saffola Oats 100 % Natural,0.15,0,0,0.15,38,TRUE,38,low,0
Ice Cream & Desserts,Saffola Oats 100 % Natural,0.15,0,0,0.15,38,TRUE,38,low,0
Chocolates & Candies,Saffola Oats 100 % Natural,0.15,0,0,0.15,38,TRUE,38,low,0
Cooking Essentials,Saffola Veggie Twist Masala Oats,0.15,0,6,0.15,38,FALSE,38,low,228
Munchies,Saffola Veggie Twist Masala Oats,0.15,0,6,0.15,38,FALSE,38,low,228
Packaged Food,Saffola Veggie Twist Masala Oats,0.15,0,6,0.15,38,FALSE,38,low,228
Ice Cream & Desserts,Saffola Veggie Twist Masala Oats,0.15,0,6,0.15,38,FALSE,38,low,228
Chocolates & Candies,Saffola Veggie Twist Masala Oats,0.15,0,6,0.15,38,FALSE,38,low,228
Fruits & Vegetables,Ginger,0.14,14,3,0.12,200,FALSE,200,low,600
Fruits & Vegetables,Ladies Finger ,0.14,14,3,0.12,250,FALSE,250,low,750
Fruits & Vegetables,Carrot,0.13,15,0,0.11,250,TRUE,200,low,0
Fruits & Vegetables,Curry Leaves,0.13,15,3,0.11,50,FALSE,50,low,150
Fruits & Vegetables,Banana Leaf,0.12,16,2,0.1,58,FALSE,1,low,116
Home & Cleaning,Chakaachak Super Steel Scrubber,0.12,8,0,0.11,58,TRUE,1,low,0
Cooking Essentials,Maggi 2 Minute Masala Noodles,0.12,0,6,0.12,70,FALSE,70,low,420
Munchies,Maggi 2 Minute Masala Noodles,0.12,0,6,0.12,70,FALSE,70,low,420
Packaged Food,Maggi 2 Minute Masala Noodles,0.12,0,6,0.12,70,FALSE,70,low,420
Ice Cream & Desserts,Maggi 2 Minute Masala Noodles,0.12,0,6,0.12,70,FALSE,70,low,420
Chocolates & Candies,Maggi 2 Minute Masala Noodles,0.12,0,6,0.12,70,FALSE,70,low,420
Home & Cleaning,Om Bhakti Haldi ,0.12,0,4,0.12,15,FALSE,15,low,60
Home & Cleaning,Om Bhakti Kumkum ,0.12,0,6,0.12,15,FALSE,15,low,90
Fruits & Vegetables,Beetroot,0.11,18,0,0.09,250,TRUE,250,low,0
Fruits & Vegetables,Garlic Indian ,0.11,18,3,0.09,100,FALSE,100,low,300
Fruits & Vegetables,Mint Leaves ,0.11,18,3,0.09,100,FALSE,100,low,300
Biscuits,Britannia 50-50 Maska Chaska Biscuit,0.1,0,0,0.1,46,TRUE,45,low,0
Biscuits,Britannia Good Day Cashew Cookies,0.1,0,6,0.1,60,FALSE,58,low,360
Biscuits,Britannia Roll Yo! Choco Swiss Roll (With Egg),0.1,0,0,0.1,28,TRUE,28,low,0
Biscuits,Britannia Roll Yo! Strawberry Swiss Roll,0.1,0,0,0.1,28,TRUE,28,low,0
Cooking Essentials,Ching's Chicken Chilli Masala,0.1,0,6,0.1,20,FALSE,20,low,120
Munchies,Ching's Chicken Chilli Masala,0.1,0,6,0.1,20,FALSE,20,low,120
"Meats, Fish & Eggs",Ching's Chicken Chilli Masala,0.1,0,6,0.1,20,FALSE,20,low,120
Cooking Essentials,Ching's Chow Mein Hakka Noodles Masala,0.1,0,0,0.1,20,TRUE,20,low,0
Munchies,Ching's Chow Mein Hakka Noodles Masala,0.1,0,0,0.1,20,TRUE,20,low,0
Packaged Food,Ching's Chow Mein Hakka Noodles Masala,0.1,0,0,0.1,20,TRUE,20,low,0
Ice Cream & Desserts,Ching's Chow Mein Hakka Noodles Masala,0.1,0,0,0.1,20,TRUE,20,low,0
Chocolates & Candies,Ching's Chow Mein Hakka Noodles Masala,0.1,0,0,0.1,20,TRUE,20,low,0
Packaged Food,Chings Instant Soup - Hot & Sour,0.1,0,1,0.1,15,FALSE,15,low,15
Ice Cream & Desserts,Chings Instant Soup - Hot & Sour,0.1,0,1,0.1,15,FALSE,15,low,15
Chocolates & Candies,Chings Instant Soup - Hot & Sour,0.1,0,1,0.1,15,FALSE,15,low,15
Packaged Food,Chings Instant Soup - Sweet Corn Veg,0.1,0,2,0.1,15,FALSE,15,low,30
Ice Cream & Desserts,Chings Instant Soup - Sweet Corn Veg,0.1,0,2,0.1,15,FALSE,15,low,30
Chocolates & Candies,Chings Instant Soup - Sweet Corn Veg,0.1,0,2,0.1,15,FALSE,15,low,30
Cooking Essentials,Ching's Secret Chicken 65 Masala - Chicken,0.1,0,5,0.1,20,FALSE,20,low,100
Munchies,Ching's Secret Chicken 65 Masala - Chicken,0.1,0,5,0.1,20,FALSE,20,low,100
Packaged Food,Ching's Secret Manchow Instant Soup,0.1,0,1,0.1,15,FALSE,15,low,15
Ice Cream & Desserts,Ching's Secret Manchow Instant Soup,0.1,0,1,0.1,15,FALSE,15,low,15
Chocolates & Candies,Ching's Secret Manchow Instant Soup,0.1,0,1,0.1,15,FALSE,15,low,15
Packaged Food,Ching's Secret Mix Veg Instant Soup,0.1,0,3,0.1,15,FALSE,15,low,45
Ice Cream & Desserts,Ching's Secret Mix Veg Instant Soup,0.1,0,3,0.1,15,FALSE,15,low,45
Chocolates & Candies,Ching's Secret Mix Veg Instant Soup,0.1,0,3,0.1,15,FALSE,15,low,45
Cooking Essentials,Ching's Secret Paneer Chilli Masala,0.1,0,2,0.1,20,FALSE,20,low,40
Munchies,Ching's Secret Paneer Chilli Masala,0.1,0,2,0.1,20,FALSE,20,low,40
Packaged Food,Ching's Secret Tomato Instant Soup,0.1,0,1,0.1,16,FALSE,15,low,16
Ice Cream & Desserts,Ching's Secret Tomato Instant Soup,0.1,0,1,0.1,16,FALSE,15,low,16
Chocolates & Candies,Ching's Secret Tomato Instant Soup,0.1,0,1,0.1,16,FALSE,15,low,16
Cooking Essentials,Ching's Veg Manchurian Masala,0.1,0,2,0.1,20,FALSE,20,low,40
Munchies,Ching's Veg Manchurian Masala,0.1,0,2,0.1,20,FALSE,20,low,40
Personal Care,Godrej Nupur – 100% Pure Henna (Mehendi),0.1,0,6,0.1,18,FALSE,18,low,108
Paan Corner,Godrej Nupur – 100% Pure Henna (Mehendi),0.1,0,6,0.1,18,FALSE,18,low,108
Biscuits,Good Day Butter Cookies,0.1,0,0,0.1,75,TRUE,75,low,0
Home & Cleaning,Rin Detergent Bar,0.1,0,0,0.1,140,TRUE,140,low,0
Biscuits,Sunfeast Mom's Magic Cashew & Almond Biscuit,0.1,0,0,0.1,60,TRUE,60,low,0
